center_id,department,province,district,center_name,classification,latitude,longitude,bitel_3g_cg,bitel_3g_total,bitel_4g_cg,bitel_4g_total,bitel_5g_cg,bitel_5g_total,claro_2g_cg,claro_2g_total,claro_3g_cg,claro_3g_total,claro_4g_cg,claro_4g_total,claro_5g_cg,claro_5g_total,entel_2g_cg,entel_2g_total,entel_3g_cg,entel_3g_total,entel_4g_cg,entel_4g_total,entel_5g_cg,entel_5g_total,movistar_2g_cg,movistar_2g_total,movistar_3g_cg,movistar_3g_total,movistar_4g_cg,movistar_4g_total,bitel_2g_cg,bitel_2g_total,movistar_5g_cg,movistar_5g_total,max_4g_cg,best_operator_4g_cg,operator_count_4g_cg,max_4g_total,best_operator_4g_total,operator_count_4g_total,max_5g_cg,best_operator_5g_cg,operator_count_5g_cg,max_5g_total,best_operator_5g_total,operator_count_5g_total,guaranteed_4g_gap,total_4g_gap,total_5g_gap,competition_gap,rural_priority,priority_score,coverage_category,has_4g_guaranteed,has_5g_total
1507010001,LIMA,HUAROCHIRI,MATUCANA,MATUCANA,URBANO,-11.84471,-76.38608,0.8472145661352305,0.9938430157993455,0.9606787272484901,0.9999999766929967,0.0,0.0,0.8088010694252189,1.0,0.2973140634559476,1.0,0.1094361943563449,0.9909388208375646,0.0,0.0,0,1.0,0,0.995843970414538,0.01027182740097453,1.0,0,0.0,0.8164259541701135,0.9340373116491311,0.6482164639854372,0.7163457785121349,0.8036934238299391,0.9773978226971041,0.0,0.0,0.0,0.0,0.9606787272484901,Bitel,2,1.0,Entel,4,0.0,Bitel,0,0.0,Bitel,0,0.03932127275150987,0.0,1.0,0.0,0.0,16.77,COBERTURA ALTA,True,False
1507010002,LIMA,HUAROCHIRI,MATUCANA,CHACAYA,RURAL,-11.7779,-76.36053,0.0,0.0,0.0,0.0,0.0,0.0,0.0,0.0,0.0,0.0,0.0,0.0,0.0,0.0,0,0.5680328777981144,0,0.0,0.0,0.9324536775866029,0,0.0,0.0,0.0,0.0,0.0,0.0,0.0,0.0,0.0,0.0,0.0,0.0,Bitel,0,0.9324536775866029,Entel,1,0.0,Bitel,0,0.0,Bitel,0,1.0,0.06754632241339709,1.0,0.75,1.0,78.85,COBERTURA ALTA,False,False
1507010004,LIMA,HUAROCHIRI,MATUCANA,VILLAQUICHA,RURAL,-11.78807,-76.37014,0.0,0.0,0.0,0.0,0.0,0.0,0.0,0.0,0.0,0.0,0.0,0.0,0.0,0.0,0,1.0,0,0.0,0.0,1.0,0,0.0,0.0,0.0,0.0,0.0,0.0,0.0,0.0,0.0,0.0,0.0,0.0,Bitel,0,1.0,Entel,1,0.0,Bitel,0,0.0,Bitel,0,1.0,0.0,1.0,0.75,1.0,77.5,COBERTURA ALTA,False,False
1507010005,LIMA,HUAROCHIRI,MATUCANA,ICHOCA,RURAL,-11.80327,-76.35956,0.0,0.0,0.0,0.08522543764358032,0.0,0.0,0.0,0.0,0.0,0.0,0.0,0.0,0.0,0.0,0,0.2377786737106376,0,0.0001198199714933392,0.0,0.1857381901201915,0,0.0,0.0,0.0,0.0,0.0,0.0,0.8938653155494805,0.0,0.0,0.0,0.0,0.0,Bitel,0,0.8938653155494805,Movistar,1,0.0,Bitel,0,0.0,Bitel,0,1.0,0.10613468445051955,1.0,0.75,1.0,79.62,COBERTURA ALTA,False,False
1507010006,LIMA,HUAROCHIRI,MATUCANA,SAN JUAN DE ALLAUCA,RURAL,-11.82174,-76.3824,0.0,0.0,0.0,0.5008906854245858,0.0,0.0,0.0,0.7210158985145382,0.0,0.02067249975432224,0.0,0.0,0.0,0.0,0,1.0,0,0.0,0.0,1.0,0,0.0,0.0,0.0,0.0,0.0,0.0,0.0,0.0,0.0,0.0,0.0,0.0,Bitel,0,1.0,Entel,1,0.0,Bitel,0,0.0,Bitel,0,1.0,0.0,1.0,0.75,1.0,77.5,COBERTURA ALTA,False,False
1507010007,LIMA,HUAROCHIRI,MATUCANA,ALCACOCHA,RURAL,-11.82797,-76.38166,0.0,0.3128988018062489,0.7001347881537713,0.9999999898691536,0.0,0.0,0.0,0.9809968166684593,0.0,0.7837983793478206,0.0,0.1465395059116851,0.0,0.0,0,0.9999999981384086,0,0.08428766161571456,0.0,0.9999999981384086,0,0.0,0.0,0.0,0.0,0.0,0.0,0.0,0.0,0.0,0.0,0.0,0.7001347881537713,Bitel,0,0.9999999981384086,Entel,2,0.0,Bitel,0,0.0,Bitel,0,0.2998652118462287,1.8615914365582853e-09,1.0,0.5,1.0,43.49,COBERTURA ALTA,False,False
1507010008,LIMA,HUAROCHIRI,MATUCANA,CHICHI,RURAL,-11.83081,-76.38033,0.0,0.9603074478344071,0.9603074478344071,0.9999999966931644,0.0,0.0,0.0,0.9814145829300787,0.0,0.8719095564868495,0.0,0.3053565670789796,0.0,0.0,0,0.9999999966931644,0,0.5880682068037096,0.0,0.9999999966931644,0,0.0,0.0,0.0,0.0,0.0,0.0,0.1333832582929372,0.0,0.0,0.0,0.0,0.9603074478344071,Bitel,1,0.9999999966931644,Bitel,2,0.0,Bitel,0,0.0,Bitel,0,0.039692552165592865,3.306835583138934e-09,1.0,0.5,1.0,31.79,COBERTURA ALTA,True,False
1507010009,LIMA,HUAROCHIRI,MATUCANA,PAYHUA,RURAL,-11.82482,-76.39229,0.0,0.0,0.0,0.0,0.0,0.0,0.0,0.0,0.0,0.3472757940667585,0.0,0.3096864725494155,0.0,0.0,0,1.0,0,0.9756460460078296,0.0,1.0,0,0.0,0.0,0.0,0.0,0.0,0.0,0.0,0.0,0.0,0.0,0.0,0.0,Bitel,0,1.0,Entel,1,0.0,Bitel,0,0.0,Bitel,0,1.0,0.0,1.0,0.75,1.0,77.5,COBERTURA ALTA,False,False
1507010010,LIMA,HUAROCHIRI,MATUCANA,ANTAPIRCA,RURAL,-11.84325,-76.42909,0.0,0.0,0.0,0.0,0.0,0.0,0.0,0.2406945882564062,0.0,0.0,0.0,0.0,0.0,0.0,0,0.07701274202221348,0,0.0,0.0,0.9029214391225209,0,0.0,0.0,0.0,0.0,0.0,0.0,0.0,0.0,0.0,0.0,0.0,0.0,Bitel,0,0.9029214391225209,Entel,1,0.0,Bitel,0,0.0,Bitel,0,1.0,0.09707856087747913,1.0,0.75,1.0,79.44,COBERTURA ALTA,False,False
1507010011,LIMA,HUAROCHIRI,MATUCANA,HUACHUCANCHA,RURAL,-11.85667,-76.42409,0.0,0.007264736675726369,0.0,0.9717190081805843,0.0,0.0,0.0,1.0,0.0,0.8889211145159488,0.0,0.0,0.0,0.0,0,1.0,0,1.0,0.0,1.0,0,0.0,0.0,0.0,0.0,0.0,0.0,0.0,0.0,0.0,0.0,0.0,0.0,Bitel,0,1.0,Entel,2,0.0,Bitel,0,0.0,Bitel,0,1.0,0.0,1.0,0.5,1.0,75.0,COBERTURA ALTA,False,False
1507010012,LIMA,HUAROCHIRI,MATUCANA,COLLANA,RURAL,-11.84802,-76.41841,0.0,0.0,0.0,0.0,0.0,0.0,0.0,0.7446811168957654,0.0,0.08545134560899309,0.0,0.0,0.0,0.0,0,0.04354645573675077,0,0.0003191867766496055,0.0,0.7389718831384401,0,0.0,0.0,0.0,0.0,0.0,0.0,0.0,0.0,0.0,0.0,0.0,0.0,Bitel,0,0.7389718831384401,Entel,0,0.0,Bitel,0,0.0,Bitel,0,1.0,0.2610281168615599,1.0,1.0,1.0,85.22,COBERTURA PARCIAL,False,False
1507010013,LIMA,HUAROCHIRI,MATUCANA,CARACANCHA,RURAL,-11.85057,-76.40998,0.1552955551615539,0.5218683274673157,0.2365298892653311,0.9999999963373611,0.0,0.0,0.0,0.9999999963373349,0.0,0.9999999963372731,0.0,0.9999999963373349,0.0,0.0,0,0.9999999963373349,0,0.9999999963373349,0.0,0.999999996337335,0,0.0,0.0,0.0,0.0,0.0,0.0,0.0,0.0,0.0,0.0,0.0,0.2365298892653311,Bitel,0,0.9999999963373611,Bitel,3,0.0,Bitel,0,0.0,Bitel,0,0.7634701107346689,3.662638858870082e-09,1.0,0.25,1.0,61.86,COBERTURA ALTA,False,False
1507010014,LIMA,HUAROCHIRI,MATUCANA,MACON,RURAL,-11.85166,-76.41516,0.0,0.001996347428498749,0.001996347428498749,0.9943379835063347,0.0,0.0,0.0,0.86610891048408,0.0,0.4139861043471401,0.0,0.001025004713853048,0.0,0.0,0,0.7573234545182246,0,0.117951278569528,0.0,0.7330596645846227,0,0.0,0.0,0.0,0.0,0.0,0.0,0.0,0.0,0.0,0.0,0.0,0.001996347428498749,Bitel,0,0.9943379835063347,Bitel,1,0.0,Bitel,0,0.0,Bitel,0,0.9980036525715013,0.005662016493665267,1.0,0.75,1.0,77.52,COBERTURA ALTA,False,False
1507010015,LIMA,HUAROCHIRI,MATUCANA,COMUNPATA,RURAL,-11.85966,-76.42297,0.03987040993597131,0.525698413907277,0.4940362090194321,0.9999999545675496,0.0,0.0,0.04825849708680371,1.0,0.0,0.9257539800643277,0.0,0.525534466565579,0.0,0.0,0,1.0,0,0.7193785072054051,0.0,1.0,0,0.0,0.0,0.0,0.0,0.0,0.0,0.07613964046109026,0.0,0.0,0.0,0.0,0.4940362090194321,Bitel,0,1.0,Entel,2,0.0,Bitel,0,0.0,Bitel,0,0.5059637909805679,0.0,1.0,0.5,1.0,52.77,COBERTURA ALTA,False,False
1507010016,LIMA,HUAROCHIRI,MATUCANA,CHUCCHO,RURAL,-11.85204,-76.41561,0.0,0.1161154182316193,0.1230701271969813,0.9999998521924834,0.0,0.0,0.0,0.9322394041355413,0.0,0.6176860775406043,0.0,0.0808095861144179,0.0,0.0,0,0.8009757589948548,0,0.2420046873018432,0.0,0.8304137573652284,0,0.0,0.0,0.0,0.0,0.0,0.0,0.0,0.0,0.0,0.0,0.0,0.1230701271969813,Bitel,0,0.9999998521924834,Bitel,2,0.0,Bitel,0,0.0,Bitel,0,0.8769298728030187,1.4780751655951718e-07,1.0,0.5,1.0,69.46,COBERTURA ALTA,False,False
1507010017,LIMA,HUAROCHIRI,MATUCANA,CHALLAPE,RURAL,-11.86094,-76.41551,0.03953325667127919,0.2514317002054563,0.7654111075179398,0.9999998611744365,0.0,0.0,0.0225190264302548,1.0,0.0,1.0,0.0,0.5351808011867579,0.0,0.0,0,1.0,0,1.0,0.0,1.0,0,0.0,0.0,0.0,0.0,0.0,0.0,0.9188497857475881,0.0,0.0,0.0,0.0,0.7654111075179398,Bitel,0,1.0,Entel,3,0.0,Bitel,0,0.0,Bitel,0,0.23458889248206016,0.0,1.0,0.25,1.0,38.06,COBERTURA ALTA,False,False
1507010018,LIMA,HUAROCHIRI,MATUCANA,HUARIQUIÑA,RURAL,-11.85655,-76.40511,0.5341131533527247,0.9965030208305191,1.0,1.0,0.0,0.0,0.7878051410439211,1.0,0.0,1.0,0.0,0.9593775711034077,0.0,0.0,0,1.0,0,1.0,0.0,1.0,0,0.0,0.0,0.9397211343865736,0.0,0.0,0.7099529254349741,1.0,0.0,0.0,0.0,0.0,1.0,Bitel,1,1.0,Bitel,4,0.0,Bitel,0,0.0,Bitel,0,0.0,0.0,1.0,0.0,1.0,25.0,COBERTURA ALTA,True,False
1507010019,LIMA,HUAROCHIRI,MATUCANA,MONTERRICO,RURAL,-11.85209,-76.40242,0.3115815972341922,0.9773960072508953,0.9768446788940235,0.9999999902354217,0.0,0.0,0.7470521300265406,1.0,0.0,1.0,0.0,0.9457565223755711,0.0,0.0,0,1.0,0,1.0,0.0,1.0,0,0.0,0.0,0.3907963658793149,0.0,0.0,0.02244101426784094,0.2601649355702658,0.0,0.0,0.0,0.0,0.9768446788940235,Bitel,1,1.0,Entel,3,0.0,Bitel,0,0.0,Bitel,0,0.023155321105976512,0.0,1.0,0.25,1.0,28.54,COBERTURA ALTA,True,False
1507010020,LIMA,HUAROCHIRI,MATUCANA,MOYOC,RURAL,-11.85288,-76.40279,0.6130333926095947,0.9773959480886835,0.9768446183448134,0.9999999879371217,0.0,0.0,0.9172331736960574,1.0,0.0,1.0,0.0,1.0,0.0,0.0,0,1.0,0,1.0,0.0,1.0,0,0.0,0.0,0.5951210752882047,0.0,0.0,0.1419306270792717,0.4601768000976406,0.0,0.0,0.0,0.0,0.9768446183448134,Bitel,1,1.0,Claro,3,0.0,Bitel,0,0.0,Bitel,0,0.023155381655186602,0.0,1.0,0.25,1.0,28.54,COBERTURA ALTA,True,False
1507010021,LIMA,HUAROCHIRI,MATUCANA,PUERTO NUEVO,RURAL,-11.85268,-76.39687,0.9794140993205277,1.0,1.0,1.0,0.0,0.0,1.0,1.0,0.0,1.0,0.0,1.0,0.0,0.0,0,1.0,0,1.0,0.0,1.0,0,0.0,0.57856689578652,1.0,0.3988274640904976,0.4506171611571655,0.9712538051594798,1.0,0.0,0.0,0.0,0.0,1.0,Bitel,2,1.0,Bitel,4,0.0,Bitel,0,0.0,Bitel,0,0.0,0.0,1.0,0.0,1.0,25.0,COBERTURA ALTA,True,False
1507010022,LIMA,HUAROCHIRI,MATUCANA,CACACHAQUI,URBANO,-11.83422,-76.37483,0.4287342551040207,0.7604705266747035,0.6085234493110789,0.9999997707750029,0.0,0.0,0.4673706759402771,0.975508261132137,0.1413525024823737,0.9778271735356668,0.05490853630805901,0.9513720935497574,0.0,0.0,0,0.9999999942071077,0,0.999999994206984,0.0,0.9999999942070703,0,0.0,0.02784641991299667,0.5164696091825425,0.007213892340487336,0.03909745572173311,0.1613547316243024,0.9710646706205243,0.0,0.0,0.0,0.0,0.6085234493110789,Bitel,0,0.9999999942070703,Entel,4,0.0,Bitel,0,0.0,Bitel,0,0.39147655068892107,5.792929691494919e-09,1.0,0.0,0.0,32.62,COBERTURA ALTA,False,False
1507010024,LIMA,HUAROCHIRI,MATUCANA,CHACAHUARO,RURAL,-11.81532,-76.35687,0.03467050549054321,0.1024465743054498,0.1281994684771091,0.9999999125421838,0.0,0.0,0.0,0.4524877244510748,0.0,0.5064423402488297,0.0,0.1051766864625168,0.0,0.0,0,0.9999999952317629,0,0.9999999952317625,0.0,0.9999999952317629,0,0.0,0.0,0.0,0.0,0.0,0.0,0.0,0.0,0.0,0.0,0.0,0.1281994684771091,Bitel,0,0.9999999952317629,Entel,2,0.0,Bitel,0,0.0,Bitel,0,0.8718005315228909,4.76823713846386e-09,1.0,0.5,1.0,69.23,COBERTURA ALTA,False,False
1507010025,LIMA,HUAROCHIRI,MATUCANA,UMAZAMBA,RURAL,-11.82531,-76.35791,0.0,0.0,0.0,0.3033933946913828,0.0,0.0,0.0,0.0,0.0,0.0,0.0,0.0,0.0,0.0,0,0.9999999957320957,0,0.9999999957320999,0.0,0.9999999957320961,0,0.0,0.0,0.0,0.0,0.0,0.0,0.9999999957320957,0.0,0.0,0.0,0.0,0.0,Bitel,0,0.9999999957320961,Entel,2,0.0,Bitel,0,0.0,Bitel,0,1.0,4.2679039191639845e-09,1.0,0.5,1.0,75.0,COBERTURA ALTA,False,False
1507010026,LIMA,HUAROCHIRI,MATUCANA,YANAMA,RURAL,-11.83434,-76.35112,0.0,0.0248087367632907,0.0,0.457110403690709,0.0,0.0,0.0,0.0424570668244531,0.0,0.0,0.0,0.0,0.0,0.0,0,0.3445410090561027,0,0.2927921497225965,0.0,0.9999999949238222,0,0.0,0.0,0.0,0.0,0.0,0.0,0.0,0.0,0.0,0.0,0.0,0.0,Bitel,0,0.9999999949238222,Entel,1,0.0,Bitel,0,0.0,Bitel,0,1.0,5.076177811424998e-09,1.0,0.75,1.0,77.5,COBERTURA ALTA,False,False
1507010027,LIMA,HUAROCHIRI,MATUCANA,MARACHANCA,RURAL,-11.83838,-76.36209,0.0,0.0,0.0,0.0,0.0,0.0,0.0,0.6249024159789861,0.0,0.6249024159789861,0.0,0.3449399560319761,0.0,0.0,0,0.9938156274678747,0,0.8694677895742173,0.0,1.0,0,0.0,0.0,0.0,0.0,0.0,0.0,0.01561048122543699,0.0,0.0,0.0,0.0,0.0,Bitel,0,1.0,Entel,1,0.0,Bitel,0,0.0,Bitel,0,1.0,0.0,1.0,0.75,1.0,77.5,COBERTURA ALTA,False,False
1507010028,LIMA,HUAROCHIRI,MATUCANA,SOCA,RURAL,-11.85857,-76.36008,0.0,0.0,0.0,0.0,0.0,0.0,0.0,0.9970912807050382,0.0,0.8009778744895452,0.0,0.1573296062737713,0.0,0.0,0,0.8630523129229775,0,0.6769170880175718,0.0,0.7182301539143906,0,0.0,0.0,0.0,0.0,0.0,0.0,0.0,0.0,0.0,0.0,0.0,0.0,Bitel,0,0.7182301539143906,Entel,0,0.0,Bitel,0,0.0,Bitel,0,1.0,0.2817698460856094,1.0,1.0,1.0,85.64,COBERTURA PARCIAL,False,False
1507010029,LIMA,HUAROCHIRI,MATUCANA,PACOTUPE,RURAL,-11.86454,-76.34964,0.0,0.0,0.0,0.0,0.0,0.0,0.0,0.0,0.0,0.0,0.0,0.0,0.0,0.0,0,0.0,0,0.0,0.0,0.0,0,0.0,0.0,0.0,0.0,0.0,0.0,0.0,0.0,0.0,0.0,0.0,0.0,Bitel,0,0.0,Bitel,0,0.0,Bitel,0,0.0,Bitel,0,1.0,1.0,1.0,1.0,1.0,100.0,BRECHA CRITICA,False,False
1507010030,LIMA,HUAROCHIRI,MATUCANA,HUILLPA,RURAL,-11.86565,-76.3568,0.0,0.0,0.0,0.0,0.0,0.0,0.0,0.02067616628549894,0.0,0.0,0.0,0.0,0.0,0.0,0,0.0,0,0.0,0.0,0.212259839886657,0,0.0,0.0,0.0,0.0,0.0,0.0,0.0,0.0,0.0,0.0,0.0,0.0,Bitel,0,0.212259839886657,Entel,0,0.0,Bitel,0,0.0,Bitel,0,1.0,0.787740160113343,1.0,1.0,1.0,95.75,COBERTURA PARCIAL,False,False
1507010031,LIMA,HUAROCHIRI,MATUCANA,HUILLAQUE,RURAL,-11.86531,-76.36223,0.0,0.0,0.0,0.09358887806739562,0.0,0.0,0.0,0.04135210320643368,0.0,0.0,0.0,0.0,0.0,0.0,0,0.0,0,0.0,0.0,0.8819227955336538,0,0.0,0.0,0.0,0.0,0.0,0.0,0.0,0.0,0.0,0.0,0.0,0.0,Bitel,0,0.8819227955336538,Entel,1,0.0,Bitel,0,0.0,Bitel,0,1.0,0.11807720446634618,1.0,0.75,1.0,79.86,COBERTURA ALTA,False,False
1507010032,LIMA,HUAROCHIRI,MATUCANA,HUILLAMARCA,RURAL,-11.86912,-76.35726,0.0,0.0,0.0,0.0,0.0,0.0,0.0,0.0,0.0,0.0,0.0,0.0,0.0,0.0,0,0.0,0,0.0,0.0,0.561520099523913,0,0.0,0.0,0.0,0.0,0.0,0.0,0.0,0.0,0.0,0.0,0.0,0.0,Bitel,0,0.561520099523913,Entel,0,0.0,Bitel,0,0.0,Bitel,0,1.0,0.438479900476087,1.0,1.0,1.0,88.77,COBERTURA PARCIAL,False,False
1507010033,LIMA,HUAROCHIRI,MATUCANA,BARRANCO,RURAL,-11.86847,-76.34868,0.0,0.0,0.0,0.0,0.0,0.0,0.0,0.0,0.0,0.0,0.0,0.0,0.0,0.0,0,0.0,0,0.0,0.0,0.0,0,0.0,0.0,0.0,0.0,0.0,0.0,0.0,0.0,0.0,0.0,0.0,0.0,Bitel,0,0.0,Bitel,0,0.0,Bitel,0,0.0,Bitel,0,1.0,1.0,1.0,1.0,1.0,100.0,BRECHA CRITICA,False,False
1507010034,LIMA,HUAROCHIRI,MATUCANA,HUILLPA CHICO,RURAL,-11.87333,-76.35835,0.0,0.0,0.0,0.0,0.0,0.0,0.0,0.0,0.0,0.0,0.0,0.0,0.0,0.0,0,0.0,0,0.0,0.0,0.6285159627308134,0,0.0,0.0,0.0,0.0,0.0,0.0,0.0,0.0,0.0,0.0,0.0,0.0,Bitel,0,0.6285159627308134,Entel,0,0.0,Bitel,0,0.0,Bitel,0,1.0,0.37148403726918655,1.0,1.0,1.0,87.43,COBERTURA PARCIAL,False,False
1507010035,LIMA,HUAROCHIRI,MATUCANA,HUANARCA,RURAL,-11.87381,-76.35795,0.0,0.0,0.0,0.0,0.0,0.0,0.0,0.0,0.0,0.0,0.0,0.0,0.0,0.0,0,0.0,0,0.0,0.0,0.583777342625765,0,0.0,0.0,0.0,0.0,0.0,0.0,0.0,0.0,0.0,0.0,0.0,0.0,Bitel,0,0.583777342625765,Entel,0,0.0,Bitel,0,0.0,Bitel,0,1.0,0.416222657374235,1.0,1.0,1.0,88.32,COBERTURA PARCIAL,False,False
1507010036,LIMA,HUAROCHIRI,MATUCANA,MUYO MUYO,RURAL,-11.88195,-76.35652,0.0,0.0,0.0,0.0,0.0,0.0,0.0,0.0,0.0,0.0,0.0,0.0,0.0,0.0,0,0.0,0,0.0,0.0,0.8011196692588213,0,0.0,0.0,0.0,0.0,0.0,0.0,0.0,0.0,0.0,0.0,0.0,0.0,Bitel,0,0.8011196692588213,Entel,1,0.0,Bitel,0,0.0,Bitel,0,1.0,0.19888033074117872,1.0,0.75,1.0,81.48,COBERTURA ALTA,False,False
1507010037,LIMA,HUAROCHIRI,MATUCANA,CAMARON CORRAL,RURAL,-11.87958,-76.34829,0.0,0.0,0.0,0.0,0.0,0.0,0.0,0.0,0.0,0.0,0.0,0.0,0.0,0.0,0,0.0,0,0.0,0.0,0.02067594952676276,0,0.0,0.0,0.0,0.0,0.0,0.0,0.0,0.0,0.0,0.0,0.0,0.0,Bitel,0,0.02067594952676276,Entel,0,0.0,Bitel,0,0.0,Bitel,0,1.0,0.9793240504732372,1.0,1.0,1.0,99.59,BRECHA CRITICA,False,False
1507010040,LIMA,HUAROCHIRI,MATUCANA,COCHOMA,RURAL,-11.86055,-76.37675,0.0,0.0,0.0,0.2173743788026239,0.0,0.0,0.0,0.03698381902908149,0.0,0.0,0.0,0.0,0.0,0.0,0,0.9999999985291003,0,0.0,0.0,0.9999999985294904,0,0.0,0.0,0.0,0.0,0.0,0.0,0.0,0.0,0.0,0.0,0.0,0.0,Bitel,0,0.9999999985294904,Entel,1,0.0,Bitel,0,0.0,Bitel,0,1.0,1.4705096029743459e-09,1.0,0.75,1.0,77.5,COBERTURA ALTA,False,False
1507010041,LIMA,HUAROCHIRI,MATUCANA,FRAYLER,RURAL,-11.86873,-76.33785,0.0,0.0,0.0,0.0,0.0,0.0,0.0,0.0,0.0,0.0,0.0,0.0,0.0,0.0,0,0.0,0,0.0,0.0,0.0,0,0.0,0.0,0.0,0.0,0.0,0.0,0.0,0.0,0.0,0.0,0.0,0.0,Bitel,0,0.0,Bitel,0,0.0,Bitel,0,0.0,Bitel,0,1.0,1.0,1.0,1.0,1.0,100.0,BRECHA CRITICA,False,False
1507010042,LIMA,HUAROCHIRI,MATUCANA,ANTAHUACA,RURAL,-11.85997,-76.3806,0.0,0.0,0.0,0.2346264521484811,0.0,0.0,0.0,0.4048608173201714,0.0,0.005762186160377979,0.0,0.0,0.0,0.0,0,0.9999999894780762,0,0.2812043878288613,0.0,0.9999999894780764,0,0.0,0.0,0.0,0.0,0.0,0.0,0.0,0.0,0.0,0.0,0.0,0.0,Bitel,0,0.9999999894780764,Entel,1,0.0,Bitel,0,0.0,Bitel,0,1.0,1.0521923554662749e-08,1.0,0.75,1.0,77.5,COBERTURA ALTA,False,False
1507010043,LIMA,HUAROCHIRI,MATUCANA,MARCAHUAY,RURAL,-11.87846,-76.35831,0.0,0.0,0.0,0.0,0.0,0.0,0.0,0.0,0.0,0.0,0.0,0.0,0.0,0.0,0,0.0,0,0.0,0.0,1.0,0,0.0,0.0,0.0,0.0,0.0,0.0,0.0,0.0,0.0,0.0,0.0,0.0,Bitel,0,1.0,Entel,1,0.0,Bitel,0,0.0,Bitel,0,1.0,0.0,1.0,0.75,1.0,77.5,COBERTURA ALTA,False,False
1507010044,LIMA,HUAROCHIRI,MATUCANA,APTOS,RURAL,-11.87238,-76.36831,0.0,0.0,0.0,0.0,0.0,0.0,0.0,0.0,0.0,0.0,0.0,0.0,0.0,0.0,0,0.0,0,0.0,0.0,0.1504599024304983,0,0.0,0.0,0.0,0.0,0.0,0.0,0.0,0.0,0.0,0.0,0.0,0.0,Bitel,0,0.1504599024304983,Entel,0,0.0,Bitel,0,0.0,Bitel,0,1.0,0.8495400975695017,1.0,1.0,1.0,96.99,BRECHA CRITICA,False,False
1507010045,LIMA,HUAROCHIRI,MATUCANA,CUTUCANCHA,RURAL,-11.86825,-76.39745,0.0,0.0,0.0,0.0,0.0,0.0,0.0,1.0,0.0,1.0,0.0,0.9490846077590812,0.0,0.0,0,1.0,0,1.0,0.0,1.0,0,0.0,0.0,0.0,0.0,0.0,0.0,0.7045305440439448,0.0,0.0,0.0,0.0,0.0,Bitel,0,1.0,Entel,2,0.0,Bitel,0,0.0,Bitel,0,1.0,0.0,1.0,0.5,1.0,75.0,COBERTURA ALTA,False,False
1507010046,LIMA,HUAROCHIRI,MATUCANA,MORALLA,RURAL,-11.88578,-76.39602,0.0,0.0,0.0,0.0,0.0,0.0,0.0,0.0,0.0,0.0,0.0,0.0,0.0,0.0,0,0.0,0,0.0,0.0,0.0,0,0.0,0.0,0.0,0.0,0.0,0.0,0.0,0.0,0.0,0.0,0.0,0.0,Bitel,0,0.0,Bitel,0,0.0,Bitel,0,0.0,Bitel,0,1.0,1.0,1.0,1.0,1.0,100.0,BRECHA CRITICA,False,False
1507010047,LIMA,HUAROCHIRI,MATUCANA,TAMBO,RURAL,-11.8788,-76.39149,0.0,0.0,0.0,0.0,0.0,0.0,0.0,1.0,0.0,0.0,0.0,0.0,0.0,0.0,0,0.8758394981021967,0,1.0,0.0,0.9793237125517262,0,0.0,0.0,0.0,0.0,0.0,0.0,0.0,0.0,0.0,0.0,0.0,0.0,Bitel,0,0.9793237125517262,Entel,1,0.0,Bitel,0,0.0,Bitel,0,1.0,0.020676287448273767,1.0,0.75,1.0,77.91,COBERTURA ALTA,False,False
1507010048,LIMA,HUAROCHIRI,MATUCANA,HUAQUISCANCHA,RURAL,-11.89557,-76.38722,0.0,0.0,0.0,0.0,0.0,0.0,0.0,0.0,0.0,0.0,0.0,0.0,0.0,0.0,0,0.01198602758114199,0,0.0,0.0,0.002289806917624543,0,0.0,0.0,0.0,0.0,0.0,0.0,0.0,0.0,0.0,0.0,0.0,0.0,Bitel,0,0.002289806917624543,Entel,0,0.0,Bitel,0,0.0,Bitel,0,1.0,0.9977101930823754,1.0,1.0,1.0,99.95,BRECHA CRITICA,False,False
1507010049,LIMA,HUAROCHIRI,MATUCANA,LAGUNA,RURAL,-11.88036,-76.40311,0.0,0.0,0.0,0.0,0.0,0.0,0.0,0.6601583606112807,0.0,0.2276080356318223,0.0,0.0267647713069844,0.0,0.0,0,0.7698986502010107,0,0.7284916612035766,0.0,0.9993321547731983,0,0.0,0.0,0.0,0.0,0.0,0.0,0.0,0.0,0.0,0.0,0.0,0.0,Bitel,0,0.9993321547731983,Entel,1,0.0,Bitel,0,0.0,Bitel,0,1.0,0.0006678452268017443,1.0,0.75,1.0,77.51,COBERTURA ALTA,False,False
1507010050,LIMA,HUAROCHIRI,MATUCANA,CANTADA,RURAL,-11.90736,-76.38599,0.0,0.0,0.0,0.0,0.0,0.0,0.0,0.0,0.0,0.0,0.0,0.0,0.0,0.0,0,0.0,0,0.0,0.0,0.0,0,0.0,0.0,0.0,0.0,0.0,0.0,0.0,0.0,0.0,0.0,0.0,0.0,Bitel,0,0.0,Bitel,0,0.0,Bitel,0,0.0,Bitel,0,1.0,1.0,1.0,1.0,1.0,100.0,BRECHA CRITICA,False,False
1507010051,LIMA,HUAROCHIRI,MATUCANA,CHURUNCANCHA,RURAL,-11.85454,-76.37806,0.0,0.0,0.0,0.004557360393034035,0.0,0.0,0.0,0.8844319749779043,0.0,0.5288050878477288,0.0,0.06492596671897409,0.0,0.0,0,1.0,0,0.6287111601022531,0.0,1.0,0,0.0,0.0,0.0,0.0,0.0,0.0,0.0,0.0,0.0,0.0,0.0,0.0,Bitel,0,1.0,Entel,1,0.0,Bitel,0,0.0,Bitel,0,1.0,0.0,1.0,0.75,1.0,77.5,COBERTURA ALTA,False,False
1507010053,LIMA,HUAROCHIRI,MATUCANA,EDUARDO DE HABICH,RURAL,-11.86396,-76.4235,0.2277096558279217,0.7036051824666777,0.8604879999637101,0.9999999336956416,0.0,0.0,0.2860964576812403,1.0,0.0,0.9630812409495515,0.0,0.5936076859106616,0.0,0.0,0,1.0,0,1.0,0.0,1.0,0,0.0,0.0,0.0,0.0,0.0,0.0,1.0,0.0,0.0,0.0,0.0,0.8604879999637101,Bitel,1,1.0,Entel,3,0.0,Bitel,0,0.0,Bitel,0,0.13951200003628994,0.0,1.0,0.25,1.0,33.78,COBERTURA ALTA,True,False
1507020001,LIMA,HUAROCHIRI,ANTIOQUIA,ANTIOQUIA,URBANO,-12.08035,-76.50982,0.0,0.0,0.0,0.0,0.0,0.0,0.0,0.06479918354751064,0.0,0.9999999977437708,0.0,0.9999999977437725,0.0,0.0,0,0.0,0,0.0,0.0,0.0,0,0.0,0.9170972056675816,0.9999999977433854,0.4460510698484374,0.9521170009325337,0.05394415917721963,0.9999999977439606,0.0,0.0,0.0,0.0,0.05394415917721963,Movistar,0,0.9999999977439606,Movistar,2,0.0,Bitel,0,0.0,Bitel,0,0.9460558408227804,2.2560393553305857e-09,1.0,0.5,0.0,62.57,COBERTURA ALTA,False,False
1507020002,LIMA,HUAROCHIRI,ANTIOQUIA,SANTA ROSA DE CHONTAY (CHONTAY),RURAL,-12.03489,-76.71098,1.0,1.0,0.0,0.0,0.0,0.0,0.0,1.0,0.0,1.0,0.0,1.0,1.0,1.0,0,0.03965708032529568,0,1.0,0.0,0.9586468964976924,0,0.0,0.4995451668756978,1.0,0.3359029893137341,0.6640836467491964,1.0,1.0,0.0,0.0,0.0,0.0,1.0,Movistar,1,1.0,Claro,3,1.0,Claro,1,1.0,Claro,1,0.0,0.0,0.0,0.25,1.0,12.5,COBERTURA ALTA,True,True
1507020004,LIMA,HUAROCHIRI,ANTIOQUIA,SAN MARTIN,RURAL,-12.027,-76.68877,0.0,0.0,0.03641227349136199,0.7329221113099789,0.0,0.0,0.0,0.2604841577350443,0.0,0.01953439731809725,0.0,0.003871290357113498,0.0,0.7715311751627117,0,0.0,0,0.8779904490560653,0.0,0.6166382760275246,0,0.0,0.0,0.364522088697458,0.0,0.0,0.0,0.150432118318692,0.0,0.0,0.0,0.0,0.03641227349136199,Bitel,0,0.7329221113099789,Bitel,0,0.0,Bitel,0,0.7715311751627117,Claro,0,0.963587726508638,0.26707788869002114,0.22846882483728825,1.0,1.0,72.13,COBERTURA PARCIAL,False,False
1507020005,LIMA,HUAROCHIRI,ANTIOQUIA,BALCONCILLO DE AVIYAY,RURAL,-12.01948,-76.64415,0.0,0.0,0.0,0.0,0.0,0.0,0.0,0.0,0.0,0.0,0.0,0.0,0.0,0.0,0,0.0,0,0.0,0.0,0.0,0,0.0,0.9999999999447013,0.9999999999447013,0.0,0.0,0.0,0.0,0.0,0.0,0.0,0.0,0.0,Bitel,0,0.0,Bitel,0,0.0,Bitel,0,0.0,Bitel,0,1.0,1.0,1.0,1.0,1.0,100.0,BRECHA CRITICA,False,False
1507020006,LIMA,HUAROCHIRI,ANTIOQUIA,CAMPAMENTO MINISTERIO DE TRANSPORTES Y COMUN,RURAL,-12.02593,-76.67583,0.0,0.0,0.3796755811360564,1.0,0.0,0.0,0.0,0.02068223611667237,0.0,0.0,0.0,0.0,0.0,0.3789844224316514,0,0.0,0,0.1151002832500137,0.0,0.08596982490562123,0,0.0,0.0,0.6740289198450782,0.0,0.0,0.0,0.0,0.0,0.0,0.0,0.0,0.3796755811360564,Bitel,0,1.0,Bitel,1,0.0,Bitel,0,0.3789844224316514,Claro,0,0.6203244188639436,0.0,0.6210155775683486,0.75,1.0,54.73,COBERTURA ALTA,False,False
1507020007,LIMA,HUAROCHIRI,ANTIOQUIA,VICHUYA,RURAL,-12.02829,-76.68559,0.0,0.0,0.0,0.6971212588558038,0.0,0.0,0.0,0.1636494246306114,0.0,0.02068221389349285,0.0,0.02068221389349285,0.0,0.5139084846122569,0,0.0,0,0.01922383932943413,0.0,0.0,0,0.0,0.0,0.7241942314685262,0.0,0.0,0.0,0.0,0.0,0.0,0.0,0.0,0.0,Bitel,0,0.6971212588558038,Bitel,0,0.0,Bitel,0,0.5139084846122569,Claro,0,1.0,0.3028787411441962,0.4860915153877431,1.0,1.0,78.35,COBERTURA PARCIAL,False,False
1507020008,LIMA,HUAROCHIRI,ANTIOQUIA,BALCONCILLO DE LAS PALMAS,RURAL,-12.02601,-76.66038,0.1051021941662681,0.2224512099056013,0.0512955182249333,0.1993021055824141,0.0,0.0,0.0,0.0,0.0,0.0,0.0,0.0,0.0,0.0,0,0.0,0,0.0,0.0,0.0,0,0.0,0.0,1.0,0.0,0.0,0.0,0.0,0.0,0.0,0.0,0.0,0.0512955182249333,Bitel,0,0.1993021055824141,Bitel,0,0.0,Bitel,0,0.0,Bitel,0,0.9487044817750667,0.8006978944175859,1.0,1.0,1.0,93.71,BRECHA CRITICA,False,False
1507020009,LIMA,HUAROCHIRI,ANTIOQUIA,NIEVE NIEVE,RURAL,-12.02554,-76.67196,0.008021515192600767,0.4465991759766376,0.8672801772835412,1.0,0.0,0.0,0.0,0.01214310018342189,0.0,0.0,0.0,0.0,0.0,0.2060035027040756,0,0.0,0,0.02140724100330853,0.0,0.007998343519029933,0,0.0,0.0,0.6784135712140722,0.0,0.0,0.0,0.0,0.0,0.0,0.0,0.0,0.8672801772835412,Bitel,1,1.0,Bitel,1,0.0,Bitel,0,0.2060035027040756,Claro,0,0.13271982271645877,0.0,0.7939964972959244,0.75,1.0,35.38,COBERTURA ALTA,True,False
1507020010,LIMA,HUAROCHIRI,ANTIOQUIA,CANTURIA,RURAL,-12.02356,-76.6581,0.0,0.0,0.0,0.0,0.0,0.0,0.0,0.0,0.0,0.0,0.0,0.0,0.0,0.0,0,0.0,0,0.0,0.0,0.07361491759763593,0,0.0,0.08567244612745334,1.0,0.0,0.0,0.0,0.0,0.0,0.0,0.0,0.0,0.0,Bitel,0,0.07361491759763593,Entel,0,0.0,Bitel,0,0.0,Bitel,0,1.0,0.9263850824023641,1.0,1.0,1.0,98.53,BRECHA CRITICA,False,False
1507020011,LIMA,HUAROCHIRI,ANTIOQUIA,SISICAYA,RURAL,-12.01961,-76.64435,0.0,0.0,0.0,0.0,0.0,0.0,0.0,0.0,0.0,0.0,0.0,0.0,0.0,0.0,0,0.0,0,0.0,0.0,0.0,0,0.0,0.9999999993229526,0.9999999993229526,0.0,0.0,0.0,0.0,0.0,0.0,0.0,0.0,0.0,Bitel,0,0.0,Bitel,0,0.0,Bitel,0,0.0,Bitel,0,1.0,1.0,1.0,1.0,1.0,100.0,BRECHA CRITICA,False,False
1507020012,LIMA,HUAROCHIRI,ANTIOQUIA,PAMPA SISICAYA,RURAL,-12.02711,-76.63101,0.0,0.0,0.0,0.0,0.0,0.0,0.0,0.0,0.0,0.0,0.0,0.0,0.0,0.0,0,0.0,0,0.0,0.0,0.0,0,0.0,0.0,1.0,0.0,0.0,0.0,0.0,0.0,0.0,0.0,0.0,0.0,Bitel,0,0.0,Bitel,0,0.0,Bitel,0,0.0,Bitel,0,1.0,1.0,1.0,1.0,1.0,100.0,BRECHA CRITICA,False,False
1507020013,LIMA,HUAROCHIRI,ANTIOQUIA,ANTAPUCRO,RURAL,-12.03256,-76.62031,0.0,0.0,0.0,0.0,0.0,0.0,0.0,0.0,0.0,0.0,0.0,0.0,0.0,0.0,0,0.0,0,0.0,0.0,0.0,0,0.0,0.0,0.102682899768482,0.0,0.0,0.0,0.0,0.0,0.0,0.0,0.0,0.0,Bitel,0,0.0,Bitel,0,0.0,Bitel,0,0.0,Bitel,0,1.0,1.0,1.0,1.0,1.0,100.0,BRECHA CRITICA,False,False
1507020014,LIMA,HUAROCHIRI,ANTIOQUIA,CHILLACO,RURAL,-12.03766,-76.59277,0.0,0.0,0.0,0.0,0.0,0.0,0.0,0.0,0.0,0.0,0.0,0.0,0.0,0.0,0,0.0,0,0.0,0.0,0.0,0,0.0,0.0,0.006619124500595012,0.0,0.0,0.0,0.0,0.0,0.0,0.0,0.0,0.0,Bitel,0,0.0,Bitel,0,0.0,Bitel,0,0.0,Bitel,0,1.0,1.0,1.0,1.0,1.0,100.0,BRECHA CRITICA,False,False
1507020015,LIMA,HUAROCHIRI,ANTIOQUIA,ORCORURE,RURAL,-12.04533,-76.57169,0.0,0.0,0.0,0.0,0.0,0.0,0.0,0.0,0.0,0.01762886482315998,0.0,0.0,0.0,0.0,0,0.0,0,0.0,0.0,0.0,0,0.0,0.0,0.2904603538005945,0.0,0.0,0.0,0.0,0.0,0.0,0.0,0.0,0.0,Bitel,0,0.0,Bitel,0,0.0,Bitel,0,0.0,Bitel,0,1.0,1.0,1.0,1.0,1.0,100.0,BRECHA CRITICA,False,False
1507020016,LIMA,HUAROCHIRI,ANTIOQUIA,PALMA DERECHA,RURAL,-12.04794,-76.56804,0.0,0.0,0.0,0.0,0.0,0.0,0.0,0.0,0.0,0.0,0.0,0.0,0.0,0.0,0,0.0,0,0.0,0.0,0.0,0,0.0,0.0,0.07422763118874406,0.0,0.0,0.0,0.0,0.0,0.0,0.0,0.0,0.0,Bitel,0,0.0,Bitel,0,0.0,Bitel,0,0.0,Bitel,0,1.0,1.0,1.0,1.0,1.0,100.0,BRECHA CRITICA,False,False
1507020017,LIMA,HUAROCHIRI,ANTIOQUIA,PALMA IZQUIERDA,RURAL,-12.04909,-76.56566,0.0,0.0,0.0,0.0,0.0,0.0,0.0,0.0,0.0,0.0,0.0,0.0,0.0,0.0,0,0.0,0,0.0,0.0,0.0,0,0.0,0.0,0.01974376534069205,0.0,0.0,0.0,0.0,0.0,0.0,0.0,0.0,0.0,Bitel,0,0.0,Bitel,0,0.0,Bitel,0,0.0,Bitel,0,1.0,1.0,1.0,1.0,1.0,100.0,BRECHA CRITICA,False,False
1507020018,LIMA,HUAROCHIRI,ANTIOQUIA,PACASHUAYQUE,RURAL,-12.05636,-76.54565,0.0,0.0,0.0,0.0,0.0,0.0,0.0,0.0,0.0,0.0,0.0,0.0,0.0,0.0,0,0.0,0,0.0,0.0,0.0,0,0.0,0.0,0.5082536036045858,0.0,0.0,0.0,0.351198902022353,0.0,0.0,0.0,0.0,0.0,Bitel,0,0.351198902022353,Movistar,0,0.0,Bitel,0,0.0,Bitel,0,1.0,0.6488010979776471,1.0,1.0,1.0,92.98,COBERTURA PARCIAL,False,False
1507020019,LIMA,HUAROCHIRI,ANTIOQUIA,VILCATAURE,RURAL,-12.0629,-76.53548,0.0,0.0,0.0,0.0,0.0,0.0,0.0,0.0,0.0,0.2037685538094667,0.0,0.02979038082608396,0.0,0.0,0,0.0,0,0.0,0.0,0.0,0,0.0,0.0,0.6058751143879263,0.0,0.0,0.0,0.4314997438604151,0.0,0.0,0.0,0.0,0.0,Bitel,0,0.4314997438604151,Movistar,0,0.0,Bitel,0,0.0,Bitel,0,1.0,0.5685002561395849,1.0,1.0,1.0,91.37,COBERTURA PARCIAL,False,False
1507020020,LIMA,HUAROCHIRI,ANTIOQUIA,CHAMANA,RURAL,-12.06342,-76.53225,0.0,0.0,0.0,0.0,0.0,0.0,0.0,0.0,0.0,0.675999495099059,0.0,0.3357170626036635,0.0,0.0,0,0.0,0,0.0,0.0,0.0,0,0.0,0.0,0.9316625756156003,0.0,0.0,0.0,0.9471038177321167,0.0,0.0,0.0,0.0,0.0,Bitel,0,0.9471038177321167,Movistar,1,0.0,Bitel,0,0.0,Bitel,0,1.0,0.052896182267883285,1.0,0.75,1.0,78.56,COBERTURA ALTA,False,False
1507020021,LIMA,HUAROCHIRI,ANTIOQUIA,PAYACACHE,RURAL,-12.05033,-76.48569,0.0,0.0,0.0,0.0,0.0,0.0,0.0,0.736573202236169,0.0,0.35640670040853,0.0,0.0,0.0,0.0,0,0.0,0,0.0,0.0,0.0,0,0.0,0.0,0.9999999997402125,0.0,0.0,0.0,0.0,0.0,0.0,0.0,0.0,0.0,Bitel,0,0.0,Bitel,0,0.0,Bitel,0,0.0,Bitel,0,1.0,1.0,1.0,1.0,1.0,100.0,BRECHA CRITICA,False,False
1507020022,LIMA,HUAROCHIRI,ANTIOQUIA,PICUYA,RURAL,-12.06737,-76.52404,0.0,0.0,0.0,0.0,0.0,0.0,0.0,0.0,0.0,0.830204362166175,0.0,0.4330635508451737,0.0,0.0,0,0.0,0,0.0,0.0,0.0,0,0.0,0.0,1.0,0.0,0.0,0.0,1.0,0.0,0.0,0.0,0.0,0.0,Bitel,0,1.0,Movistar,1,0.0,Bitel,0,0.0,Bitel,0,1.0,0.0,1.0,0.75,1.0,77.5,COBERTURA ALTA,False,False
1507020023,LIMA,HUAROCHIRI,ANTIOQUIA,TANQUIRE,RURAL,-12.06961,-76.51832,0.0,0.0,0.0,0.0,0.0,0.0,0.0,0.0,0.0,0.3238666431025591,0.0,0.0,0.0,0.0,0,0.0,0,0.0,0.0,0.0,0,0.0,0.0,0.9999999985947114,0.0,0.0,0.0,0.999999998594708,0.0,0.0,0.0,0.0,0.0,Bitel,0,0.999999998594708,Movistar,1,0.0,Bitel,0,0.0,Bitel,0,1.0,1.4052919938833952e-09,1.0,0.75,1.0,77.5,COBERTURA ALTA,False,False
1507020024,LIMA,HUAROCHIRI,ANTIOQUIA,ESQUINA,RURAL,-12.0754,-76.51425,0.0,0.0,0.0,0.0,0.0,0.0,0.0,0.0,0.0,0.4320262826195739,0.0,0.1569116094879641,0.0,0.0,0,0.0,0,0.0,0.0,0.0,0,0.0,0.06439478761164204,0.9900692370795952,0.0,0.09678244060124928,0.0,0.9735179697062393,0.0,0.0,0.0,0.0,0.0,Bitel,0,0.9735179697062393,Movistar,1,0.0,Bitel,0,0.0,Bitel,0,1.0,0.026482030293760728,1.0,0.75,1.0,78.03,COBERTURA ALTA,False,False
1507020025,LIMA,HUAROCHIRI,ANTIOQUIA,CALLESQUINA,RURAL,-12.08837,-76.51262,0.0,0.0,0.0,0.0,0.0,0.0,0.0,0.2664102726113842,0.0,0.9999999949032987,0.0,0.9999999949032987,0.0,0.0,0,0.0,0,0.0,0.0,0.8296234254300031,0,0.0,0.1692094041606547,0.999999994903296,0.0,0.3180744085255125,0.0,0.9999999949032987,0.0,0.0,0.0,0.0,0.0,Bitel,0,0.9999999949032987,Claro,3,0.0,Bitel,0,0.0,Bitel,0,1.0,5.096701283235916e-09,1.0,0.25,1.0,72.5,COBERTURA ALTA,False,False
1507020027,LIMA,HUAROCHIRI,ANTIOQUIA,PICHIHUAYQUE,RURAL,-12.10187,-76.50986,0.0,0.0,0.0,0.0,0.0,0.0,0.0,0.0,0.0,0.0208305482195045,0.0,0.005972337046774992,0.0,0.0,0,0.0,0,0.0,0.0,0.0,0,0.0,0.0,0.9193133720791019,0.0,0.0,0.0,0.9999999953319715,0.0,0.0,0.0,0.0,0.0,Bitel,0,0.9999999953319715,Movistar,1,0.0,Bitel,0,0.0,Bitel,0,1.0,4.668028519283496e-09,1.0,0.75,1.0,77.5,COBERTURA ALTA,False,False
1507020028,LIMA,HUAROCHIRI,ANTIOQUIA,LACAPUCIO,RURAL,-12.10261,-76.50987,0.0,0.0,0.0,0.0,0.0,0.0,0.0,0.0,0.0,0.05475788274917238,0.0,0.033129243466289,0.0,0.0,0,0.0,0,0.0,0.0,0.0,0,0.0,0.0,0.8710578121665433,0.0,0.0,0.0,0.9999999973488741,0.0,0.0,0.0,0.0,0.0,Bitel,0,0.9999999973488741,Movistar,1,0.0,Bitel,0,0.0,Bitel,0,1.0,2.6511258743866506e-09,1.0,0.75,1.0,77.5,COBERTURA ALTA,False,False
1507020029,LIMA,HUAROCHIRI,ANTIOQUIA,COCHAHUAYCO,RURAL,-12.09102,-76.50559,0.0,0.0,0.0,0.0,0.0,0.0,0.0,0.3757440638556794,0.0,1.0,0.0,0.9999876378547276,0.0,0.0,0,0.0,0,0.0,0.0,0.9408356153506349,0,0.0,0.0,1.0,0.0,0.0,0.0,1.0,0.0,0.0,0.0,0.0,0.0,Bitel,0,1.0,Movistar,3,0.0,Bitel,0,0.0,Bitel,0,1.0,0.0,1.0,0.25,1.0,72.5,COBERTURA ALTA,False,False
1507020032,LIMA,HUAROCHIRI,ANTIOQUIA,CUTAMA,RURAL,-12.0971,-76.48874,0.0,0.0,0.0,0.0,0.0,0.0,0.0,0.7321473364884586,0.0,0.570673147376012,0.0,0.1875957097852002,0.0,0.0,0,0.0,0,0.0,0.0,0.3313650221711721,0,0.0,0.0,1.0,0.0,0.0,0.0,1.0,0.0,0.0,0.0,0.0,0.0,Bitel,0,1.0,Movistar,1,0.0,Bitel,0,0.0,Bitel,0,1.0,0.0,1.0,0.75,1.0,77.5,COBERTURA ALTA,False,False
1507020033,LIMA,HUAROCHIRI,ANTIOQUIA,VILLA PAMPILLA,RURAL,-12.0961,-76.49282,0.0,0.0,0.0,0.0,0.0,0.0,0.0,0.5473264305742594,0.0,0.4470311332372958,0.0,0.1378663123990186,0.0,0.0,0,0.0,0,0.0,0.0,0.4201391180325724,0,0.0,0.0,0.9842806998120215,0.0,0.0,0.0,1.0,0.0,0.0,0.0,0.0,0.0,Bitel,0,1.0,Movistar,1,0.0,Bitel,0,0.0,Bitel,0,1.0,0.0,1.0,0.75,1.0,77.5,COBERTURA ALTA,False,False
1507020034,LIMA,HUAROCHIRI,ANTIOQUIA,EL PINO,RURAL,-12.09621,-76.48894,0.0,0.0,0.0,0.0,0.0,0.0,0.0,0.9643073843323948,0.0,0.6762774423860448,0.0,0.06676885650442273,0.0,0.0,0,0.0,0,0.0,0.0,0.08893484336049798,0,0.0,0.0,0.9757743856471142,0.0,0.0,0.0,0.9641231322744461,0.0,0.0,0.0,0.0,0.0,Bitel,0,0.9641231322744461,Movistar,1,0.0,Bitel,0,0.0,Bitel,0,1.0,0.035876867725553874,1.0,0.75,1.0,78.22,COBERTURA ALTA,False,False
1507020035,LIMA,HUAROCHIRI,ANTIOQUIA,RANCHO LOS TUNARES,RURAL,-12.09813,-76.49444,0.0,0.0,0.0,0.0,0.0,0.0,0.0,0.0,0.0,0.0,0.0,0.0,0.0,0.0,0,0.0,0,0.0,0.0,0.8692950979882064,0,0.0,0.0,0.9874186246981187,0.0,0.0,0.0,0.996703334132342,0.0,0.0,0.0,0.0,0.0,Bitel,0,0.996703334132342,Movistar,2,0.0,Bitel,0,0.0,Bitel,0,1.0,0.0032966658676579774,1.0,0.5,1.0,75.07,COBERTURA ALTA,False,False
1507020036,LIMA,HUAROCHIRI,ANTIOQUIA,MONTERRICO,RURAL,-12.09781,-76.48506,0.0,0.0,0.0,0.0,0.0,0.0,0.0,0.8186802623997813,0.0,0.4615900314993649,0.0,0.1236061046638556,0.0,0.0,0,0.0,0,0.0,0.0,0.3003705750227793,0,0.0,0.0,0.8944449151329908,0.0,0.0,0.0,0.9912945032731696,0.0,0.0,0.0,0.0,0.0,Bitel,0,0.9912945032731696,Movistar,1,0.0,Bitel,0,0.0,Bitel,0,1.0,0.008705496726830408,1.0,0.75,1.0,77.67,COBERTURA ALTA,False,False
1507020037,LIMA,HUAROCHIRI,ANTIOQUIA,LUCUMINE,RURAL,-12.09549,-76.47593,0.0,0.0,0.0,0.0,0.0,0.0,0.0,0.9999999997573981,0.0,0.7628415381108095,0.0,0.09366933690137838,0.0,0.0,0,0.0,0,0.0,0.0,0.0,0,0.0,0.0,0.7501593243728388,0.0,0.0,0.0,0.7244261612670525,0.0,0.0,0.0,0.0,0.0,Bitel,0,0.7244261612670525,Movistar,0,0.0,Bitel,0,0.0,Bitel,0,1.0,0.2755738387329475,1.0,1.0,1.0,85.51,COBERTURA PARCIAL,False,False
1507020038,LIMA,HUAROCHIRI,ANTIOQUIA,TUTANA,RURAL,-12.10031,-76.474,0.0,0.0,0.0,0.0,0.0,0.0,0.0,1.0,0.0,0.979308308876322,0.0,0.4093967193380204,0.0,0.0,0,0.0,0,0.0,0.0,0.2533781569913973,0,0.0,0.0,0.9586899403178325,0.0,0.0,0.0,0.9678215716939678,0.0,0.0,0.0,0.0,0.0,Bitel,0,0.9678215716939678,Movistar,1,0.0,Bitel,0,0.0,Bitel,0,1.0,0.032178428306032236,1.0,0.75,1.0,78.14,COBERTURA ALTA,False,False
1507020039,LIMA,HUAROCHIRI,ANTIOQUIA,RIO SECO,RURAL,-12.10737,-76.46742,0.0,0.0,0.0,0.0,0.0,0.0,0.0,0.4249785808015853,0.0,0.09919339915346194,0.0,0.0,0.0,0.0,0,0.0,0,0.0,0.0,0.0,0,0.0,0.0,0.9469768728488136,0.0,0.0,0.0,0.950693071787486,0.0,0.0,0.0,0.0,0.0,Bitel,0,0.950693071787486,Movistar,1,0.0,Bitel,0,0.0,Bitel,0,1.0,0.049306928212514034,1.0,0.75,1.0,78.49,COBERTURA ALTA,False,False
1507020040,LIMA,HUAROCHIRI,ANTIOQUIA,SIERRA MORENO,RURAL,-12.03283,-76.70358,0.9838096536306343,0.9999999990839757,0.0,0.0,0.0,0.0,0.0,0.999999999084199,0.0,0.9999999990841992,0.0,0.9999999990841992,0.2275945003055802,0.999999999084474,0,0.0,0,0.9999999990842048,0.0,0.7714976093034241,0,0.0,0.0,0.99999999908432,0.0,0.189473322458807,0.2603615712622411,0.999999999084442,0.0,0.0,0.0,0.0,0.2603615712622411,Movistar,0,0.999999999084442,Movistar,2,0.2275945003055802,Claro,0,0.999999999084474,Claro,1,0.7396384287377589,9.155579627773136e-10,9.155259883542044e-10,0.5,1.0,48.28,COBERTURA ALTA,False,True
1507020041,LIMA,HUAROCHIRI,ANTIOQUIA,ESPIRITU SANTO,RURAL,-12.10595,-76.50936,0.0,0.0,0.0,0.0,0.0,0.0,0.0,0.0,0.0,0.1449244069129579,0.0,0.08921126475920992,0.0,0.0,0,0.0,0,0.0,0.0,0.0,0,0.0,0.0,0.7095278379713689,0.0,0.0,0.0,0.9999999987830885,0.0,0.0,0.0,0.0,0.0,Bitel,0,0.9999999987830885,Movistar,1,0.0,Bitel,0,0.0,Bitel,0,1.0,1.2169114604887454e-09,1.0,0.75,1.0,77.5,COBERTURA ALTA,False,False
1507020042,LIMA,HUAROCHIRI,ANTIOQUIA,POMACHE,RURAL,-12.08238,-76.51199,0.0,0.0,0.0,0.0,0.0,0.0,0.0,0.6620924610384664,0.0,0.9999999978645367,0.0,0.9999999978645367,0.0,0.0,0,0.0,0,0.0,0.0,0.02918214951867139,0,0.0,0.9966896536033357,0.9999999978646322,0.5393930854298259,0.9999999978645546,0.0,0.9999999978645369,0.0,0.0,0.0,0.0,0.0,Bitel,0,0.9999999978645369,Movistar,2,0.0,Bitel,0,0.0,Bitel,0,1.0,2.1354631396519608e-09,1.0,0.5,1.0,75.0,COBERTURA ALTA,False,False
1507020043,LIMA,HUAROCHIRI,ANTIOQUIA,SANTA ROSA DE CHONTAY,RURAL,-12.02831,-76.69954,0.0,0.06351579304555785,0.0,0.06753131806009131,0.0,0.0,0.0,0.9457045032809679,0.0,0.7254072678778642,0.0,0.5709910267183644,0.0,0.9998957951918538,0,0.0,0,0.999999993998484,0.0,0.6889615208479006,0,0.0,0.0,0.8267829837297944,0.0,0.0,0.0,0.9649719053943422,0.0,0.0,0.0,0.0,0.0,Bitel,0,0.9649719053943422,Movistar,1,0.0,Bitel,0,0.9998957951918538,Claro,1,1.0,0.03502809460565781,0.00010420480814621325,0.75,1.0,63.2,COBERTURA ALTA,False,True
1507030001,LIMA,HUAROCHIRI,CALLAHUANCA,CALLAHUANCA,URBANO,-11.82644,-76.61886,0.9999999926765325,0.9999999926765384,0.0,0.1447318715841357,0.0,0.0,0.0,0.9999999926765243,0.0,0.9999999926766604,0.0,0.9999999926765271,0.0,0.0,0,0.0,0,0.0,0.03101735052164741,0.9999999926765301,0,0.0,0.9956589079764037,0.999999992677147,0.0,0.0,0.0831868813196531,0.9999999926768035,0.0,0.0,0.0,0.0,0.0831868813196531,Movistar,0,0.9999999926768035,Movistar,3,0.0,Bitel,0,0.0,Bitel,0,0.9168131186803469,7.323196493658202e-09,1.0,0.25,0.0,58.76,COBERTURA ALTA,False,False
1507030002,LIMA,HUAROCHIRI,CALLAHUANCA,TANDARI,RURAL,-11.80072,-76.56024,0.0,0.0,0.0,0.0,0.0,0.0,0.0,0.0,0.0,0.0,0.0,0.0,0.0,0.0,0,0.0,0,0.0,0.0,0.0,0,0.0,0.0,0.0,0.0,0.0,0.0,0.0,0.0,0.0,0.0,0.0,0.0,Bitel,0,0.0,Bitel,0,0.0,Bitel,0,0.0,Bitel,0,1.0,1.0,1.0,1.0,1.0,100.0,BRECHA CRITICA,False,False
1507030003,LIMA,HUAROCHIRI,CALLAHUANCA,CHAUCA,RURAL,-11.81153,-76.55664,0.0,0.0,0.0,0.0,0.0,0.0,0.0,0.0,0.0,0.0,0.0,0.0,0.0,0.0,0,0.0,0,0.0,0.0,0.0,0,0.0,0.0,0.0,0.0,0.0,0.0,0.0,0.0,0.0,0.0,0.0,0.0,Bitel,0,0.0,Bitel,0,0.0,Bitel,0,0.0,Bitel,0,1.0,1.0,1.0,1.0,1.0,100.0,BRECHA CRITICA,False,False
1507030004,LIMA,HUAROCHIRI,CALLAHUANCA,CHAICHE,RURAL,-11.81623,-76.61303,0.0,0.0,0.0,0.0,0.0,0.0,0.0,0.9999999943727892,0.0,0.9999999943731703,0.0,0.785545730674786,0.0,0.0,0,0.0,0,0.0,0.0,0.1608809374984768,0,0.0,0.0,0.4613639311035443,0.0,0.0,0.0,0.02738277828225703,0.0,0.0,0.0,0.0,0.0,Bitel,0,0.785545730674786,Claro,0,0.0,Bitel,0,0.0,Bitel,0,1.0,0.21445426932521405,1.0,1.0,1.0,84.29,COBERTURA PARCIAL,False,False
1507030005,LIMA,HUAROCHIRI,CALLAHUANCA,PICHURARAN,RURAL,-11.82448,-76.60395,0.0,0.0,0.0,0.08279030608726479,0.0,0.0,0.02066868358557424,0.9999999976420579,0.0,0.9999999976420578,0.0,0.8061350995997983,0.0,0.0,0,0.0,0,0.0,0.0,0.416894852256109,0,0.0,0.0,0.4577523711667957,0.0,0.0,0.0,0.965241798349311,0.0,0.0,0.0,0.0,0.0,Bitel,0,0.965241798349311,Movistar,2,0.0,Bitel,0,0.0,Bitel,0,1.0,0.03475820165068899,1.0,0.5,1.0,75.7,COBERTURA ALTA,False,False
1507030006,LIMA,HUAROCHIRI,CALLAHUANCA,SINGUNA,RURAL,-11.83449,-76.57526,0.0,0.0,0.0,0.0,0.0,0.0,0.0,0.0,0.0,0.0,0.0,0.0,0.0,0.0,0,0.0,0,0.0,0.0,0.0,0,0.0,0.0,0.0,0.0,0.0,0.0,0.0,0.0,0.0,0.0,0.0,0.0,Bitel,0,0.0,Bitel,0,0.0,Bitel,0,0.0,Bitel,0,1.0,1.0,1.0,1.0,1.0,100.0,BRECHA CRITICA,False,False
1507030007,LIMA,HUAROCHIRI,CALLAHUANCA,TIERRA BLANCA,RURAL,-11.83655,-76.6082,0.0,0.0,0.0,0.0,0.0,0.0,0.0,0.9906455287621412,0.0,0.8708080734007071,0.0,0.512508624608203,0.0,0.0,0,0.0,0,0.0,0.0,0.9537364810064615,0,0.0,0.0,0.8876606773446989,0.0,0.0,0.0,0.0,0.0,0.0,0.0,0.0,0.0,Bitel,0,0.9537364810064615,Entel,1,0.0,Bitel,0,0.0,Bitel,0,1.0,0.04626351899353853,1.0,0.75,1.0,78.43,COBERTURA ALTA,False,False
1507030008,LIMA,HUAROCHIRI,CALLAHUANCA,BARBA BLANCA,RURAL,-11.83654,-76.62372,0.0,0.2123895661902884,0.0,0.0,0.0,0.0,0.0,0.7811927214606758,0.0,0.2632948073158061,0.0,0.04133837110282507,0.0,0.0,0,0.0,0,0.1550498463747706,0.0,0.9677993746634984,0,0.0,0.01563736407087078,1.0,0.0,0.0,0.0,1.0,0.0,0.0,0.0,0.0,0.0,Bitel,0,1.0,Movistar,2,0.0,Bitel,0,0.0,Bitel,0,1.0,0.0,1.0,0.5,1.0,75.0,COBERTURA ALTA,False,False
1507030009,LIMA,HUAROCHIRI,CALLAHUANCA,PURUNHUASI,RURAL,-11.84063,-76.62532,0.4877825771449858,0.610457339496946,0.0,0.0,0.0,0.0,0.0,0.9999999989244194,0.0,0.8080867165481522,0.0,0.3022146670888322,0.0,0.0,0,0.01047433932389733,0,0.05285647891189078,0.0,0.9999999989244195,0,0.0,0.7050616220655689,0.9999999989243592,0.0,0.0,0.0,0.9999999989244194,0.0,0.0,0.0,0.0,0.0,Bitel,0,0.9999999989244195,Entel,2,0.0,Bitel,0,0.0,Bitel,0,1.0,1.0755805135431729e-09,1.0,0.5,1.0,75.0,COBERTURA ALTA,False,False
1507030010,LIMA,HUAROCHIRI,CALLAHUANCA,TUCRE,RURAL,-11.84236,-76.62974,0.0,0.1936494676691926,0.0,0.0,0.0,0.0,0.0,0.9999999967940739,0.0,0.3532970279034416,0.0,0.0,0.0,0.0,0,0.0,0,0.2315255911481723,0.0,0.9999999967943403,0,0.0,0.6216718014003868,0.9999999967943549,0.0,0.0,0.0,0.9999999967943403,0.0,0.0,0.0,0.0,0.0,Bitel,0,0.9999999967943403,Entel,2,0.0,Bitel,0,0.0,Bitel,0,1.0,3.2056597376595164e-09,1.0,0.5,1.0,75.0,COBERTURA ALTA,False,False
1507030011,LIMA,HUAROCHIRI,CALLAHUANCA,CASCASHOKO,RURAL,-11.84738,-76.62814,0.0,0.9999999918211214,0.0,0.0,0.0,0.0,0.0,0.9999999918213109,0.0,0.7204301919583982,0.0,0.0,0.0,0.0,0,0.03011556002361803,0,0.1209836405756897,0.0,0.9999999918211215,0,0.0,0.01531850806445348,0.9999999918211254,0.0,0.0,0.0,0.9883571983483365,0.0,0.0,0.0,0.0,0.0,Bitel,0,0.9999999918211215,Entel,2,0.0,Bitel,0,0.0,Bitel,0,1.0,8.178878463382944e-09,1.0,0.5,1.0,75.0,COBERTURA ALTA,False,False
1507030012,LIMA,HUAROCHIRI,CALLAHUANCA,SHAURAYA,RURAL,-11.83138,-76.59805,0.0,0.0,0.0,0.0,0.0,0.0,0.04194254054728606,0.9999999973198928,0.0,0.9423281669191946,0.0,0.7148108559632318,0.0,0.0,0,0.0,0,0.0,0.0,0.3894265609752958,0,0.0,0.0,0.3097574228022359,0.0,0.0,0.0,0.0,0.0,0.0,0.0,0.0,0.0,Bitel,0,0.7148108559632318,Claro,0,0.0,Bitel,0,0.0,Bitel,0,1.0,0.2851891440367682,1.0,1.0,1.0,85.7,COBERTURA PARCIAL,False,False
1507030013,LIMA,HUAROCHIRI,CALLAHUANCA,HUANCUYNA,RURAL,-11.80066,-76.56029,0.0,0.0,0.0,0.0,0.0,0.0,0.0,0.0,0.0,0.0,0.0,0.0,0.0,0.0,0,0.0,0,0.0,0.0,0.0,0,0.0,0.0,0.0,0.0,0.0,0.0,0.0,0.0,0.0,0.0,0.0,0.0,Bitel,0,0.0,Bitel,0,0.0,Bitel,0,0.0,Bitel,0,1.0,1.0,1.0,1.0,1.0,100.0,BRECHA CRITICA,False,False
1507030014,LIMA,HUAROCHIRI,CALLAHUANCA,ARIQUICHICA,RURAL,-11.82162,-76.58546,0.0,0.0,0.0,0.0,0.0,0.0,0.0,0.9994840265971573,0.0,0.4604320907073624,0.0,0.3109845160567702,0.0,0.0,0,0.0,0,0.0,0.0,0.0,0,0.0,0.0,0.0,0.0,0.0,0.0,0.0,0.0,0.0,0.0,0.0,0.0,Bitel,0,0.3109845160567702,Claro,0,0.0,Bitel,0,0.0,Bitel,0,1.0,0.6890154839432299,1.0,1.0,1.0,93.78,COBERTURA PARCIAL,False,False
1507030015,LIMA,HUAROCHIRI,CALLAHUANCA,CALLAMARAN,RURAL,-11.83676,-76.60562,0.0,0.0,0.0,0.0,0.0,0.0,0.0,0.8929216432994502,0.0,0.4070465492088534,0.0,0.0424450408119685,0.0,0.0,0,0.0,0,0.0,0.0,0.5031045522098799,0,0.0,0.0,0.5925325939901401,0.0,0.0,0.0,0.0,0.0,0.0,0.0,0.0,0.0,Bitel,0,0.5031045522098799,Entel,0,0.0,Bitel,0,0.0,Bitel,0,1.0,0.49689544779012007,1.0,1.0,1.0,89.94,COBERTURA PARCIAL,False,False
1507030016,LIMA,HUAROCHIRI,CALLAHUANCA,HUARIQUIAN,RURAL,-11.82347,-76.55441,0.0,0.0,0.0,0.0,0.0,0.0,0.0,0.0,0.0,0.0,0.0,0.0,0.0,0.0,0,0.0,0,0.0,0.0,0.0,0,0.0,0.0,0.0,0.0,0.0,0.0,0.0,0.0,0.0,0.0,0.0,0.0,Bitel,0,0.0,Bitel,0,0.0,Bitel,0,0.0,Bitel,0,1.0,1.0,1.0,1.0,1.0,100.0,BRECHA CRITICA,False,False
1507030017,LIMA,HUAROCHIRI,CALLAHUANCA,KULLUCAN,RURAL,-11.82215,-76.57884,0.0,0.0,0.0,0.0,0.0,0.0,0.0,0.7998884707942767,0.0,0.1282142245879318,0.0,0.1118992065004848,0.0,0.0,0,0.0,0,0.0,0.0,0.0,0,0.0,0.0,0.0,0.0,0.0,0.0,0.0,0.0,0.0,0.0,0.0,0.0,Bitel,0,0.1118992065004848,Claro,0,0.0,Bitel,0,0.0,Bitel,0,1.0,0.8881007934995152,1.0,1.0,1.0,97.76,BRECHA CRITICA,False,False
1507040001,LIMA,HUAROCHIRI,CARAMPOMA,CARAMPOMA,URBANO,-11.65606,-76.5165,0.0,0.0,0.0,0.0,0.0,0.0,0.9934559411049056,0.9999999710487452,0.0,0.9999999710487335,0.0,0.999999971048601,0.0,0.0,0,0.0,0,0.0,0.0,0.0,0,0.0,0.9999999710487335,0.9999999710487337,0.0,0.0,0.0,0.0,0.0,0.0,0.0,0.0,0.0,Bitel,0,0.999999971048601,Claro,1,0.0,Bitel,0,0.0,Bitel,0,1.0,2.8951398944876416e-08,1.0,0.75,0.0,67.5,COBERTURA ALTA,False,False
1507040002,LIMA,HUAROCHIRI,CARAMPOMA,HUANCASH,RURAL,-11.54962,-76.34915,0.0,0.0,0.0,0.0,0.0,0.0,0.0,0.0,0.0,0.0,0.0,0.0,0.0,0.0,0,0.0,0,0.0,0.0,0.405155640821287,0,0.0,0.0,0.0,0.0,0.0,0.0,0.0,0.0,0.0,0.0,0.0,0.0,Bitel,0,0.405155640821287,Entel,0,0.0,Bitel,0,0.0,Bitel,0,1.0,0.5948443591787129,1.0,1.0,1.0,91.9,COBERTURA PARCIAL,False,False
1507040003,LIMA,HUAROCHIRI,CARAMPOMA,TUCUMACHAY,RURAL,-11.55719,-76.3472,0.0,0.0,0.0,0.0,0.0,0.0,0.0,0.0,0.0,0.0,0.0,0.0,0.0,0.0,0,0.0,0,0.0,0.0,0.139128633084115,0,0.0,0.0,0.0,0.0,0.0,0.0,0.0,0.0,0.0,0.0,0.0,0.0,Bitel,0,0.139128633084115,Entel,0,0.0,Bitel,0,0.0,Bitel,0,1.0,0.860871366915885,1.0,1.0,1.0,97.22,BRECHA CRITICA,False,False
1507040004,LIMA,HUAROCHIRI,CARAMPOMA,INCACANCHA,RURAL,-11.55379,-76.34183,0.0,0.0,0.0,0.0,0.0,0.0,0.0,0.0,0.0,0.0,0.0,0.0,0.0,0.0,0,0.0,0,0.0,0.0,0.6394000976158193,0,0.0,0.0,0.0,0.0,0.0,0.0,0.0,0.0,0.0,0.0,0.0,0.0,Bitel,0,0.6394000976158193,Entel,0,0.0,Bitel,0,0.0,Bitel,0,1.0,0.3605999023841807,1.0,1.0,1.0,87.21,COBERTURA PARCIAL,False,False
1507040005,LIMA,HUAROCHIRI,CARAMPOMA,COCHAYOC,RURAL,-11.56388,-76.32344,0.0,0.0,0.0,0.0,0.0,0.0,0.0,0.0,0.0,0.0,0.0,0.0,0.0,0.0,0,0.0,0,0.0,0.0,0.2674676158175237,0,0.0,0.0,0.0,0.0,0.0,0.0,0.0,0.0,0.0,0.0,0.0,0.0,Bitel,0,0.2674676158175237,Entel,0,0.0,Bitel,0,0.0,Bitel,0,1.0,0.7325323841824762,1.0,1.0,1.0,94.65,COBERTURA PARCIAL,False,False
1507040007,LIMA,HUAROCHIRI,CARAMPOMA,CUEVAS,RURAL,-11.56262,-76.34995,0.0,0.0,0.0,0.0,0.0,0.0,0.0,0.0,0.0,0.0,0.0,0.0,0.0,0.0,0,0.0,0,0.0,0.0,0.04242969119414211,0,0.0,0.0,0.0,0.0,0.0,0.0,0.0,0.0,0.0,0.0,0.0,0.0,Bitel,0,0.04242969119414211,Entel,0,0.0,Bitel,0,0.0,Bitel,0,1.0,0.9575703088058579,1.0,1.0,1.0,99.15,BRECHA CRITICA,False,False
1507040008,LIMA,HUAROCHIRI,CARAMPOMA,CANCHAYOC,RURAL,-11.566,-76.35814,0.0,0.0,0.0,0.0,0.0,0.0,0.0,0.0,0.0,0.0,0.0,0.0,0.0,0.0,0,0.0,0,0.0,0.0,0.0,0,0.0,0.0,0.0,0.0,0.0,0.0,0.0,0.0,0.0,0.0,0.0,0.0,Bitel,0,0.0,Bitel,0,0.0,Bitel,0,0.0,Bitel,0,1.0,1.0,1.0,1.0,1.0,100.0,BRECHA CRITICA,False,False
1507040009,LIMA,HUAROCHIRI,CARAMPOMA,MILLO,RURAL,-11.57508,-76.35162,0.0,0.0,0.0,0.0,0.0,0.0,0.0,0.0,0.0,0.0,0.0,0.0,0.0,0.0,0,0.0,0,0.0,0.0,0.02067602637459698,0,0.0,0.0,0.0,0.0,0.0,0.0,0.0,0.0,0.0,0.0,0.0,0.0,Bitel,0,0.02067602637459698,Entel,0,0.0,Bitel,0,0.0,Bitel,0,1.0,0.979323973625403,1.0,1.0,1.0,99.59,BRECHA CRITICA,False,False
1507040010,LIMA,HUAROCHIRI,CARAMPOMA,PALLCA,RURAL,-11.59843,-76.38873,0.0,0.0,0.0,0.0,0.0,0.0,0.0,0.0,0.0,0.0,0.0,0.0,0.0,0.0,0,0.0,0,0.0,0.0,0.0,0,0.0,0.0,0.0,0.0,0.0,0.0,0.0,0.0,0.0,0.0,0.0,0.0,Bitel,0,0.0,Bitel,0,0.0,Bitel,0,0.0,Bitel,0,1.0,1.0,1.0,1.0,1.0,100.0,BRECHA CRITICA,False,False
1507040012,LIMA,HUAROCHIRI,CARAMPOMA,CRUSCANCHA,RURAL,-11.65426,-76.35609,0.0,0.0,0.0,0.0,0.0,0.0,0.0,0.0,0.0,0.0,0.0,0.0,0.0,0.0,0,0.0,0,0.0,0.0,0.0,0,0.0,0.0,0.0,0.0,0.0,0.0,0.0,0.0,0.0,0.0,0.0,0.0,Bitel,0,0.0,Bitel,0,0.0,Bitel,0,0.0,Bitel,0,1.0,1.0,1.0,1.0,1.0,100.0,BRECHA CRITICA,False,False
1507040013,LIMA,HUAROCHIRI,CARAMPOMA,CHAUCAPALCA,RURAL,-11.67192,-76.3731,0.0,0.0,0.0,0.0,0.0,0.0,0.0,0.0,0.0,0.0,0.0,0.0,0.0,0.0,0,0.0,0,0.0,0.0,0.0,0,0.0,0.0,0.0,0.0,0.0,0.0,0.0,0.0,0.0,0.0,0.0,0.0,Bitel,0,0.0,Bitel,0,0.0,Bitel,0,0.0,Bitel,0,1.0,1.0,1.0,1.0,1.0,100.0,BRECHA CRITICA,False,False
1507040014,LIMA,HUAROCHIRI,CARAMPOMA,LIRCAY,RURAL,-11.68405,-76.37401,0.0,0.0,0.0,0.0,0.0,0.0,0.0,0.0,0.0,0.0,0.0,0.0,0.0,0.0,0,0.0,0,0.0,0.0,0.0,0,0.0,0.0,0.0,0.0,0.0,0.0,0.0,0.0,0.0,0.0,0.0,0.0,Bitel,0,0.0,Bitel,0,0.0,Bitel,0,0.0,Bitel,0,1.0,1.0,1.0,1.0,1.0,100.0,BRECHA CRITICA,False,False
1507040015,LIMA,HUAROCHIRI,CARAMPOMA,TINGO,RURAL,-11.69195,-76.39303,0.0,0.0,0.0,0.0,0.0,0.0,0.0,0.0,0.0,0.0,0.0,0.0,0.0,0.0,0,0.0,0,0.0,0.0,0.0,0,0.0,0.0,0.0,0.0,0.0,0.0,0.0,0.0,0.0,0.0,0.0,0.0,Bitel,0,0.0,Bitel,0,0.0,Bitel,0,0.0,Bitel,0,1.0,1.0,1.0,1.0,1.0,100.0,BRECHA CRITICA,False,False
1507040016,LIMA,HUAROCHIRI,CARAMPOMA,VILCAPAMPA,RURAL,-11.70911,-76.39789,0.0,0.0,0.0,0.0,0.0,0.0,0.0,0.0,0.0,0.0,0.0,0.0,0.0,0.0,0,0.0,0,0.0,0.0,0.0,0,0.0,0.0,0.0,0.0,0.0,0.0,0.0,0.0,0.0,0.0,0.0,0.0,Bitel,0,0.0,Bitel,0,0.0,Bitel,0,0.0,Bitel,0,1.0,1.0,1.0,1.0,1.0,100.0,BRECHA CRITICA,False,False
1507040017,LIMA,HUAROCHIRI,CARAMPOMA,CULICANCHA,RURAL,-11.69879,-76.41849,0.0,0.0,0.0,0.0,0.0,0.0,0.0,0.0,0.0,0.0,0.0,0.0,0.0,0.0,0,0.0,0,0.0,0.0,0.0,0,0.0,0.0,0.0,0.0,0.0,0.0,0.0,0.0,0.0,0.0,0.0,0.0,Bitel,0,0.0,Bitel,0,0.0,Bitel,0,0.0,Bitel,0,1.0,1.0,1.0,1.0,1.0,100.0,BRECHA CRITICA,False,False
1507040018,LIMA,HUAROCHIRI,CARAMPOMA,PUMASH,RURAL,-11.65337,-76.45366,0.0,0.0,0.0,0.0,0.0,0.0,0.0,0.9820872840229896,0.0,0.4638485473526486,0.0,0.0,0.0,0.0,0,0.0,0,0.0,0.0,0.0,0,0.0,0.0,0.9119403224988918,0.0,0.0,0.0,0.0,0.0,0.0,0.0,0.0,0.0,Bitel,0,0.0,Bitel,0,0.0,Bitel,0,0.0,Bitel,0,1.0,1.0,1.0,1.0,1.0,100.0,BRECHA CRITICA,False,False
1507040019,LIMA,HUAROCHIRI,CARAMPOMA,ISCUMACHAY,RURAL,-11.56852,-76.33562,0.0,0.0,0.0,0.0,0.0,0.0,0.0,0.0,0.0,0.0,0.0,0.0,0.0,0.0,0,0.0,0,0.0,0.0,0.5552189118107559,0,0.0,0.0,0.0,0.0,0.0,0.0,0.0,0.0,0.0,0.0,0.0,0.0,Bitel,0,0.5552189118107559,Entel,0,0.0,Bitel,0,0.0,Bitel,0,1.0,0.4447810881892441,1.0,1.0,1.0,88.9,COBERTURA PARCIAL,False,False
1507040020,LIMA,HUAROCHIRI,CARAMPOMA,HUACTACANCHA,RURAL,-11.56705,-76.33682,0.0,0.0,0.0,0.0,0.0,0.0,0.0,0.0,0.0,0.0,0.0,0.0,0.0,0.0,0,0.0,0,0.0,0.0,0.0654239298862346,0,0.0,0.0,0.0,0.0,0.0,0.0,0.0,0.0,0.0,0.0,0.0,0.0,Bitel,0,0.0654239298862346,Entel,0,0.0,Bitel,0,0.0,Bitel,0,1.0,0.9345760701137654,1.0,1.0,1.0,98.69,BRECHA CRITICA,False,False
1507040021,LIMA,HUAROCHIRI,CARAMPOMA,PILLCOCANCHA,RURAL,-11.63177,-76.44745,0.0,0.0,0.0,0.0,0.0,0.0,0.0,0.0,0.0,0.0,0.0,0.0,0.0,0.0,0,0.0,0,0.0,0.0,0.0,0,0.0,0.0,0.0,0.0,0.0,0.0,0.0,0.0,0.0,0.0,0.0,0.0,Bitel,0,0.0,Bitel,0,0.0,Bitel,0,0.0,Bitel,0,1.0,1.0,1.0,1.0,1.0,100.0,BRECHA CRITICA,False,False
1507040022,LIMA,HUAROCHIRI,CARAMPOMA,UQUIA,RURAL,-11.69379,-76.36804,0.0,0.0,0.0,0.0,0.0,0.0,0.0,0.0,0.0,0.0,0.0,0.0,0.0,0.0,0,0.0,0,0.0,0.0,0.0,0,0.0,0.0,0.0,0.0,0.0,0.0,0.0,0.0,0.0,0.0,0.0,0.0,Bitel,0,0.0,Bitel,0,0.0,Bitel,0,0.0,Bitel,0,1.0,1.0,1.0,1.0,1.0,100.0,BRECHA CRITICA,False,False
1507040023,LIMA,HUAROCHIRI,CARAMPOMA,WISHIRANGRA,RURAL,-11.68865,-76.37739,0.0,0.0,0.0,0.0,0.0,0.0,0.0,0.0,0.0,0.0,0.0,0.0,0.0,0.0,0,0.0,0,0.0,0.0,0.0,0,0.0,0.0,0.0,0.0,0.0,0.0,0.0,0.0,0.0,0.0,0.0,0.0,Bitel,0,0.0,Bitel,0,0.0,Bitel,0,0.0,Bitel,0,1.0,1.0,1.0,1.0,1.0,100.0,BRECHA CRITICA,False,False
1507040026,LIMA,HUAROCHIRI,CARAMPOMA,CUNCUSH,RURAL,-11.56453,-76.33504,0.0,0.0,0.0,0.0,0.0,0.0,0.0,0.0,0.0,0.0,0.0,0.0,0.0,0.0,0,0.0,0,0.0,0.0,0.222307784329431,0,0.0,0.0,0.0,0.0,0.0,0.0,0.0,0.0,0.0,0.0,0.0,0.0,Bitel,0,0.222307784329431,Entel,0,0.0,Bitel,0,0.0,Bitel,0,1.0,0.777692215670569,1.0,1.0,1.0,95.55,COBERTURA PARCIAL,False,False
1507040028,LIMA,HUAROCHIRI,CARAMPOMA,TUCTO,RURAL,-11.56955,-76.3471,0.0,0.0,0.0,0.0,0.0,0.0,0.0,0.0,0.0,0.0,0.0,0.0,0.0,0.0,0,0.0,0,0.0,0.0,0.01654566424912952,0,0.0,0.0,0.0,0.0,0.0,0.0,0.0,0.0,0.0,0.0,0.0,0.0,Bitel,0,0.01654566424912952,Entel,0,0.0,Bitel,0,0.0,Bitel,0,1.0,0.9834543357508705,1.0,1.0,1.0,99.67,BRECHA CRITICA,False,False
1507040029,LIMA,HUAROCHIRI,CARAMPOMA,PARISPACCHA,RURAL,-11.5668,-76.31472,0.0,0.0,0.0,0.0,0.0,0.0,0.0,0.0,0.0,0.0,0.0,0.0,0.0,0.0,0,0.0,0,0.0,0.0,0.5020392875495624,0,0.0,0.0,0.0,0.0,0.0,0.0,0.0,0.0,0.0,0.0,0.0,0.0,Bitel,0,0.5020392875495624,Entel,0,0.0,Bitel,0,0.0,Bitel,0,1.0,0.4979607124504376,1.0,1.0,1.0,89.96,COBERTURA PARCIAL,False,False
1507040030,LIMA,HUAROCHIRI,CARAMPOMA,MARIAPACANCHA,RURAL,-11.57533,-76.30656,0.0,0.0,0.0,0.0,0.0,0.0,0.0,0.0,0.0,0.0,0.0,0.0,0.0,0.0,0,0.0,0,0.0,0.0,0.0,0,0.0,0.0,0.0,0.0,0.0,0.0,0.0,0.0,0.0,0.0,0.0,0.0,Bitel,0,0.0,Bitel,0,0.0,Bitel,0,0.0,Bitel,0,1.0,1.0,1.0,1.0,1.0,100.0,BRECHA CRITICA,False,False
1507040031,LIMA,HUAROCHIRI,CARAMPOMA,OCOCOCHA,RURAL,-11.57715,-76.33127,0.0,0.0,0.0,0.0,0.0,0.0,0.0,0.0,0.0,0.0,0.0,0.0,0.0,0.0,0,0.0,0,0.0,0.0,0.9127644147907649,0,0.0,0.0,0.0,0.0,0.0,0.0,0.0,0.0,0.0,0.0,0.0,0.0,Bitel,0,0.9127644147907649,Entel,1,0.0,Bitel,0,0.0,Bitel,0,1.0,0.08723558520923513,1.0,0.75,1.0,79.24,COBERTURA ALTA,False,False
1507040032,LIMA,HUAROCHIRI,CARAMPOMA,VISCAS,RURAL,-11.56899,-76.31078,0.0,0.0,0.0,0.0,0.0,0.0,0.0,0.0,0.0,0.0,0.0,0.0,0.0,0.0,0,0.0,0,0.0,0.0,0.0,0,0.0,0.0,0.0,0.0,0.0,0.0,0.0,0.0,0.0,0.0,0.0,0.0,Bitel,0,0.0,Bitel,0,0.0,Bitel,0,0.0,Bitel,0,1.0,1.0,1.0,1.0,1.0,100.0,BRECHA CRITICA,False,False
1507040033,LIMA,HUAROCHIRI,CARAMPOMA,ACUSHO,RURAL,-11.57115,-76.30727,0.0,0.0,0.0,0.0,0.0,0.0,0.0,0.0,0.0,0.0,0.0,0.0,0.0,0.0,0,0.0,0,0.0,0.0,0.0,0,0.0,0.0,0.0,0.0,0.0,0.0,0.0,0.0,0.0,0.0,0.0,0.0,Bitel,0,0.0,Bitel,0,0.0,Bitel,0,0.0,Bitel,0,1.0,1.0,1.0,1.0,1.0,100.0,BRECHA CRITICA,False,False
1507040037,LIMA,HUAROCHIRI,CARAMPOMA,ESCAPARATE,RURAL,-11.54287,-76.33179,0.0,0.0,0.0,0.0,0.0,0.0,0.0,0.0,0.0,0.0,0.0,0.0,0.0,0.0,0,0.8693405569464641,0,0.6890874526881868,0.0,0.9484438346205234,0,0.0,0.0,0.0,0.0,0.0,0.0,0.0,0.0,0.0,0.0,0.0,0.0,Bitel,0,0.9484438346205234,Entel,1,0.0,Bitel,0,0.0,Bitel,0,1.0,0.051556165379476604,1.0,0.75,1.0,78.53,COBERTURA ALTA,False,False
1507040038,LIMA,HUAROCHIRI,CARAMPOMA,HUARMICOCHA,RURAL,-11.58874,-76.3089,0.0,0.0,0.0,0.0,0.0,0.0,0.0,0.0,0.0,0.0,0.0,0.0,0.0,0.0,0,0.0,0,0.0,0.0,0.0,0,0.0,0.0,0.0,0.0,0.0,0.0,0.0,0.0,0.0,0.0,0.0,0.0,Bitel,0,0.0,Bitel,0,0.0,Bitel,0,0.0,Bitel,0,1.0,1.0,1.0,1.0,1.0,100.0,BRECHA CRITICA,False,False
1507040039,LIMA,HUAROCHIRI,CARAMPOMA,CHACRACOCHA,RURAL,-11.59324,-76.30219,0.0,0.0,0.0,0.0,0.0,0.0,0.0,0.0,0.0,0.0,0.0,0.0,0.0,0.0,0,0.0,0,0.0,0.0,0.0,0,0.0,0.0,0.0,0.0,0.0,0.0,0.0,0.0,0.0,0.0,0.0,0.0,Bitel,0,0.0,Bitel,0,0.0,Bitel,0,0.0,Bitel,0,1.0,1.0,1.0,1.0,1.0,100.0,BRECHA CRITICA,False,False
1507040040,LIMA,HUAROCHIRI,CARAMPOMA,CASACANCHA,RURAL,-11.594,-76.32586,0.0,0.0,0.0,0.0,0.0,0.0,0.0,0.0,0.0,0.0,0.0,0.0,0.0,0.0,0,0.0,0,0.0,0.0,0.0,0,0.0,0.0,0.0,0.0,0.0,0.0,0.0,0.0,0.0,0.0,0.0,0.0,Bitel,0,0.0,Bitel,0,0.0,Bitel,0,0.0,Bitel,0,1.0,1.0,1.0,1.0,1.0,100.0,BRECHA CRITICA,False,False
1507040041,LIMA,HUAROCHIRI,CARAMPOMA,PUCARUMI,RURAL,-11.58349,-76.33094,0.0,0.0,0.0,0.0,0.0,0.0,0.0,0.0,0.0,0.0,0.0,0.0,0.0,0.0,0,0.0,0,0.0,0.0,0.9533986961046107,0,0.0,0.0,0.0,0.0,0.0,0.0,0.0,0.0,0.0,0.0,0.0,0.0,Bitel,0,0.9533986961046107,Entel,1,0.0,Bitel,0,0.0,Bitel,0,1.0,0.0466013038953893,1.0,0.75,1.0,78.43,COBERTURA ALTA,False,False
1507040042,LIMA,HUAROCHIRI,CARAMPOMA,CURICOCHA,RURAL,-11.58542,-76.30889,0.0,0.0,0.0,0.0,0.0,0.0,0.0,0.0,0.0,0.0,0.0,0.0,0.0,0.0,0,0.0,0,0.0,0.0,0.0,0,0.0,0.0,0.0,0.0,0.0,0.0,0.0,0.0,0.0,0.0,0.0,0.0,Bitel,0,0.0,Bitel,0,0.0,Bitel,0,0.0,Bitel,0,1.0,1.0,1.0,1.0,1.0,100.0,BRECHA CRITICA,False,False
1507040043,LIMA,HUAROCHIRI,CARAMPOMA,CARHUACOCHA,RURAL,-11.58127,-76.30771,0.0,0.0,0.0,0.0,0.0,0.0,0.0,0.0,0.0,0.0,0.0,0.0,0.0,0.0,0,0.0,0,0.0,0.0,0.0,0,0.0,0.0,0.0,0.0,0.0,0.0,0.0,0.0,0.0,0.0,0.0,0.0,Bitel,0,0.0,Bitel,0,0.0,Bitel,0,0.0,Bitel,0,1.0,1.0,1.0,1.0,1.0,100.0,BRECHA CRITICA,False,False
1507040044,LIMA,HUAROCHIRI,CARAMPOMA,CARIDAD,RURAL,-11.59885,-76.32644,0.0,0.0,0.0,0.0,0.0,0.0,0.0,0.0,0.0,0.0,0.0,0.0,0.0,0.0,0,0.0,0,0.0,0.0,0.0,0,0.0,0.0,0.0,0.0,0.0,0.0,0.0,0.0,0.0,0.0,0.0,0.0,Bitel,0,0.0,Bitel,0,0.0,Bitel,0,0.0,Bitel,0,1.0,1.0,1.0,1.0,1.0,100.0,BRECHA CRITICA,False,False
1507040045,LIMA,HUAROCHIRI,CARAMPOMA,YANACOCHA,RURAL,-11.68689,-76.33689,0.0,0.0,0.0,0.0,0.0,0.0,0.0,0.0,0.0,0.0,0.0,0.0,0.0,0.0,0,0.0,0,0.0,0.0,0.0,0,0.0,0.0,0.0,0.0,0.0,0.0,0.0,0.0,0.0,0.0,0.0,0.0,Bitel,0,0.0,Bitel,0,0.0,Bitel,0,0.0,Bitel,0,1.0,1.0,1.0,1.0,1.0,100.0,BRECHA CRITICA,False,False
1507040046,LIMA,HUAROCHIRI,CARAMPOMA,LLIQUISHPATA,RURAL,-11.66557,-76.44238,0.0,0.0,0.0,0.0,0.0,0.0,0.0,0.6406471820779109,0.0,0.2965272283015692,0.0,0.0,0.0,0.0,0,0.0,0,0.0,0.0,0.0,0,0.0,0.0,0.0,0.0,0.0,0.0,0.0,0.0,0.0,0.0,0.0,0.0,Bitel,0,0.0,Bitel,0,0.0,Bitel,0,0.0,Bitel,0,1.0,1.0,1.0,1.0,1.0,100.0,BRECHA CRITICA,False,False
1507040047,LIMA,HUAROCHIRI,CARAMPOMA,PUCHA,RURAL,-11.67423,-76.41931,0.0,0.0,0.0,0.0,0.0,0.0,0.0,0.7004478697131518,0.0,0.0,0.0,0.0,0.0,0.0,0,0.0,0,0.0,0.0,0.0,0,0.0,0.0,0.0,0.0,0.0,0.0,0.0,0.0,0.0,0.0,0.0,0.0,Bitel,0,0.0,Bitel,0,0.0,Bitel,0,0.0,Bitel,0,1.0,1.0,1.0,1.0,1.0,100.0,BRECHA CRITICA,False,False
1507040048,LIMA,HUAROCHIRI,CARAMPOMA,COLQUI,RURAL,-11.67317,-76.43739,0.0,0.0,0.0,0.0,0.0,0.0,0.0,0.0,0.0,0.0,0.0,0.0,0.0,0.0,0,0.0,0,0.0,0.0,0.0,0,0.0,0.0,0.0,0.0,0.0,0.0,0.0,0.0,0.0,0.0,0.0,0.0,Bitel,0,0.0,Bitel,0,0.0,Bitel,0,0.0,Bitel,0,1.0,1.0,1.0,1.0,1.0,100.0,BRECHA CRITICA,False,False
1507040049,LIMA,HUAROCHIRI,CARAMPOMA,HUAHUAYO,RURAL,-11.67422,-76.4193,0.0,0.0,0.0,0.0,0.0,0.0,0.0,0.6976688003874184,0.0,0.0,0.0,0.0,0.0,0.0,0,0.0,0,0.0,0.0,0.0,0,0.0,0.0,0.0,0.0,0.0,0.0,0.0,0.0,0.0,0.0,0.0,0.0,Bitel,0,0.0,Bitel,0,0.0,Bitel,0,0.0,Bitel,0,1.0,1.0,1.0,1.0,1.0,100.0,BRECHA CRITICA,False,False
1507040050,LIMA,HUAROCHIRI,CARAMPOMA,TINTO,RURAL,-11.55204,-76.35122,0.0,0.0,0.0,0.0,0.0,0.0,0.0,0.0,0.0,0.0,0.0,0.0,0.0,0.0,0,0.0,0,0.0,0.0,0.02564146921168008,0,0.0,0.0,0.0,0.0,0.0,0.0,0.0,0.0,0.0,0.0,0.0,0.0,Bitel,0,0.02564146921168008,Entel,0,0.0,Bitel,0,0.0,Bitel,0,1.0,0.9743585307883199,1.0,1.0,1.0,99.49,BRECHA CRITICA,False,False
1507040052,LIMA,HUAROCHIRI,CARAMPOMA,MACACHACA,RURAL,-11.62618,-76.44109,0.0,0.0,0.0,0.0,0.0,0.0,0.0,0.0,0.0,0.0,0.0,0.0,0.0,0.0,0,0.0,0,0.0,0.0,0.0,0,0.0,0.0,0.0,0.0,0.0,0.0,0.0,0.0,0.0,0.0,0.0,0.0,Bitel,0,0.0,Bitel,0,0.0,Bitel,0,0.0,Bitel,0,1.0,1.0,1.0,1.0,1.0,100.0,BRECHA CRITICA,False,False
1507040053,LIMA,HUAROCHIRI,CARAMPOMA,GUANCAMACHAY,RURAL,-11.6179,-76.42416,0.0,0.0,0.0,0.0,0.0,0.0,0.0,0.0,0.0,0.0,0.0,0.0,0.0,0.0,0,0.0,0,0.0,0.0,0.0,0,0.0,0.0,0.0,0.0,0.0,0.0,0.0,0.0,0.0,0.0,0.0,0.0,Bitel,0,0.0,Bitel,0,0.0,Bitel,0,0.0,Bitel,0,1.0,1.0,1.0,1.0,1.0,100.0,BRECHA CRITICA,False,False
1507040054,LIMA,HUAROCHIRI,CARAMPOMA,CURUPASHCA,RURAL,-11.61717,-76.41363,0.0,0.0,0.0,0.0,0.0,0.0,0.0,0.0,0.0,0.0,0.0,0.0,0.0,0.0,0,0.0,0,0.0,0.0,0.0,0,0.0,0.0,0.0,0.0,0.0,0.0,0.0,0.0,0.0,0.0,0.0,0.0,Bitel,0,0.0,Bitel,0,0.0,Bitel,0,0.0,Bitel,0,1.0,1.0,1.0,1.0,1.0,100.0,BRECHA CRITICA,False,False
1507040055,LIMA,HUAROCHIRI,CARAMPOMA,CARANACO,RURAL,-11.61329,-76.40865,0.0,0.0,0.0,0.0,0.0,0.0,0.0,0.0,0.0,0.0,0.0,0.0,0.0,0.0,0,0.0,0,0.0,0.0,0.0,0,0.0,0.0,0.0,0.0,0.0,0.0,0.0,0.0,0.0,0.0,0.0,0.0,Bitel,0,0.0,Bitel,0,0.0,Bitel,0,0.0,Bitel,0,1.0,1.0,1.0,1.0,1.0,100.0,BRECHA CRITICA,False,False
1507040056,LIMA,HUAROCHIRI,CARAMPOMA,SHORCACANCHA,RURAL,-11.68697,-76.33677,0.0,0.0,0.0,0.0,0.0,0.0,0.0,0.0,0.0,0.0,0.0,0.0,0.0,0.0,0,0.0,0,0.0,0.0,0.0,0,0.0,0.0,0.0,0.0,0.0,0.0,0.0,0.0,0.0,0.0,0.0,0.0,Bitel,0,0.0,Bitel,0,0.0,Bitel,0,0.0,Bitel,0,1.0,1.0,1.0,1.0,1.0,100.0,BRECHA CRITICA,False,False
1507040057,LIMA,HUAROCHIRI,CARAMPOMA,GUASGUAYIN,RURAL,-11.60422,-76.39647,0.0,0.0,0.0,0.0,0.0,0.0,0.0,0.0,0.0,0.0,0.0,0.0,0.0,0.0,0,0.0,0,0.0,0.0,0.0,0,0.0,0.0,0.0,0.0,0.0,0.0,0.0,0.0,0.0,0.0,0.0,0.0,Bitel,0,0.0,Bitel,0,0.0,Bitel,0,0.0,Bitel,0,1.0,1.0,1.0,1.0,1.0,100.0,BRECHA CRITICA,False,False
1507040058,LIMA,HUAROCHIRI,CARAMPOMA,RANRAUAY,RURAL,-11.59092,-76.37671,0.0,0.0,0.0,0.0,0.0,0.0,0.0,0.0,0.0,0.0,0.0,0.0,0.0,0.0,0,0.0,0,0.0,0.0,0.0,0,0.0,0.0,0.0,0.0,0.0,0.0,0.0,0.0,0.0,0.0,0.0,0.0,Bitel,0,0.0,Bitel,0,0.0,Bitel,0,0.0,Bitel,0,1.0,1.0,1.0,1.0,1.0,100.0,BRECHA CRITICA,False,False
1507040059,LIMA,HUAROCHIRI,CARAMPOMA,PAMPACANCHA,RURAL,-11.57778,-76.32465,0.0,0.0,0.0,0.0,0.0,0.0,0.0,0.0,0.0,0.0,0.0,0.0,0.0,0.0,0,0.0,0,0.0,0.0,0.0,0,0.0,0.0,0.0,0.0,0.0,0.0,0.0,0.0,0.0,0.0,0.0,0.0,Bitel,0,0.0,Bitel,0,0.0,Bitel,0,0.0,Bitel,0,1.0,1.0,1.0,1.0,1.0,100.0,BRECHA CRITICA,False,False
1507040060,LIMA,HUAROCHIRI,CARAMPOMA,CHACA,RURAL,-11.66668,-76.4447,0.0,0.0,0.0,0.0,0.0,0.0,0.0,0.002733467329298915,0.0,0.0,0.0,0.0,0.0,0.0,0,0.0,0,0.0,0.0,0.0,0,0.0,0.0,0.0,0.0,0.0,0.0,0.0,0.0,0.0,0.0,0.0,0.0,Bitel,0,0.0,Bitel,0,0.0,Bitel,0,0.0,Bitel,0,1.0,1.0,1.0,1.0,1.0,100.0,BRECHA CRITICA,False,False
1507040061,LIMA,HUAROCHIRI,CARAMPOMA,ANTAPACCHA,RURAL,-11.58466,-76.32382,0.0,0.0,0.0,0.0,0.0,0.0,0.0,0.0,0.0,0.0,0.0,0.0,0.0,0.0,0,0.0,0,0.0,0.0,0.4888645722398997,0,0.0,0.0,0.0,0.0,0.0,0.0,0.0,0.0,0.0,0.0,0.0,0.0,Bitel,0,0.4888645722398997,Entel,0,0.0,Bitel,0,0.0,Bitel,0,1.0,0.5111354277601003,1.0,1.0,1.0,90.22,COBERTURA PARCIAL,False,False
1507040067,LIMA,HUAROCHIRI,CARAMPOMA,ANTACUCHO,RURAL,-11.65703,-76.46651,0.0,0.0,0.0,0.0,0.0,0.0,0.0,0.9999999984923883,0.0,0.3217421883687253,0.0,0.0,0.0,0.0,0,0.0,0,0.0,0.0,0.0,0,0.0,0.0,0.6450962519423511,0.0,0.0,0.0,0.0,0.0,0.0,0.0,0.0,0.0,Bitel,0,0.0,Bitel,0,0.0,Bitel,0,0.0,Bitel,0,1.0,1.0,1.0,1.0,1.0,100.0,BRECHA CRITICA,False,False
1507040068,LIMA,HUAROCHIRI,CARAMPOMA,PATALLAQUE,RURAL,-11.67341,-76.41347,0.0,0.0,0.0,0.0,0.0,0.0,0.0,0.0,0.0,0.0,0.0,0.0,0.0,0.0,0,0.0,0,0.0,0.0,0.0,0,0.0,0.0,0.0,0.0,0.0,0.0,0.0,0.0,0.0,0.0,0.0,0.0,Bitel,0,0.0,Bitel,0,0.0,Bitel,0,0.0,Bitel,0,1.0,1.0,1.0,1.0,1.0,100.0,BRECHA CRITICA,False,False
1507050001,LIMA,HUAROCHIRI,CHICLA,CHICLA,URBANO,-11.70501,-76.26863,0.6468940145686051,0.9189527833472645,0.0,0.04489754862345144,0.0,0.0,0.8574385959628849,0.9999999791794565,0.7380912215377994,0.9999999791794164,0.0,0.9910649318507957,0.0,0.0,0,0.0,0,0.0,0.0,0.0,0,0.0,0.338464035771246,0.9999999791792604,0.003694333484752033,0.3616601252008771,0.0,0.988549482400795,0.0,0.0,0.0,0.0,0.0,Bitel,0,0.9910649318507957,Claro,2,0.0,Bitel,0,0.0,Bitel,0,1.0,0.008935068149204306,1.0,0.5,0.0,65.18,COBERTURA ALTA,False,False
1507050002,LIMA,HUAROCHIRI,CHICLA,ANTICONA,RURAL,-11.59732,-76.19795,0.0,0.0,0.0,0.0,0.0,0.0,0.0,0.09041468644223422,0.0,0.0,0.0,0.0,0.0,0.0,0,0.4438028166744376,0,0.538912987736537,0.0,0.5573946437288709,0,0.0,0.0,0.0,0.0,0.0,0.0,0.0,0.0,0.0,0.0,0.0,0.0,Bitel,0,0.5573946437288709,Entel,0,0.0,Bitel,0,0.0,Bitel,0,1.0,0.44260535627112907,1.0,1.0,1.0,88.85,COBERTURA PARCIAL,False,False
1507050003,LIMA,HUAROCHIRI,CHICLA,TICLIO,RURAL,-11.59864,-76.19277,0.0,0.0,0.0,0.0,0.0,0.0,0.0,0.1276638161511296,0.0,0.0,0.0,0.0,0.0,0.0,0,0.6243252297490866,0,0.7190634545325415,0.0,0.7397491395191578,0,0.0,0.0,0.0,0.0,0.0,0.0,0.0,0.0,0.0,0.0,0.0,0.0,Bitel,0,0.7397491395191578,Entel,0,0.0,Bitel,0,0.0,Bitel,0,1.0,0.2602508604808422,1.0,1.0,1.0,85.21,COBERTURA PARCIAL,False,False
1507050004,LIMA,HUAROCHIRI,CHICLA,UCUSHCANCHA,RURAL,-11.65401,-76.20967,0.0,0.0,0.0,0.0,0.0,0.0,0.0,0.5765521824527804,0.0,0.5972151405905957,0.0,0.2241927305220856,0.0,0.0,0,0.4443068128613028,0,0.2335896639797475,0.0,0.508033612266974,0,0.0,0.0,0.0,0.0,0.0,0.0,0.0,0.0,0.0,0.0,0.0,0.0,Bitel,0,0.508033612266974,Entel,0,0.0,Bitel,0,0.0,Bitel,0,1.0,0.49196638773302603,1.0,1.0,1.0,89.84,COBERTURA PARCIAL,False,False
1507050005,LIMA,HUAROCHIRI,CHICLA,CARMEN,RURAL,-11.66548,-76.2264,0.6443892763316079,0.9304658114206803,0.9400848385375846,0.9999998893392179,0.0,0.0,0.7980038892157973,0.9999999935351797,0.009927584888616134,0.9999999935350768,0.0,0.9983370369369576,0.0,0.0,0,0.999999993535077,0,0.999999993535077,0.0,0.9999999935350768,0,0.0,0.0,0.0,0.0,0.0,0.0,0.0,0.0,0.0,0.0,0.0,0.9400848385375846,Bitel,1,0.9999999935350768,Entel,3,0.0,Bitel,0,0.0,Bitel,0,0.05991516146241538,6.464923152371682e-09,1.0,0.25,1.0,30.2,COBERTURA ALTA,True,False
1507050006,LIMA,HUAROCHIRI,CHICLA,CASAPALCA,URBANO,-11.65113,-76.23804,0.9438548239350503,0.9716933267457443,0.9551855331887504,0.9999999879376006,0.0,0.0,0.8156302664146001,1.0,0.02888638725381659,0.9988903019932819,0.2603795300487947,1.0,0.0,0.0,0,1.0,0,1.0,0.0,1.0,0,0.0,0.008527146100634233,0.0372567699126094,0.0,0.0,0.07276018043480965,0.4493359915109609,0.0,0.0,0.0,0.0,0.9551855331887504,Bitel,1,1.0,Claro,3,0.0,Bitel,0,0.0,Bitel,0,0.044814466811249565,0.0,1.0,0.25,0.0,19.52,COBERTURA ALTA,True,False
1507050007,LIMA,HUAROCHIRI,CHICLA,CARANACUNCA,RURAL,-11.66991,-76.2564,0.02804909264037844,0.2250695757760256,0.2591214523780854,0.9999998653817266,0.0,0.0,0.535380249635121,0.9999999976273303,0.0,0.8804476536963183,0.001767099166368607,0.7287867794711058,0.0,0.0,0,0.9999999976273303,0,0.9999999976273303,0.0,0.9999999976273303,0,0.0,0.0,0.0,0.0,0.0,0.0,0.0,0.0,0.0,0.0,0.0,0.2591214523780854,Bitel,0,0.9999999976273303,Entel,2,0.0,Bitel,0,0.0,Bitel,0,0.7408785476219146,2.3726697273573905e-09,1.0,0.5,1.0,63.34,COBERTURA ALTA,False,False
1507050008,LIMA,HUAROCHIRI,CHICLA,YAULIYACU,RURAL,-11.68637,-76.26001,0.0,0.4350284002146725,0.0,0.9999999942006271,0.0,0.0,0.0,0.6645762644434531,0.0,0.007832226059855832,0.0,0.0,0.0,0.0,0,0.0,0,0.0,0.0,0.0,0,0.0,0.1943566845537157,0.9980929582433282,0.0,0.0,0.0,0.0,0.0,0.0,0.0,0.0,0.0,Bitel,0,0.9999999942006271,Bitel,1,0.0,Bitel,0,0.0,Bitel,0,1.0,5.799372870818331e-09,1.0,0.75,1.0,77.5,COBERTURA ALTA,False,False
1507050009,LIMA,HUAROCHIRI,CHICLA,BELLAVISTA,URBANO,-11.69054,-76.2628,0.3792582516509453,0.641010245805751,0.0,0.7884013937556641,0.0,0.0,0.0,0.998971764674581,0.0,0.4912872895110929,0.0,0.244516594428611,0.0,0.0,0,0.0,0,0.0,0.0,0.0,0,0.0,0.9928229737694296,1.0,0.0,0.1654523507684201,0.0,0.3143719709120522,0.0,0.0,0.0,0.0,0.0,Bitel,0,0.7884013937556641,Bitel,0,0.0,Bitel,0,0.0,Bitel,0,1.0,0.2115986062443359,1.0,1.0,0.0,74.23,COBERTURA PARCIAL,False,False
1507050010,LIMA,HUAROCHIRI,CHICLA,LOS PINOS (CALZADA),RURAL,-11.69567,-76.26585,0.9897953013975115,1.0,0.0,0.7242837071623855,0.0,0.0,0.0,1.0,0.0,1.0,0.0,0.7923227126281065,0.0,0.0,0,0.0,0,0.0,0.0,0.0,0,0.0,1.0,1.0,0.3490046981302474,1.0,0.006290164785022472,0.9944436703465974,0.0,0.0,0.0,0.0,0.006290164785022472,Movistar,0,0.9944436703465974,Movistar,1,0.0,Bitel,0,0.0,Bitel,0,0.9937098352149776,0.005556329653402581,1.0,0.75,1.0,77.33,COBERTURA ALTA,False,False
1507050012,LIMA,HUAROCHIRI,CHICLA,TAMBO,RURAL,-11.72197,-76.26698,0.0,0.0007384717154265663,0.0,0.0,0.0,0.0,0.0,0.3505755395161821,0.0,0.0,0.0,0.0,0.0,0.0,0,0.1655594016012852,0,0.006328331029841991,0.0,0.2030006267336917,0,0.0,0.0,0.236527513517743,0.0,0.0,0.0,0.0,0.0,0.0,0.0,0.0,0.0,Bitel,0,0.2030006267336917,Entel,0,0.0,Bitel,0,0.0,Bitel,0,1.0,0.7969993732663083,1.0,1.0,1.0,95.94,COBERTURA PARCIAL,False,False
1507050013,LIMA,HUAROCHIRI,CHICLA,ANCHE ALTO,RURAL,-11.73116,-76.26593,0.0,0.0,0.0,0.0,0.0,0.0,0.0,0.01092686553213719,0.0,0.0,0.0,0.0,0.0,0.0,0,0.0,0,0.0,0.0,0.0,0,0.0,0.0,0.0,0.0,0.0,0.0,0.0,0.0,0.0,0.0,0.0,0.0,Bitel,0,0.0,Bitel,0,0.0,Bitel,0,0.0,Bitel,0,1.0,1.0,1.0,1.0,1.0,100.0,BRECHA CRITICA,False,False
1507050014,LIMA,HUAROCHIRI,CHICLA,ANCHE BAJO,RURAL,-11.73187,-76.26812,0.0,0.0,0.0,0.0,0.0,0.0,0.0,0.321363288393963,0.0,0.06363882495357258,0.0,0.0,0.0,0.0,0,0.0,0,0.0,0.0,0.0,0,0.0,0.0,0.2604380094420276,0.0,0.0,0.0,0.0,0.0,0.0,0.0,0.0,0.0,Bitel,0,0.0,Bitel,0,0.0,Bitel,0,0.0,Bitel,0,1.0,1.0,1.0,1.0,1.0,100.0,BRECHA CRITICA,False,False
1507050015,LIMA,HUAROCHIRI,CHICLA,VISTA ALEGRE,RURAL,-11.73206,-76.25974,0.0,0.0,0.0,0.0,0.0,0.0,0.0,0.0,0.0,0.0,0.0,0.0,0.0,0.0,0,0.0,0,0.0,0.0,0.0,0,0.0,0.0,0.0,0.0,0.0,0.0,0.0,0.0,0.0,0.0,0.0,0.0,Bitel,0,0.0,Bitel,0,0.0,Bitel,0,0.0,Bitel,0,1.0,1.0,1.0,1.0,1.0,100.0,BRECHA CRITICA,False,False
1507050016,LIMA,HUAROCHIRI,CHICLA,RIO BLANCO,RURAL,-11.73383,-76.25861,0.0,0.0,0.0,0.0,0.0,0.0,0.0,0.0,0.0,0.0,0.0,0.0,0.0,0.0,0,0.0,0,0.0,0.0,0.0,0,0.0,0.0,0.0,0.0,0.0,0.0,0.0,0.0,0.0,0.0,0.0,0.0,Bitel,0,0.0,Bitel,0,0.0,Bitel,0,0.0,Bitel,0,1.0,1.0,1.0,1.0,1.0,100.0,BRECHA CRITICA,False,False
1507050019,LIMA,HUAROCHIRI,CHICLA,ESTANCIA MIRPO,RURAL,-11.75202,-76.2289,0.0,0.0,0.0,0.0,0.0,0.0,0.0,0.0,0.0,0.0,0.0,0.0,0.0,0.0,0,0.0,0,0.0,0.0,0.0,0,0.0,0.0,0.0,0.0,0.0,0.0,0.0,0.0,0.0,0.0,0.0,0.0,Bitel,0,0.0,Bitel,0,0.0,Bitel,0,0.0,Bitel,0,1.0,1.0,1.0,1.0,1.0,100.0,BRECHA CRITICA,False,False
1507050020,LIMA,HUAROCHIRI,CHICLA,ESTANCIA HUISHCACANCHA,RURAL,-11.73829,-76.24434,0.0,0.0,0.0,0.0,0.0,0.0,0.0,0.0,0.0,0.0,0.0,0.0,0.0,0.0,0,0.0,0,0.0,0.0,0.0,0,0.0,0.0,0.0,0.0,0.0,0.0,0.0,0.0,0.0,0.0,0.0,0.0,Bitel,0,0.0,Bitel,0,0.0,Bitel,0,0.0,Bitel,0,1.0,1.0,1.0,1.0,1.0,100.0,BRECHA CRITICA,False,False
1507050021,LIMA,HUAROCHIRI,CHICLA,ESTANCIA PANA - PANA,RURAL,-11.74301,-76.24468,0.0,0.0,0.0,0.0,0.0,0.0,0.0,0.0,0.0,0.0,0.0,0.0,0.0,0.0,0,0.0,0,0.0,0.0,0.0,0,0.0,0.0,0.0,0.0,0.0,0.0,0.0,0.0,0.0,0.0,0.0,0.0,Bitel,0,0.0,Bitel,0,0.0,Bitel,0,0.0,Bitel,0,1.0,1.0,1.0,1.0,1.0,100.0,BRECHA CRITICA,False,False
1507050022,LIMA,HUAROCHIRI,CHICLA,ESTANCIA PARIA,RURAL,-11.72985,-76.24842,0.0,0.0,0.0,0.0,0.0,0.0,0.0,0.0,0.0,0.0,0.0,0.0,0.0,0.0,0,0.0,0,0.0,0.0,0.0,0,0.0,0.0,0.0,0.0,0.0,0.0,0.0,0.0,0.0,0.0,0.0,0.0,Bitel,0,0.0,Bitel,0,0.0,Bitel,0,0.0,Bitel,0,1.0,1.0,1.0,1.0,1.0,100.0,BRECHA CRITICA,False,False
1507050023,LIMA,HUAROCHIRI,CHICLA,ESTANCIA QUILLIRANGRA,RURAL,-11.72564,-76.25131,0.0,0.0,0.0,0.0,0.0,0.0,0.0,0.0,0.0,0.0,0.0,0.0,0.0,0.0,0,0.0,0,0.0,0.0,0.0,0,0.0,0.0,0.0,0.0,0.0,0.0,0.0,0.0,0.0,0.0,0.0,0.0,Bitel,0,0.0,Bitel,0,0.0,Bitel,0,0.0,Bitel,0,1.0,1.0,1.0,1.0,1.0,100.0,BRECHA CRITICA,False,False
1507050024,LIMA,HUAROCHIRI,CHICLA,ESTANCIA ATACRA,RURAL,-11.72846,-76.23081,0.0,0.0,0.0,0.0,0.0,0.0,0.0,0.0,0.0,0.0,0.0,0.0,0.0,0.0,0,0.0,0,0.0,0.0,0.0,0,0.0,0.0,0.0,0.0,0.0,0.0,0.0,0.0,0.0,0.0,0.0,0.0,Bitel,0,0.0,Bitel,0,0.0,Bitel,0,0.0,Bitel,0,1.0,1.0,1.0,1.0,1.0,100.0,BRECHA CRITICA,False,False
1507050025,LIMA,HUAROCHIRI,CHICLA,ESTANCIA PULULLO,RURAL,-11.77029,-76.19581,0.0,0.0,0.0,0.0,0.0,0.0,0.0,0.0,0.0,0.0,0.0,0.0,0.0,0.0,0,0.0,0,0.0,0.0,0.0,0,0.0,0.0,0.0,0.0,0.0,0.0,0.0,0.0,0.0,0.0,0.0,0.0,Bitel,0,0.0,Bitel,0,0.0,Bitel,0,0.0,Bitel,0,1.0,1.0,1.0,1.0,1.0,100.0,BRECHA CRITICA,False,False
1507050026,LIMA,HUAROCHIRI,CHICLA,ESTANCIA ISCUTACANA,RURAL,-11.78333,-76.22692,0.0,0.0,0.0,0.0,0.0,0.0,0.0,0.0,0.0,0.0,0.0,0.0,0.0,0.0,0,0.0,0,0.0,0.0,0.0,0,0.0,0.0,0.0,0.0,0.0,0.0,0.0,0.0,0.0,0.0,0.0,0.0,Bitel,0,0.0,Bitel,0,0.0,Bitel,0,0.0,Bitel,0,1.0,1.0,1.0,1.0,1.0,100.0,BRECHA CRITICA,False,False
1507050027,LIMA,HUAROCHIRI,CHICLA,ESTANCIA TUNSHOCANCHA,RURAL,-11.7656,-76.22536,0.0,0.0,0.0,0.0,0.0,0.0,0.0,0.0,0.0,0.0,0.0,0.0,0.0,0.0,0,0.0,0,0.0,0.0,0.0,0,0.0,0.0,0.0,0.0,0.0,0.0,0.0,0.0,0.0,0.0,0.0,0.0,Bitel,0,0.0,Bitel,0,0.0,Bitel,0,0.0,Bitel,0,1.0,1.0,1.0,1.0,1.0,100.0,BRECHA CRITICA,False,False
1507050028,LIMA,HUAROCHIRI,CHICLA,ESTANCIA MANCHAY,RURAL,-11.7555,-76.24931,0.0,0.0,0.0,0.0,0.0,0.0,0.0,0.0,0.0,0.0,0.0,0.0,0.0,0.0,0,0.0,0,0.0,0.0,0.0,0,0.0,0.0,0.0,0.0,0.0,0.0,0.0,0.0,0.0,0.0,0.0,0.0,Bitel,0,0.0,Bitel,0,0.0,Bitel,0,0.0,Bitel,0,1.0,1.0,1.0,1.0,1.0,100.0,BRECHA CRITICA,False,False
1507050029,LIMA,HUAROCHIRI,CHICLA,CHINCHAN,RURAL,-11.61023,-76.2391,0.0,0.0,0.0,0.6296018550808103,0.0,0.0,0.0,0.06197805229661221,0.0,0.06197805229661221,0.0,0.05836780863171293,0.0,0.0,0,0.126728530628068,0,0.0,0.0,0.0,0,0.0,0.0,0.0,0.0,0.0,0.0,0.0,0.0,0.0,0.0,0.0,0.0,Bitel,0,0.6296018550808103,Bitel,0,0.0,Bitel,0,0.0,Bitel,0,1.0,0.37039814491918965,1.0,1.0,1.0,87.41,COBERTURA PARCIAL,False,False
1507050030,LIMA,HUAROCHIRI,CHICLA,ESTANCIA UCUSHCANCHA,RURAL,-11.71282,-76.23809,0.0,0.0,0.0,0.0,0.0,0.0,0.0,0.0,0.0,0.0,0.0,0.0,0.0,0.0,0,0.0,0,0.0,0.0,0.0,0,0.0,0.0,0.0,0.0,0.0,0.0,0.0,0.0,0.0,0.0,0.0,0.0,Bitel,0,0.0,Bitel,0,0.0,Bitel,0,0.0,Bitel,0,1.0,1.0,1.0,1.0,1.0,100.0,BRECHA CRITICA,False,False
1507050031,LIMA,HUAROCHIRI,CHICLA,ESTANCIA HUACHICACA,RURAL,-11.71978,-76.24837,0.0,0.0,0.0,0.0,0.0,0.0,0.0,0.0,0.0,0.0,0.0,0.0,0.0,0.0,0,0.0,0,0.0,0.0,0.0,0,0.0,0.0,0.0,0.0,0.0,0.0,0.0,0.0,0.0,0.0,0.0,0.0,Bitel,0,0.0,Bitel,0,0.0,Bitel,0,0.0,Bitel,0,1.0,1.0,1.0,1.0,1.0,100.0,BRECHA CRITICA,False,False
1507050032,LIMA,HUAROCHIRI,CHICLA,CASAPALCA,RURAL,-11.66438,-76.24981,0.1420551059321387,0.7303597673420599,0.7571797054213141,0.9999999575557464,0.0,0.0,0.320383288998336,1.0,0.0,0.989850013583616,0.2283703385977831,0.9793368907149005,0.0,0.0,0,1.0,0,1.0,0.0,1.0,0,0.0,0.0,0.0,0.0,0.0,0.0,0.0,0.0,0.0,0.0,0.0,0.7571797054213141,Bitel,0,1.0,Entel,3,0.0,Bitel,0,0.0,Bitel,0,0.24282029457868592,0.0,1.0,0.25,1.0,38.43,COBERTURA ALTA,False,False
1507050033,LIMA,HUAROCHIRI,CHICLA,TABLACHACA,RURAL,-11.67927,-76.25832,0.04384659819647476,0.1400550142028977,0.43887339453745,0.999999855920673,0.0,0.0,0.0,0.8914975403425867,0.0,0.07256961068452968,0.0,0.0,0.0,0.0,0,0.3117763368377177,0,0.007846591574744368,0.0,0.38820310294363,0,0.0,0.0,0.4362409133208166,0.0,0.0,0.0,0.0,0.0,0.0,0.0,0.0,0.43887339453745,Bitel,0,0.999999855920673,Bitel,1,0.0,Bitel,0,0.0,Bitel,0,0.56112660546255,1.4407932702464876e-07,1.0,0.75,1.0,57.75,COBERTURA ALTA,False,False
1507050034,LIMA,HUAROCHIRI,CHICLA,PUENTE COPA,RURAL,-11.73208,-76.25789,0.0,0.0,0.0,0.0,0.0,0.0,0.0,0.0,0.0,0.0,0.0,0.0,0.0,0.0,0,0.0,0,0.0,0.0,0.0,0,0.0,0.0,0.0,0.0,0.0,0.0,0.0,0.0,0.0,0.0,0.0,0.0,Bitel,0,0.0,Bitel,0,0.0,Bitel,0,0.0,Bitel,0,1.0,1.0,1.0,1.0,1.0,100.0,BRECHA CRITICA,False,False
1507050035,LIMA,HUAROCHIRI,CHICLA,ESTANCIA JOIRE,RURAL,-11.75386,-76.24042,0.0,0.0,0.0,0.0,0.0,0.0,0.0,0.0,0.0,0.0,0.0,0.0,0.0,0.0,0,0.0,0,0.0,0.0,0.0,0,0.0,0.0,0.0,0.0,0.0,0.0,0.0,0.0,0.0,0.0,0.0,0.0,Bitel,0,0.0,Bitel,0,0.0,Bitel,0,0.0,Bitel,0,1.0,1.0,1.0,1.0,1.0,100.0,BRECHA CRITICA,False,False
1507050036,LIMA,HUAROCHIRI,CHICLA,ESTANCIA PARO,RURAL,-11.72088,-76.25017,0.0,0.0,0.0,0.0,0.0,0.0,0.0,0.0,0.0,0.0,0.0,0.0,0.0,0.0,0,0.0,0,0.0,0.0,0.0,0,0.0,0.0,0.0,0.0,0.0,0.0,0.0,0.0,0.0,0.0,0.0,0.0,Bitel,0,0.0,Bitel,0,0.0,Bitel,0,0.0,Bitel,0,1.0,1.0,1.0,1.0,1.0,100.0,BRECHA CRITICA,False,False
1507050037,LIMA,HUAROCHIRI,CHICLA,ESTANCIA ANTAURA,RURAL,-11.73242,-76.26241,0.0,0.0,0.0,0.0,0.0,0.0,0.0,0.0,0.0,0.0,0.0,0.0,0.0,0.0,0,0.0,0,0.0,0.0,0.0,0,0.0,0.0,0.0,0.0,0.0,0.0,0.0,0.0,0.0,0.0,0.0,0.0,Bitel,0,0.0,Bitel,0,0.0,Bitel,0,0.0,Bitel,0,1.0,1.0,1.0,1.0,1.0,100.0,BRECHA CRITICA,False,False
1507050040,LIMA,HUAROCHIRI,CHICLA,TACPIN,RURAL,-11.65392,-76.25938,0.0,0.0,0.0,0.0,0.0,0.0,0.0,0.2492429321676677,0.0,0.1379517923633067,0.0,0.01764555645881639,0.0,0.0,0,0.130444250336071,0,0.009654801150068892,0.0,0.001965245517474734,0,0.0,0.0,0.0,0.0,0.0,0.0,0.0,0.0,0.0,0.0,0.0,0.0,Bitel,0,0.01764555645881639,Claro,0,0.0,Bitel,0,0.0,Bitel,0,1.0,0.9823544435411836,1.0,1.0,1.0,99.65,BRECHA CRITICA,False,False
1507060001,LIMA,HUAROCHIRI,CUENCA,SAN JOSE DE LOS CHORRILLOS,URBANO,-12.13224,-76.43531,0.0,0.0,0.0,0.0,0.0,0.0,0.05556117306890074,0.999999955145774,0.0,0.9772812457364968,0.0,0.2361232075757888,0.0,0.0,0,0.0,0,0.0,0.0,0.07735671283967684,0,0.0,0.9990053555820171,0.9999999551458866,0.0,0.0,0.0,0.1860401789360742,0.0,0.0,0.0,0.0,0.0,Bitel,0,0.2361232075757888,Claro,0,0.0,Bitel,0,0.0,Bitel,0,1.0,0.7638767924242111,1.0,1.0,0.0,85.28,COBERTURA PARCIAL,False,False
1507060003,LIMA,HUAROCHIRI,CUENCA,CUMPARCITA,RURAL,-12.10506,-76.46475,0.0,0.0,0.0,0.0,0.0,0.0,0.0,0.9999999959954213,0.0,0.9805973752057479,0.0,0.7304128209544368,0.0,0.0,0,0.0,0,0.0,0.0,0.0,0,0.0,0.0,0.9467684840531896,0.0,0.0,0.0,0.9927082692681862,0.0,0.0,0.0,0.0,0.0,Bitel,0,0.9927082692681862,Movistar,1,0.0,Bitel,0,0.0,Bitel,0,1.0,0.0072917307318137725,1.0,0.75,1.0,77.65,COBERTURA ALTA,False,False
1507060004,LIMA,HUAROCHIRI,CUENCA,SAN MARTIN DE ORCOCOTO,RURAL,-12.10596,-76.45994,0.0,0.0,0.0,0.0,0.0,0.0,0.0,0.9999999969798852,0.0,0.9999999969796672,0.0,0.9172035368346052,0.0,0.0,0,0.0,0,0.0,0.0,0.0,0,0.0,0.0,0.8567333546139173,0.0,0.0,0.0,0.9828200577411852,0.0,0.0,0.0,0.0,0.0,Bitel,0,0.9828200577411852,Movistar,2,0.0,Bitel,0,0.0,Bitel,0,1.0,0.017179942258814807,1.0,0.5,1.0,75.34,COBERTURA ALTA,False,False
1507060005,LIMA,HUAROCHIRI,CUENCA,RIO SECO,RURAL,-12.11354,-76.46507,0.0,0.0,0.0,0.0,0.0,0.0,0.0,0.0,0.0,0.0,0.0,0.0,0.0,0.0,0,0.0,0,0.0,0.0,0.0,0,0.0,0.0,0.8547483778644807,0.0,0.0,0.0,0.3814337962176677,0.0,0.0,0.0,0.0,0.0,Bitel,0,0.3814337962176677,Movistar,0,0.0,Bitel,0,0.0,Bitel,0,1.0,0.6185662037823323,1.0,1.0,1.0,92.37,COBERTURA PARCIAL,False,False
1507060006,LIMA,HUAROCHIRI,CUENCA,CHAUPERARCA,RURAL,-12.11383,-76.45798,0.0,0.0,0.0,0.0,0.0,0.0,0.0,0.9999999998638975,0.0,0.9999999998640159,0.0,0.9044609099960924,0.0,0.0,0,0.0,0,0.0,0.0,0.0,0,0.0,0.0,0.9999999998640117,0.0,0.0,0.0,0.9694076129414113,0.0,0.0,0.0,0.0,0.0,Bitel,0,0.9694076129414113,Movistar,2,0.0,Bitel,0,0.0,Bitel,0,1.0,0.030592387058588688,1.0,0.5,1.0,75.61,COBERTURA ALTA,False,False
1507060007,LIMA,HUAROCHIRI,CUENCA,LACAPUCRO,RURAL,-12.12052,-76.45059,0.0,0.0,0.0,0.0,0.0,0.0,0.0,0.9868419903948091,0.0,0.5597854513374629,0.0,0.02069363655115403,0.0,0.0,0,0.0,0,0.0,0.0,0.0,0,0.0,0.0,0.999999995947673,0.0,0.0,0.0,0.03014633762775667,0.0,0.0,0.0,0.0,0.0,Bitel,0,0.03014633762775667,Movistar,0,0.0,Bitel,0,0.0,Bitel,0,1.0,0.9698536623722434,1.0,1.0,1.0,99.4,BRECHA CRITICA,False,False
1507060008,LIMA,HUAROCHIRI,CUENCA,SIMPLAYA,RURAL,-12.12738,-76.44046,0.0,0.0,0.0,0.0,0.0,0.0,0.0,0.9691415906514255,0.0,0.3860312107637187,0.0,0.02074573328431537,0.0,0.0,0,0.0,0,0.0,0.0,0.3319845293150602,0,0.0,0.08089418198727412,1.0,0.0,0.0,0.0,0.0,0.0,0.0,0.0,0.0,0.0,Bitel,0,0.3319845293150602,Entel,0,0.0,Bitel,0,0.0,Bitel,0,1.0,0.6680154706849398,1.0,1.0,1.0,93.36,COBERTURA PARCIAL,False,False
1507060012,LIMA,HUAROCHIRI,CUENCA,CHIGUALIACO,RURAL,-12.1423,-76.46506,0.0,0.0,0.0,0.0,0.0,0.0,0.0,0.0,0.0,0.0,0.0,0.0,0.0,0.0,0,0.0,0,0.0,0.0,0.02682135167932377,0,0.0,0.0,0.9961279586233576,0.0,0.0,0.0,0.0,0.0,0.0,0.0,0.0,0.0,Bitel,0,0.02682135167932377,Entel,0,0.0,Bitel,0,0.0,Bitel,0,1.0,0.9731786483206762,1.0,1.0,1.0,99.46,BRECHA CRITICA,False,False
1507060016,LIMA,HUAROCHIRI,CUENCA,HUALAYCA,RURAL,-12.15162,-76.51375,0.0,0.0,0.0,0.0,0.0,0.0,0.0,0.0,0.0,0.0,0.0,0.0,0.0,0.0,0,0.0,0,0.0,0.0,0.4887990793026654,0,0.0,0.0,0.9837861305968414,0.0,0.0,0.0,0.6252287202540239,0.0,0.0,0.0,0.0,0.0,Bitel,0,0.6252287202540239,Movistar,0,0.0,Bitel,0,0.0,Bitel,0,1.0,0.3747712797459761,1.0,1.0,1.0,87.5,COBERTURA PARCIAL,False,False
1507060017,LIMA,HUAROCHIRI,CUENCA,CHAHUE,RURAL,-12.16098,-76.50301,0.0,0.0,0.0,0.0,0.0,0.0,0.0,0.0,0.0,0.0,0.0,0.0,0.0,0.0,0,0.0,0,0.0,0.0,0.0,0,0.0,0.0,0.9414597764026407,0.0,0.0,0.0,0.0,0.0,0.0,0.0,0.0,0.0,Bitel,0,0.0,Bitel,0,0.0,Bitel,0,0.0,Bitel,0,1.0,1.0,1.0,1.0,1.0,100.0,BRECHA CRITICA,False,False
1507060018,LIMA,HUAROCHIRI,CUENCA,BUENA VISTA,RURAL,-12.17518,-76.48628,0.0,0.0,0.0,0.0,0.0,0.0,0.0,0.0,0.0,0.0,0.0,0.0,0.0,0.0,0,0.0,0,0.0,0.0,0.8089211626796018,0,0.0,0.0,0.9966884604775581,0.0,0.0,0.0,0.0,0.0,0.0,0.0,0.0,0.0,Bitel,0,0.8089211626796018,Entel,1,0.0,Bitel,0,0.0,Bitel,0,1.0,0.1910788373203982,1.0,0.75,1.0,81.32,COBERTURA ALTA,False,False
1507060019,LIMA,HUAROCHIRI,CUENCA,JANTAJA,RURAL,-12.16444,-76.47737,0.0,0.0,0.0,0.0,0.0,0.0,0.0,0.0,0.0,0.0,0.0,0.0,0.0,0.0,0,0.0,0,0.0,0.0,0.886218877691304,0,0.0,0.0,1.0,0.0,0.0,0.0,0.01493106031637027,0.0,0.0,0.0,0.0,0.0,Bitel,0,0.886218877691304,Entel,1,0.0,Bitel,0,0.0,Bitel,0,1.0,0.11378112230869597,1.0,0.75,1.0,79.78,COBERTURA ALTA,False,False
1507060020,LIMA,HUAROCHIRI,CUENCA,LANJUNA,RURAL,-12.15082,-76.45886,0.0,0.0,0.0,0.0,0.0,0.0,0.0,0.0,0.0,0.08278314709260855,0.0,0.02069578677315214,0.0,0.0,0,0.0,0,0.0,0.0,0.8301635828302346,0,0.0,0.0,1.0,0.0,0.0,0.0,0.5462155733291842,0.0,0.0,0.0,0.0,0.0,Bitel,0,0.8301635828302346,Entel,1,0.0,Bitel,0,0.0,Bitel,0,1.0,0.16983641716976539,1.0,0.75,1.0,80.9,COBERTURA ALTA,False,False
1507060023,LIMA,HUAROCHIRI,CUENCA,ARAUCA,RURAL,-12.14883,-76.42914,0.0,0.0,0.0,0.0,0.0,0.0,0.0,0.9999999989284294,0.0,0.916601490363169,0.0,0.8491935222045413,0.0,0.0,0,0.0,0,0.0,0.0,0.0,0,0.0,0.3046724309312567,0.9999999989287413,0.0,0.0,0.0,0.0,0.0,0.0,0.0,0.0,0.0,Bitel,0,0.8491935222045413,Claro,1,0.0,Bitel,0,0.0,Bitel,0,1.0,0.15080647779545875,1.0,0.75,1.0,80.52,COBERTURA ALTA,False,False
1507060024,LIMA,HUAROCHIRI,CUENCA,QUINTA VILLARAN,RURAL,-12.15359,-76.42852,0.0,0.0,0.0,0.0,0.0,0.0,0.0,0.9999999999535422,0.0,0.9999999999538388,0.0,0.9379104152411604,0.0,0.0,0,0.0,0,0.0,0.0,0.0,0,0.0,0.02393057665451176,0.9999999999533602,0.0,0.0,0.0,0.0,0.0,0.0,0.0,0.0,0.0,Bitel,0,0.9379104152411604,Claro,1,0.0,Bitel,0,0.0,Bitel,0,1.0,0.06208958475883963,1.0,0.75,1.0,78.74,COBERTURA ALTA,False,False
1507060025,LIMA,HUAROCHIRI,CUENCA,CHUMPIYA,RURAL,-12.15709,-76.42699,0.0,0.0,0.0,0.0,0.0,0.0,0.0,0.99999999890028,0.0,0.9999999989004421,0.0,0.9999999988998577,0.0,0.0,0,0.0,0,0.0,0.0,0.0,0,0.0,0.0,0.9999999989002666,0.0,0.0,0.0,0.0,0.0,0.0,0.0,0.0,0.0,Bitel,0,0.9999999988998577,Claro,1,0.0,Bitel,0,0.0,Bitel,0,1.0,1.1001423105838626e-09,1.0,0.75,1.0,77.5,COBERTURA ALTA,False,False
1507060027,LIMA,HUAROCHIRI,CUENCA,LANCHI,RURAL,-12.15842,-76.42935,0.0,0.0,0.0,0.0,0.0,0.0,0.0,0.9999999992463882,0.0,0.9999999992463882,0.0,0.9999999992463882,0.0,0.0,0,0.0,0,0.0,0.0,0.0,0,0.0,0.0,0.9999999992464557,0.0,0.0,0.0,0.0,0.0,0.0,0.0,0.0,0.0,Bitel,0,0.9999999992463882,Claro,1,0.0,Bitel,0,0.0,Bitel,0,1.0,7.536118395989888e-10,1.0,0.75,1.0,77.5,COBERTURA ALTA,False,False
1507060029,LIMA,HUAROCHIRI,CUENCA,BAJUTA,RURAL,-12.15632,-76.42288,0.0,0.0,0.0,0.0,0.0,0.0,0.0,0.9999999952580776,0.0,0.9999999952580776,0.0,0.9999999952580776,0.0,0.0,0,0.0,0,0.0,0.0,0.0,0,0.0,0.0,0.6737329926414342,0.0,0.0,0.0,0.0,0.0,0.0,0.0,0.0,0.0,Bitel,0,0.9999999952580776,Claro,1,0.0,Bitel,0,0.0,Bitel,0,1.0,4.74192241028959e-09,1.0,0.75,1.0,77.5,COBERTURA ALTA,False,False
1507060030,LIMA,HUAROCHIRI,CUENCA,SAUSICHA,RURAL,-12.1281,-76.45082,0.0,0.0,0.0,0.0,0.0,0.0,0.0,0.9574194278925199,0.0,1.0,0.0,0.0,0.0,0.0,0,0.0,0,0.0,0.0,0.4608071886844092,0,0.0,0.03862744478728027,1.0,0.0,0.0,0.0,0.3079380174752178,0.0,0.0,0.0,0.0,0.0,Bitel,0,0.4608071886844092,Entel,0,0.0,Bitel,0,0.0,Bitel,0,1.0,0.5391928113155908,1.0,1.0,1.0,90.78,COBERTURA PARCIAL,False,False
1507060031,LIMA,HUAROCHIRI,CUENCA,TRES QUEBRADAS,RURAL,-12.16979,-76.46242,0.0,0.0,0.0,0.0,0.0,0.0,0.0,0.0,0.0,0.0,0.0,0.0,0.0,0.0,0,0.0,0,0.0,0.0,0.0,0,0.0,0.0,0.9811826958928164,0.0,0.0,0.0,0.0,0.0,0.0,0.0,0.0,0.0,Bitel,0,0.0,Bitel,0,0.0,Bitel,0,0.0,Bitel,0,1.0,1.0,1.0,1.0,1.0,100.0,BRECHA CRITICA,False,False
1507060032,LIMA,HUAROCHIRI,CUENCA,CHAUCANSA,RURAL,-12.16979,-76.46244,0.0,0.0,0.0,0.0,0.0,0.0,0.0,0.0,0.0,0.0,0.0,0.0,0.0,0.0,0,0.0,0,0.0,0.0,0.0,0,0.0,0.0,0.9822654333434392,0.0,0.0,0.0,0.0,0.0,0.0,0.0,0.0,0.0,Bitel,0,0.0,Bitel,0,0.0,Bitel,0,0.0,Bitel,0,1.0,1.0,1.0,1.0,1.0,100.0,BRECHA CRITICA,False,False
1507060033,LIMA,HUAROCHIRI,CUENCA,MACSA,RURAL,-12.16443,-76.4774,0.0,0.0,0.0,0.0,0.0,0.0,0.0,0.0,0.0,0.0,0.0,0.0,0.0,0.0,0,0.0,0,0.0,0.0,0.8826950325065821,0,0.0,0.0,1.0,0.0,0.0,0.0,0.01441578636944071,0.0,0.0,0.0,0.0,0.0,Bitel,0,0.8826950325065821,Entel,1,0.0,Bitel,0,0.0,Bitel,0,1.0,0.1173049674934179,1.0,0.75,1.0,79.85,COBERTURA ALTA,False,False
1507060034,LIMA,HUAROCHIRI,CUENCA,PORTILLO,RURAL,-12.1364,-76.49664,0.0,0.0,0.0,0.0,0.0,0.0,0.0,0.0,0.0,0.0,0.0,0.0,0.0,0.0,0,0.0,0,0.0,0.0,0.5857589030089048,0,0.0,0.0,0.9210488494620063,0.0,0.0,0.0,0.7091636367887136,0.0,0.0,0.0,0.0,0.0,Bitel,0,0.7091636367887136,Movistar,0,0.0,Bitel,0,0.0,Bitel,0,1.0,0.29083636321128636,1.0,1.0,1.0,85.82,COBERTURA PARCIAL,False,False
1507060035,LIMA,HUAROCHIRI,CUENCA,HUASUCARA,RURAL,-12.18705,-76.46279,0.0,0.0,0.0,0.0,0.0,0.0,0.0,0.0,0.0,0.0,0.0,0.0,0.0,0.0,0,0.06114157765402349,0,0.0,0.0,0.1285479703170179,0,0.0,0.0,0.8704301698814022,0.0,0.0,0.0,0.0,0.0,0.0,0.0,0.0,0.0,Bitel,0,0.1285479703170179,Entel,0,0.0,Bitel,0,0.0,Bitel,0,1.0,0.8714520296829821,1.0,1.0,1.0,97.43,BRECHA CRITICA,False,False
1507060036,LIMA,HUAROCHIRI,CUENCA,JATO,RURAL,-12.15716,-76.42714,0.0,0.0,0.0,0.0,0.0,0.0,0.0,0.9999999968992472,0.0,0.9999999968992588,0.0,0.9999999968993297,0.0,0.0,0,0.0,0,0.0,0.0,0.0,0,0.0,0.0,0.9999999968992448,0.0,0.0,0.0,0.0,0.0,0.0,0.0,0.0,0.0,Bitel,0,0.9999999968993297,Claro,1,0.0,Bitel,0,0.0,Bitel,0,1.0,3.1006702760905114e-09,1.0,0.75,1.0,77.5,COBERTURA ALTA,False,False
1507060037,LIMA,HUAROCHIRI,CUENCA,LECHEJA,RURAL,-12.14885,-76.42915,0.0,0.0,0.0,0.0,0.0,0.0,0.0,1.0,0.0,0.9195749987468645,0.0,0.8542921798938088,0.0,0.0,0,0.0,0,0.0,0.0,0.0,0,0.0,0.2997849565874343,1.0,0.0,0.0,0.0,0.0,0.0,0.0,0.0,0.0,0.0,Bitel,0,0.8542921798938088,Claro,1,0.0,Bitel,0,0.0,Bitel,0,1.0,0.1457078201061912,1.0,0.75,1.0,80.41,COBERTURA ALTA,False,False
1507060038,LIMA,HUAROCHIRI,CUENCA,ANTINCA,RURAL,-12.14425,-76.48554,0.0,0.0,0.0,0.0,0.0,0.0,0.0,0.0,0.0,0.0,0.0,0.0,0.0,0.0,0,0.0,0,0.0,0.0,0.1797804240100058,0,0.0,0.0,0.8243847031715693,0.0,0.0,0.0,0.0988376855249623,0.0,0.0,0.0,0.0,0.0,Bitel,0,0.1797804240100058,Entel,0,0.0,Bitel,0,0.0,Bitel,0,1.0,0.8202195759899942,1.0,1.0,1.0,96.4,BRECHA CRITICA,False,False
1507060039,LIMA,HUAROCHIRI,CUENCA,CHACAPUNCO,RURAL,-12.13936,-76.49713,0.0,0.0,0.0,0.0,0.0,0.0,0.0,0.0,0.0,0.0,0.0,0.0,0.0,0.0,0,0.0,0,0.0,0.0,0.0,0,0.0,0.0,0.8726541730172706,0.0,0.0,0.0,0.0,0.0,0.0,0.0,0.0,0.0,Bitel,0,0.0,Bitel,0,0.0,Bitel,0,0.0,Bitel,0,1.0,1.0,1.0,1.0,1.0,100.0,BRECHA CRITICA,False,False
1507070001,LIMA,HUAROCHIRI,HUACHUPAMPA,SAN LORENZO DE HUACHUPAMPA,URBANO,-11.7217,-76.58761,0.0,0.0,0.0,0.0,0.0,0.0,0.8942825786466183,1.0,0.5992134337830403,1.0,0.0,1.0,0.0,0.0,0,0.0,0,0.0,0.0,0.0,0,0.0,1.0,1.0,0.0,0.0,0.0,0.7222780275089297,0.0,0.0,0.0,0.0,0.0,Bitel,0,1.0,Claro,1,0.0,Bitel,0,0.0,Bitel,0,1.0,0.0,1.0,0.75,0.0,67.5,COBERTURA ALTA,False,False
1507070004,LIMA,HUAROCHIRI,HUACHUPAMPA,YANAMA,RURAL,-11.67765,-76.59442,0.0,0.0,0.0,0.0,0.0,0.0,0.0,0.9605160951171748,0.0,0.5435771040220352,0.0,0.0,0.0,0.0,0,0.0,0,0.0,0.0,0.0,0,0.0,0.0276154753022807,0.9999999997921202,0.0,0.0,0.0,0.9999999997925587,0.0,0.0,0.0,0.0,0.0,Bitel,0,0.9999999997925587,Movistar,1,0.0,Bitel,0,0.0,Bitel,0,1.0,2.074412863706243e-10,1.0,0.75,1.0,77.5,COBERTURA ALTA,False,False
1507070005,LIMA,HUAROCHIRI,HUACHUPAMPA,THORMANGUIA,RURAL,-11.68505,-76.61963,0.0,0.0,0.0,0.0,0.0,0.0,0.0,0.0,0.0,0.0,0.0,0.0,0.0,0.0,0,0.0,0,0.0,0.0,0.0,0,0.0,0.0,0.3377690515984167,0.0,0.0,0.0,0.08729810767822527,0.0,0.0,0.0,0.0,0.0,Bitel,0,0.08729810767822527,Movistar,0,0.0,Bitel,0,0.0,Bitel,0,1.0,0.9127018923217747,1.0,1.0,1.0,98.25,BRECHA CRITICA,False,False
1507070006,LIMA,HUAROCHIRI,HUACHUPAMPA,PACRAY,RURAL,-11.70308,-76.62952,0.0,0.0,0.0,0.0,0.0,0.0,0.0,0.03410561231687703,0.0,0.0,0.0,0.0,0.0,0.0,0,0.0,0,0.0,0.0,0.0,0,0.0,0.0,0.997903444676479,0.0,0.0,0.0,0.3628066159492617,0.0,0.0,0.0,0.0,0.0,Bitel,0,0.3628066159492617,Movistar,0,0.0,Bitel,0,0.0,Bitel,0,1.0,0.6371933840507382,1.0,1.0,1.0,92.74,COBERTURA PARCIAL,False,False
1507070007,LIMA,HUAROCHIRI,HUACHUPAMPA,PONGO,RURAL,-11.70151,-76.59034,0.0,0.0,0.0,0.0,0.0,0.0,0.0,0.9999999999404459,0.0,0.9999999999404457,0.0,0.004007958579112748,0.0,0.0,0,0.0,0,0.0,0.0,0.0,0,0.0,0.7140574347809572,0.999999999940668,0.0,0.0,0.0,0.9382695600325054,0.0,0.0,0.0,0.0,0.0,Bitel,0,0.9382695600325054,Movistar,1,0.0,Bitel,0,0.0,Bitel,0,1.0,0.06173043996749461,1.0,0.75,1.0,78.73,COBERTURA ALTA,False,False
1507070008,LIMA,HUAROCHIRI,HUACHUPAMPA,VICAS,URBANO,-11.71193,-76.60158,0.0,0.0,0.0,0.0,0.0,0.0,0.0,0.9999999698984424,0.0,0.9999999698984424,0.0,0.9999999698984424,0.0,0.0,0,0.0,0,0.0,0.0,0.0,0,0.0,0.9999999698984106,0.9999999698984106,0.0,0.0,0.0,0.9999999698981736,0.0,0.0,0.0,0.0,0.0,Bitel,0,0.9999999698984424,Claro,2,0.0,Bitel,0,0.0,Bitel,0,1.0,3.010155757987576e-08,1.0,0.5,0.0,65.0,COBERTURA ALTA,False,False
1507070009,LIMA,HUAROCHIRI,HUACHUPAMPA,LUCMA,RURAL,-11.72027,-76.59393,0.0,0.0,0.0,0.0,0.0,0.0,0.9460191528816421,0.9999999989848066,0.0,0.9999999989846565,0.0,0.9999999989846565,0.0,0.0,0,0.0,0,0.0,0.0,0.0,0,0.0,0.5694588147906728,0.9999999989845859,0.0,0.0,0.0,0.973640324580449,0.0,0.0,0.0,0.0,0.0,Bitel,0,0.9999999989846565,Claro,2,0.0,Bitel,0,0.0,Bitel,0,1.0,1.0153434759629931e-09,1.0,0.5,1.0,75.0,COBERTURA ALTA,False,False
1507070010,LIMA,HUAROCHIRI,HUACHUPAMPA,POMACOCHA,RURAL,-11.70474,-76.55041,0.0,0.0,0.0,0.0,0.0,0.0,0.0,0.8263409351748964,0.0,0.8321121577701122,0.0,0.0,0.0,0.0,0,0.0,0,0.0,0.0,0.0,0,0.0,0.0,0.999999999254308,0.0,0.0,0.0,0.0,0.0,0.0,0.0,0.0,0.0,Bitel,0,0.0,Bitel,0,0.0,Bitel,0,0.0,Bitel,0,1.0,1.0,1.0,1.0,1.0,100.0,BRECHA CRITICA,False,False
1507070011,LIMA,HUAROCHIRI,HUACHUPAMPA,SHULSHA,RURAL,-11.72496,-76.60175,0.0,0.0,0.0,0.0,0.0,0.0,0.02066153891827714,0.9999999902141371,0.0,0.6907037844190982,0.0,0.07124887895425437,0.0,0.0,0,0.0,0,0.0,0.0,0.0,0,0.0,0.9999999902141283,0.999999990214128,0.0,0.0,0.0,0.9999999902142482,0.0,0.0,0.0,0.0,0.0,Bitel,0,0.9999999902142482,Movistar,1,0.0,Bitel,0,0.0,Bitel,0,1.0,9.785751764468387e-09,1.0,0.75,1.0,77.5,COBERTURA ALTA,False,False
1507070012,LIMA,HUAROCHIRI,HUACHUPAMPA,CHALLAMAYO,RURAL,-11.71303,-76.54883,0.0,0.0,0.0,0.0,0.0,0.0,0.0,0.06749915793791644,0.0,0.0,0.0,0.0,0.0,0.0,0,0.0,0,0.0,0.0,0.0,0,0.0,0.0,1.0,0.0,0.0,0.0,0.0,0.0,0.0,0.0,0.0,0.0,Bitel,0,0.0,Bitel,0,0.0,Bitel,0,0.0,Bitel,0,1.0,1.0,1.0,1.0,1.0,100.0,BRECHA CRITICA,False,False
1507070013,LIMA,HUAROCHIRI,HUACHUPAMPA,PARIACOCHA,RURAL,-11.71902,-76.54718,0.0,0.0,0.0,0.0,0.0,0.0,0.0,0.0,0.0,0.0,0.0,0.0,0.0,0.0,0,0.0,0,0.0,0.0,0.0,0,0.0,0.0,0.9999999972486087,0.0,0.0,0.0,0.0,0.0,0.0,0.0,0.0,0.0,Bitel,0,0.0,Bitel,0,0.0,Bitel,0,0.0,Bitel,0,1.0,1.0,1.0,1.0,1.0,100.0,BRECHA CRITICA,False,False
1507070014,LIMA,HUAROCHIRI,HUACHUPAMPA,AUTISHA,RURAL,-11.73431,-76.60383,0.0,0.0,0.0,0.0,0.0,0.0,0.0,0.9999999978586639,0.0,0.9999999978586639,0.0,0.6449359985165887,0.0,0.0,0,0.0,0,0.0,0.0,0.0,0,0.0,0.981199124403115,0.9999999978585935,0.0,0.0,0.0,0.9999999978586639,0.0,0.0,0.0,0.0,0.0,Bitel,0,0.9999999978586639,Movistar,1,0.0,Bitel,0,0.0,Bitel,0,1.0,2.1413361084299254e-09,1.0,0.75,1.0,77.5,COBERTURA ALTA,False,False
1507070015,LIMA,HUAROCHIRI,HUACHUPAMPA,CUÑA,RURAL,-11.7097,-76.57932,0.0,0.0,0.0,0.0,0.0,0.0,0.0,1.0,0.0,1.0,0.0,0.4673887664216168,0.0,0.0,0,0.0,0,0.0,0.0,0.0,0,0.0,0.08036288603719277,1.0,0.0,0.0,0.0,0.2700937791658214,0.0,0.0,0.0,0.0,0.0,Bitel,0,0.4673887664216168,Claro,0,0.0,Bitel,0,0.0,Bitel,0,1.0,0.5326112335783832,1.0,1.0,1.0,90.65,COBERTURA PARCIAL,False,False
1507070016,LIMA,HUAROCHIRI,HUACHUPAMPA,JATO VIEJO,RURAL,-11.71508,-76.60444,0.6534051387947584,0.8716204386207683,0.0,0.0,0.0,0.0,0.0,0.9999999964918949,0.0,0.9999999964918906,0.0,0.9999999964918949,0.0,0.0,0,0.0,0,0.0,0.0,0.0,0,0.0,0.9999999964918952,0.9999999964918949,0.0,0.0,0.0,0.9999999964918952,0.0,0.0,0.0,0.0,0.0,Bitel,0,0.9999999964918952,Movistar,2,0.0,Bitel,0,0.0,Bitel,0,1.0,3.5081048066487597e-09,1.0,0.5,1.0,75.0,COBERTURA ALTA,False,False
1507080001,LIMA,HUAROCHIRI,HUANZA,HUANZA,URBANO,-11.65606,-76.50338,0.0,0.0,0.0,0.0,0.0,0.0,0.1992108780935846,0.9999999442739101,0.0,0.9999999442735519,0.0,0.9999999442735557,0.0,0.0,0,0.0,0,0.0,0.0,0.0,0,0.0,0.9999999442735519,0.9999999442735519,0.0,0.0,0.0,0.0,0.0,0.0,0.0,0.0,0.0,Bitel,0,0.9999999442735557,Claro,1,0.0,Bitel,0,0.0,Bitel,0,1.0,5.572644434792551e-08,1.0,0.75,0.0,67.5,COBERTURA ALTA,False,False
1507080002,LIMA,HUAROCHIRI,HUANZA,RACRAY,RURAL,-11.47599,-76.4646,0.0,0.0,0.0,0.0,0.0,0.0,0.0,0.0,0.0,0.0,0.0,0.0,0.0,0.0,0,0.0,0,0.0,0.0,0.0,0,0.0,0.0,0.0,0.0,0.0,0.0,0.0,0.0,0.0,0.0,0.0,0.0,Bitel,0,0.0,Bitel,0,0.0,Bitel,0,0.0,Bitel,0,1.0,1.0,1.0,1.0,1.0,100.0,BRECHA CRITICA,False,False
1507080003,LIMA,HUAROCHIRI,HUANZA,QUISHA,RURAL,-11.5247,-76.3796,0.0,0.0,0.0,0.0,0.0,0.0,0.0,0.0,0.0,0.0,0.0,0.0,0.0,0.0,0,0.0,0,0.0,0.0,0.0,0,0.0,0.0,0.0,0.0,0.0,0.0,0.0,0.0,0.0,0.0,0.0,0.0,Bitel,0,0.0,Bitel,0,0.0,Bitel,0,0.0,Bitel,0,1.0,1.0,1.0,1.0,1.0,100.0,BRECHA CRITICA,False,False
1507080004,LIMA,HUAROCHIRI,HUANZA,CORTE,RURAL,-11.50665,-76.4366,0.0,0.0,0.0,0.0,0.0,0.0,0.0,0.0,0.0,0.0,0.0,0.0,0.0,0.0,0,0.0,0,0.0,0.0,0.0,0,0.0,0.0,0.0,0.0,0.0,0.0,0.0,0.0,0.0,0.0,0.0,0.0,Bitel,0,0.0,Bitel,0,0.0,Bitel,0,0.0,Bitel,0,1.0,1.0,1.0,1.0,1.0,100.0,BRECHA CRITICA,False,False
1507080005,LIMA,HUAROCHIRI,HUANZA,ACOBAMBA,URBANO,-11.54928,-76.50163,1.0,1.0,1.0,1.0,0.0,0.0,0.0,0.0,0.0,0.0,0.0,0.0,0.0,0.0,0,0.0,0,0.0,0.0,0.0,0,0.0,0.0,0.0,0.0,0.0,0.0,0.0,0.0,0.0,0.0,0.0,1.0,Bitel,1,1.0,Bitel,1,0.0,Bitel,0,0.0,Bitel,0,0.0,0.0,1.0,0.75,0.0,22.5,COBERTURA ALTA,True,False
1507080006,LIMA,HUAROCHIRI,HUANZA,HUAYCHUYPAMPA,RURAL,-11.54447,-76.48629,0.0,0.0,0.0,0.0,0.0,0.0,0.0,0.0,0.0,0.0,0.0,0.0,0.0,0.0,0,0.0,0,0.0,0.0,0.0,0,0.0,0.0,0.0,0.0,0.0,0.0,0.0,0.0,0.0,0.0,0.0,0.0,Bitel,0,0.0,Bitel,0,0.0,Bitel,0,0.0,Bitel,0,1.0,1.0,1.0,1.0,1.0,100.0,BRECHA CRITICA,False,False
1507080007,LIMA,HUAROCHIRI,HUANZA,COLLPA,RURAL,-11.57965,-76.51177,0.0,0.0,0.0,0.0,0.0,0.0,0.0,0.0,0.0,0.0,0.0,0.0,0.0,0.0,0,0.0,0,0.0,0.0,0.0,0,0.0,0.0,0.0,0.0,0.0,0.0,0.0,0.0,0.0,0.0,0.0,0.0,Bitel,0,0.0,Bitel,0,0.0,Bitel,0,0.0,Bitel,0,1.0,1.0,1.0,1.0,1.0,100.0,BRECHA CRITICA,False,False
1507080008,LIMA,HUAROCHIRI,HUANZA,HUARIHUARPO,RURAL,-11.55919,-76.48282,0.0,0.0,0.0,0.0,0.0,0.0,0.0,0.0,0.0,0.0,0.0,0.0,0.0,0.0,0,0.0,0,0.0,0.0,0.0,0,0.0,0.0,0.0,0.0,0.0,0.0,0.0,0.0,0.0,0.0,0.0,0.0,Bitel,0,0.0,Bitel,0,0.0,Bitel,0,0.0,Bitel,0,1.0,1.0,1.0,1.0,1.0,100.0,BRECHA CRITICA,False,False
1507080009,LIMA,HUAROCHIRI,HUANZA,FINLANDIA,RURAL,-11.5641,-76.45673,0.0,0.0,0.0,0.0,0.0,0.0,0.0,0.0,0.0,0.0,0.0,0.0,0.0,0.0,0,0.0,0,0.0,0.0,0.0,0,0.0,0.0,0.0,0.0,0.0,0.0,0.0,0.0,0.0,0.0,0.0,0.0,Bitel,0,0.0,Bitel,0,0.0,Bitel,0,0.0,Bitel,0,1.0,1.0,1.0,1.0,1.0,100.0,BRECHA CRITICA,False,False
1507080010,LIMA,HUAROCHIRI,HUANZA,PICHAC,RURAL,-11.57139,-76.42815,0.0,0.0,0.0,0.0,0.0,0.0,0.0,0.0,0.0,0.0,0.0,0.0,0.0,0.0,0,0.0,0,0.0,0.0,0.0,0,0.0,0.0,0.0,0.0,0.0,0.0,0.0,0.0,0.0,0.0,0.0,0.0,Bitel,0,0.0,Bitel,0,0.0,Bitel,0,0.0,Bitel,0,1.0,1.0,1.0,1.0,1.0,100.0,BRECHA CRITICA,False,False
1507080011,LIMA,HUAROCHIRI,HUANZA,PACO PACO,RURAL,-11.56386,-76.41461,0.0,0.0,0.0,0.0,0.0,0.0,0.0,0.0,0.0,0.0,0.0,0.0,0.0,0.0,0,0.0,0,0.0,0.0,0.0,0,0.0,0.0,0.0,0.0,0.0,0.0,0.0,0.0,0.0,0.0,0.0,0.0,Bitel,0,0.0,Bitel,0,0.0,Bitel,0,0.0,Bitel,0,1.0,1.0,1.0,1.0,1.0,100.0,BRECHA CRITICA,False,False
1507080014,LIMA,HUAROCHIRI,HUANZA,AURELIO,RURAL,-11.57014,-76.49875,0.0,0.0,0.0,0.0,0.0,0.0,0.0,0.0,0.0,0.0,0.0,0.0,0.0,0.0,0,0.0,0,0.0,0.0,0.0,0,0.0,0.0,0.0,0.0,0.0,0.0,0.0,0.0,0.0,0.0,0.0,0.0,Bitel,0,0.0,Bitel,0,0.0,Bitel,0,0.0,Bitel,0,1.0,1.0,1.0,1.0,1.0,100.0,BRECHA CRITICA,False,False
1507080015,LIMA,HUAROCHIRI,HUANZA,SHICACANCHA,RURAL,-11.59887,-76.51144,0.0,0.0,0.0,0.0,0.0,0.0,0.0,0.0,0.0,0.0,0.0,0.0,0.0,0.0,0,0.0,0,0.0,0.0,0.0,0,0.0,0.0,0.0,0.0,0.0,0.0,0.0,0.0,0.0,0.0,0.0,0.0,Bitel,0,0.0,Bitel,0,0.0,Bitel,0,0.0,Bitel,0,1.0,1.0,1.0,1.0,1.0,100.0,BRECHA CRITICA,False,False
1507080016,LIMA,HUAROCHIRI,HUANZA,MINA CAMINO,RURAL,-11.58251,-76.45373,0.0,0.0,0.0,0.0,0.0,0.0,0.0,0.0,0.0,0.0,0.0,0.0,0.0,0.0,0,0.0,0,0.0,0.0,0.0,0,0.0,0.0,0.0,0.0,0.0,0.0,0.0,0.0,0.0,0.0,0.0,0.0,Bitel,0,0.0,Bitel,0,0.0,Bitel,0,0.0,Bitel,0,1.0,1.0,1.0,1.0,1.0,100.0,BRECHA CRITICA,False,False
1507080017,LIMA,HUAROCHIRI,HUANZA,CARAO,RURAL,-11.58615,-76.45015,0.0,0.0,0.0,0.0,0.0,0.0,0.0,0.0,0.0,0.0,0.0,0.0,0.0,0.0,0,0.0,0,0.0,0.0,0.0,0,0.0,0.0,0.0,0.0,0.0,0.0,0.0,0.0,0.0,0.0,0.0,0.0,Bitel,0,0.0,Bitel,0,0.0,Bitel,0,0.0,Bitel,0,1.0,1.0,1.0,1.0,1.0,100.0,BRECHA CRITICA,False,False
1507080018,LIMA,HUAROCHIRI,HUANZA,CUNAY,URBANO,-11.58191,-76.44764,0.0,0.0,0.0,0.0,0.0,0.0,0.0,0.0,0.0,0.0,0.0,0.0,0.0,0.0,0,0.0,0,0.0,0.0,0.0,0,0.0,0.0,0.0,0.0,0.0,0.0,0.0,0.0,0.0,0.0,0.0,0.0,Bitel,0,0.0,Bitel,0,0.0,Bitel,0,0.0,Bitel,0,1.0,1.0,1.0,1.0,0.0,90.0,BRECHA CRITICA,False,False
1507080019,LIMA,HUAROCHIRI,HUANZA,CHUYME,RURAL,-11.59135,-76.4517,0.0,0.0,0.0,0.0,0.0,0.0,0.0,0.0,0.0,0.0,0.0,0.0,0.0,0.0,0,0.0,0,0.0,0.0,0.0,0,0.0,0.0,0.0,0.0,0.0,0.0,0.0,0.0,0.0,0.0,0.0,0.0,Bitel,0,0.0,Bitel,0,0.0,Bitel,0,0.0,Bitel,0,1.0,1.0,1.0,1.0,1.0,100.0,BRECHA CRITICA,False,False
1507080020,LIMA,HUAROCHIRI,HUANZA,CONDOR CHUCCHO,RURAL,-11.59636,-76.39534,0.0,0.0,0.0,0.0,0.0,0.0,0.0,0.0,0.0,0.0,0.0,0.0,0.0,0.0,0,0.0,0,0.0,0.0,0.0,0,0.0,0.0,0.0,0.0,0.0,0.0,0.0,0.0,0.0,0.0,0.0,0.0,Bitel,0,0.0,Bitel,0,0.0,Bitel,0,0.0,Bitel,0,1.0,1.0,1.0,1.0,1.0,100.0,BRECHA CRITICA,False,False
1507080021,LIMA,HUAROCHIRI,HUANZA,YANAC,RURAL,-11.60587,-76.40528,0.0,0.0,0.0,0.0,0.0,0.0,0.0,0.0,0.0,0.0,0.0,0.0,0.0,0.0,0,0.0,0,0.0,0.0,0.0,0,0.0,0.0,0.0,0.0,0.0,0.0,0.0,0.0,0.0,0.0,0.0,0.0,Bitel,0,0.0,Bitel,0,0.0,Bitel,0,0.0,Bitel,0,1.0,1.0,1.0,1.0,1.0,100.0,BRECHA CRITICA,False,False
1507080022,LIMA,HUAROCHIRI,HUANZA,SHAHUAC,RURAL,-11.61375,-76.41783,0.0,0.0,0.0,0.0,0.0,0.0,0.0,0.0,0.0,0.0,0.0,0.0,0.0,0.0,0,0.0,0,0.0,0.0,0.0,0,0.0,0.0,0.0,0.0,0.0,0.0,0.0,0.0,0.0,0.0,0.0,0.0,Bitel,0,0.0,Bitel,0,0.0,Bitel,0,0.0,Bitel,0,1.0,1.0,1.0,1.0,1.0,100.0,BRECHA CRITICA,False,False
1507080023,LIMA,HUAROCHIRI,HUANZA,ARMA,RURAL,-11.65354,-76.50355,0.0,0.0,0.0,0.0,0.0,0.0,0.1699167948164385,1.0,0.0,1.0,0.0,1.0,0.0,0.0,0,0.0,0,0.0,0.0,0.0,0,0.0,1.0,1.0,0.0,0.0,0.0,0.0,0.0,0.0,0.0,0.0,0.0,Bitel,0,1.0,Claro,1,0.0,Bitel,0,0.0,Bitel,0,1.0,0.0,1.0,0.75,1.0,77.5,COBERTURA ALTA,False,False
1507080024,LIMA,HUAROCHIRI,HUANZA,QUILCASQUI,RURAL,-11.6616,-76.50235,0.0,0.0,0.0,0.0,0.0,0.0,0.04285771103057854,1.0,0.0,1.0,0.0,0.7802395057320981,0.0,0.0,0,0.0,0,0.0,0.0,0.0,0,0.0,0.9330287275509739,1.0,0.0,0.0,0.0,0.0,0.0,0.0,0.0,0.0,0.0,Bitel,0,0.7802395057320981,Claro,0,0.0,Bitel,0,0.0,Bitel,0,1.0,0.2197604942679019,1.0,1.0,1.0,84.4,COBERTURA PARCIAL,False,False
1507080025,LIMA,HUAROCHIRI,HUANZA,ALLPAMARCA,RURAL,-11.61141,-76.5135,0.0,0.0,0.0,0.0,0.0,0.0,0.0,0.0,0.0,0.0,0.0,0.0,0.0,0.0,0,0.0,0,0.0,0.0,0.0,0,0.0,0.0,0.0,0.0,0.0,0.0,0.0,0.0,0.0,0.0,0.0,0.0,Bitel,0,0.0,Bitel,0,0.0,Bitel,0,0.0,Bitel,0,1.0,1.0,1.0,1.0,1.0,100.0,BRECHA CRITICA,False,False
1507080026,LIMA,HUAROCHIRI,HUANZA,HUAYRACHI,RURAL,-11.56735,-76.50631,0.0,0.05595670084506509,0.0,0.0,0.0,0.0,0.0,0.0,0.0,0.0,0.0,0.0,0.0,0.0,0,0.0,0,0.0,0.0,0.0,0,0.0,0.0,0.0,0.0,0.0,0.0,0.0,0.0,0.0,0.0,0.0,0.0,Bitel,0,0.0,Bitel,0,0.0,Bitel,0,0.0,Bitel,0,1.0,1.0,1.0,1.0,1.0,100.0,BRECHA CRITICA,False,False
1507080027,LIMA,HUAROCHIRI,HUANZA,CARISH,RURAL,-11.5832,-76.48283,0.0,0.0,0.0,0.0,0.0,0.0,0.0,0.0,0.0,0.0,0.0,0.0,0.0,0.0,0,0.0,0,0.0,0.0,0.0,0,0.0,0.0,0.0,0.0,0.0,0.0,0.0,0.0,0.0,0.0,0.0,0.0,Bitel,0,0.0,Bitel,0,0.0,Bitel,0,0.0,Bitel,0,1.0,1.0,1.0,1.0,1.0,100.0,BRECHA CRITICA,False,False
1507080028,LIMA,HUAROCHIRI,HUANZA,PITI CULLIC,RURAL,-11.55071,-76.44345,0.0,0.0,0.0,0.0,0.0,0.0,0.0,0.0,0.0,0.0,0.0,0.0,0.0,0.0,0,0.0,0,0.0,0.0,0.0,0,0.0,0.0,0.0,0.0,0.0,0.0,0.0,0.0,0.0,0.0,0.0,0.0,Bitel,0,0.0,Bitel,0,0.0,Bitel,0,0.0,Bitel,0,1.0,1.0,1.0,1.0,1.0,100.0,BRECHA CRITICA,False,False
1507080029,LIMA,HUAROCHIRI,HUANZA,HUACHAC,RURAL,-11.58628,-76.48142,0.0,0.0,0.0,0.0,0.0,0.0,0.0,0.0,0.0,0.0,0.0,0.0,0.0,0.0,0,0.0,0,0.0,0.0,0.0,0,0.0,0.0,0.0,0.0,0.0,0.0,0.0,0.0,0.0,0.0,0.0,0.0,Bitel,0,0.0,Bitel,0,0.0,Bitel,0,0.0,Bitel,0,1.0,1.0,1.0,1.0,1.0,100.0,BRECHA CRITICA,False,False
1507080030,LIMA,HUAROCHIRI,HUANZA,MARGARAC,RURAL,-11.56606,-76.42868,0.0,0.0,0.0,0.0,0.0,0.0,0.0,0.0,0.0,0.0,0.0,0.0,0.0,0.0,0,0.0,0,0.0,0.0,0.0,0,0.0,0.0,0.0,0.0,0.0,0.0,0.0,0.0,0.0,0.0,0.0,0.0,Bitel,0,0.0,Bitel,0,0.0,Bitel,0,0.0,Bitel,0,1.0,1.0,1.0,1.0,1.0,100.0,BRECHA CRITICA,False,False
1507080031,LIMA,HUAROCHIRI,HUANZA,ASULCOCHA,RURAL,-11.53615,-76.39922,0.0,0.0,0.0,0.0,0.0,0.0,0.0,0.0,0.0,0.0,0.0,0.0,0.0,0.0,0,0.0,0,0.0,0.0,0.0,0,0.0,0.0,0.0,0.0,0.0,0.0,0.0,0.0,0.0,0.0,0.0,0.0,Bitel,0,0.0,Bitel,0,0.0,Bitel,0,0.0,Bitel,0,1.0,1.0,1.0,1.0,1.0,100.0,BRECHA CRITICA,False,False
1507080032,LIMA,HUAROCHIRI,HUANZA,HUASCA,RURAL,-11.56914,-76.38735,0.0,0.0,0.0,0.0,0.0,0.0,0.0,0.0,0.0,0.0,0.0,0.0,0.0,0.0,0,0.0,0,0.0,0.0,0.0,0,0.0,0.0,0.0,0.0,0.0,0.0,0.0,0.0,0.0,0.0,0.0,0.0,Bitel,0,0.0,Bitel,0,0.0,Bitel,0,0.0,Bitel,0,1.0,1.0,1.0,1.0,1.0,100.0,BRECHA CRITICA,False,False
1507080033,LIMA,HUAROCHIRI,HUANZA,TULPAY,RURAL,-11.65264,-76.50622,0.0,0.0,0.0,0.0,0.0,0.0,0.2886776418330566,0.9403738813739325,0.0,1.0,0.0,1.0,0.0,0.0,0,0.0,0,0.0,0.0,0.0,0,0.0,0.971663632431175,1.0,0.0,0.0,0.0,0.0,0.0,0.0,0.0,0.0,0.0,Bitel,0,1.0,Claro,1,0.0,Bitel,0,0.0,Bitel,0,1.0,0.0,1.0,0.75,1.0,77.5,COBERTURA ALTA,False,False
1507080034,LIMA,HUAROCHIRI,HUANZA,CUNAY,RURAL,-11.58201,-76.452,0.0,0.0,0.0,0.0,0.0,0.0,0.0,0.0,0.0,0.0,0.0,0.0,0.0,0.0,0,0.0,0,0.0,0.0,0.0,0,0.0,0.0,0.0,0.0,0.0,0.0,0.0,0.0,0.0,0.0,0.0,0.0,Bitel,0,0.0,Bitel,0,0.0,Bitel,0,0.0,Bitel,0,1.0,1.0,1.0,1.0,1.0,100.0,BRECHA CRITICA,False,False
1507080035,LIMA,HUAROCHIRI,HUANZA,COLQUI,RURAL,-11.58645,-76.47652,0.0,0.0,0.0,0.0,0.0,0.0,0.0,0.0,0.0,0.0,0.0,0.0,0.0,0.0,0,0.0,0,0.0,0.0,0.0,0,0.0,0.0,0.0,0.0,0.0,0.0,0.0,0.0,0.0,0.0,0.0,0.0,Bitel,0,0.0,Bitel,0,0.0,Bitel,0,0.0,Bitel,0,1.0,1.0,1.0,1.0,1.0,100.0,BRECHA CRITICA,False,False
1507080037,LIMA,HUAROCHIRI,HUANZA,TUCUMACHAY,RURAL,-11.52954,-76.5049,0.0,0.0,0.0,0.0,0.0,0.0,0.0,0.0,0.0,0.0,0.0,0.0,0.0,0.0,0,0.0,0,0.0,0.0,0.0,0,0.0,0.0,0.0,0.0,0.0,0.0,0.0,0.0,0.0,0.0,0.0,0.0,Bitel,0,0.0,Bitel,0,0.0,Bitel,0,0.0,Bitel,0,1.0,1.0,1.0,1.0,1.0,100.0,BRECHA CRITICA,False,False
1507090001,LIMA,HUAROCHIRI,HUAROCHIRI,HUAROCHIRI,URBANO,-12.13718,-76.23252,0.0,0.0,0.0,0.0,0.0,0.0,0.0,1.0,0.1103074685136639,1.0,0.2894018762314873,1.0,0.0,0.0,0,0.0,0,1.0,0.1965355005253211,1.0,0,0.0,0.9985600919876962,1.0,0.9490026035837186,1.0,0.0082643466635891,1.0,0.0,0.0,0.0,0.0,0.2894018762314873,Claro,0,1.0,Claro,3,0.0,Bitel,0,0.0,Bitel,0,0.7105981237685127,0.0,1.0,0.25,0.0,49.48,COBERTURA ALTA,False,False
1507090002,LIMA,HUAROCHIRI,HUAROCHIRI,YAURI,RURAL,-11.90706,-76.18921,0.0,0.0,0.0,0.0,0.0,0.0,0.0,0.0,0.0,0.0,0.0,0.0,0.0,0.0,0,0.0,0,0.0,0.0,0.0,0,0.0,0.0,0.0,0.0,0.0,0.0,0.0,0.0,0.0,0.0,0.0,0.0,Bitel,0,0.0,Bitel,0,0.0,Bitel,0,0.0,Bitel,0,1.0,1.0,1.0,1.0,1.0,100.0,BRECHA CRITICA,False,False
1507090003,LIMA,HUAROCHIRI,HUAROCHIRI,MARHUAYQUE,RURAL,-11.99936,-76.23001,0.0,0.0,0.0,0.0,0.0,0.0,0.0,0.0,0.0,0.0,0.0,0.0,0.0,0.0,0,0.0,0,0.0,0.0,0.0,0,0.0,0.0,0.0,0.0,0.0,0.0,0.0,0.0,0.0,0.0,0.0,0.0,Bitel,0,0.0,Bitel,0,0.0,Bitel,0,0.0,Bitel,0,1.0,1.0,1.0,1.0,1.0,100.0,BRECHA CRITICA,False,False
1507090004,LIMA,HUAROCHIRI,HUAROCHIRI,CANCHAHUARA,RURAL,-12.03849,-76.31417,0.0,0.0,0.0,0.0,0.0,0.0,0.0,0.0,0.0,0.0,0.0,0.0,0.0,0.0,0,0.0,0,0.0,0.0,0.0,0,0.0,0.0,0.0,0.0,0.0,0.0,0.0,0.0,0.0,0.0,0.0,0.0,Bitel,0,0.0,Bitel,0,0.0,Bitel,0,0.0,Bitel,0,1.0,1.0,1.0,1.0,1.0,100.0,BRECHA CRITICA,False,False
1507090005,LIMA,HUAROCHIRI,HUAROCHIRI,HUASCAYANGA,RURAL,-12.04782,-76.26347,0.0,0.0,0.0,0.0,0.0,0.0,0.0,0.0,0.0,0.0,0.0,0.0,0.0,0.0,0,0.0,0,0.0,0.0,0.0,0,0.0,0.0,0.0,0.0,0.0,0.0,0.0,0.0,0.0,0.0,0.0,0.0,Bitel,0,0.0,Bitel,0,0.0,Bitel,0,0.0,Bitel,0,1.0,1.0,1.0,1.0,1.0,100.0,BRECHA CRITICA,False,False
1507090006,LIMA,HUAROCHIRI,HUAROCHIRI,CHAPNA,RURAL,-12.07943,-76.25479,0.0,0.0,0.0,0.0,0.0,0.0,0.0,0.0,0.0,0.0,0.0,0.0,0.0,0.0,0,0.0,0,0.0,0.0,0.0,0,0.0,0.0,0.0,0.0,0.0,0.0,0.0,0.0,0.0,0.0,0.0,0.0,Bitel,0,0.0,Bitel,0,0.0,Bitel,0,0.0,Bitel,0,1.0,1.0,1.0,1.0,1.0,100.0,BRECHA CRITICA,False,False
1507090009,LIMA,HUAROCHIRI,HUAROCHIRI,TRANQUITA,RURAL,-12.08034,-76.25268,0.0,0.0,0.0,0.0,0.0,0.0,0.0,0.0,0.0,0.03991010106132439,0.0,0.03991010106132439,0.0,0.0,0,0.0,0,0.0,0.0,0.0,0,0.0,0.0,0.0,0.0,0.0,0.0,0.0,0.0,0.0,0.0,0.0,0.0,Bitel,0,0.03991010106132439,Claro,0,0.0,Bitel,0,0.0,Bitel,0,1.0,0.9600898989386756,1.0,1.0,1.0,99.2,BRECHA CRITICA,False,False
1507090010,LIMA,HUAROCHIRI,HUAROCHIRI,LUPO,RURAL,-12.08412,-76.24857,0.0,0.0,0.0,0.0,0.0,0.0,0.0,0.0,0.0,1.0,0.0,1.0,0.0,0.0,0,0.0,0,0.0,0.0,0.0,0,0.0,0.0,0.1527458279851632,0.0,0.0,0.0,0.0,0.0,0.0,0.0,0.0,0.0,Bitel,0,1.0,Claro,1,0.0,Bitel,0,0.0,Bitel,0,1.0,0.0,1.0,0.75,1.0,77.5,COBERTURA ALTA,False,False
1507090011,LIMA,HUAROCHIRI,HUAROCHIRI,ALISO,RURAL,-12.07835,-76.25292,0.0,0.0,0.0,0.0,0.0,0.0,0.0,0.0,0.0,0.0,0.0,0.0,0.0,0.0,0,0.0,0,0.0,0.0,0.0,0,0.0,0.0,0.0,0.0,0.0,0.0,0.0,0.0,0.0,0.0,0.0,0.0,Bitel,0,0.0,Bitel,0,0.0,Bitel,0,0.0,Bitel,0,1.0,1.0,1.0,1.0,1.0,100.0,BRECHA CRITICA,False,False
1507090012,LIMA,HUAROCHIRI,HUAROCHIRI,AÑI,RURAL,-12.08891,-76.24997,0.0,0.0,0.0,0.0,0.0,0.0,0.0,0.0,0.0,0.2729348682245544,0.0,0.337426347751118,0.0,0.0,0,0.0,0,0.0,0.0,0.0,0,0.0,0.0,0.0,0.0,0.0,0.0,0.0,0.0,0.0,0.0,0.0,0.0,Bitel,0,0.337426347751118,Claro,0,0.0,Bitel,0,0.0,Bitel,0,1.0,0.662573652248882,1.0,1.0,1.0,93.25,COBERTURA PARCIAL,False,False
1507090014,LIMA,HUAROCHIRI,HUAROCHIRI,COCHICA,RURAL,-12.09244,-76.25045,0.0,0.0,0.0,0.0,0.0,0.0,0.0,0.0,0.0,0.7552559785609705,0.0,0.6743001528658631,0.0,0.0,0,0.0,0,0.0,0.0,0.0,0,0.0,0.0,0.0,0.0,0.0,0.0,0.0,0.0,0.0,0.0,0.0,0.0,Bitel,0,0.6743001528658631,Claro,0,0.0,Bitel,0,0.0,Bitel,0,1.0,0.3256998471341369,1.0,1.0,1.0,86.51,COBERTURA PARCIAL,False,False
1507090015,LIMA,HUAROCHIRI,HUAROCHIRI,CUSIPAMPA LLAMBILLA,RURAL,-12.09512,-76.24394,0.0,0.0,0.0,0.0,0.0,0.0,0.0,0.0,0.0,0.9307835085354632,0.0,0.9307835085354632,0.0,0.0,0,0.0,0,0.0,0.0,0.0,0,0.0,0.0,0.8713194692401858,0.0,0.0,0.0,0.1957108376690586,0.0,0.0,0.0,0.0,0.0,Bitel,0,0.9307835085354632,Claro,1,0.0,Bitel,0,0.0,Bitel,0,1.0,0.06921649146453679,1.0,0.75,1.0,78.88,COBERTURA ALTA,False,False
1507090016,LIMA,HUAROCHIRI,HUAROCHIRI,INGOLAYA,RURAL,-12.09706,-76.23887,0.0,0.0,0.0,0.0,0.0,0.0,0.0,0.0,0.0,1.0,0.0,1.0,0.0,0.0,0,0.0,0,0.0,0.0,0.0,0,0.0,0.05775011748465752,1.0,0.0,0.0,0.0,0.9867549994016268,0.0,0.0,0.0,0.0,0.0,Bitel,0,1.0,Claro,2,0.0,Bitel,0,0.0,Bitel,0,1.0,0.0,1.0,0.5,1.0,75.0,COBERTURA ALTA,False,False
1507090017,LIMA,HUAROCHIRI,HUAROCHIRI,HUANCHACA,RURAL,-12.09942,-76.23747,0.0,0.0,0.0,0.0,0.0,0.0,0.0,0.0,0.0,0.9999999987104747,0.0,0.9999999987106911,0.0,0.0,0,0.0,0,0.0,0.0,0.0179582511572217,0,0.0,0.4300157023506004,0.999999998711004,0.0,0.007144345607189261,0.0,0.9966887160862983,0.0,0.0,0.0,0.0,0.0,Bitel,0,0.9999999987106911,Claro,2,0.0,Bitel,0,0.0,Bitel,0,1.0,1.289308881879947e-09,1.0,0.5,1.0,75.0,COBERTURA ALTA,False,False
1507090018,LIMA,HUAROCHIRI,HUAROCHIRI,LINCANA,RURAL,-12.10382,-76.23731,0.0,0.0,0.0,0.0,0.0,0.0,0.0,0.0,0.0,0.9999999922762399,0.0,0.9999999922764873,0.0,0.0,0,0.0,0,0.0,0.0,0.1264996218133253,0,0.0,0.1375253770305185,0.9999999922761864,0.0,0.0,0.0,0.9996985333217862,0.0,0.0,0.0,0.0,0.0,Bitel,0,0.9999999922764873,Claro,2,0.0,Bitel,0,0.0,Bitel,0,1.0,7.723512718271763e-09,1.0,0.5,1.0,75.0,COBERTURA ALTA,False,False
1507090019,LIMA,HUAROCHIRI,HUAROCHIRI,PANQUILE,RURAL,-12.10737,-76.23512,0.0,0.0,0.0,0.0,0.0,0.0,0.0,0.0,0.0,1.0,0.0,1.0,0.0,0.0,0,0.0,0,0.6165902188755203,0.0,0.5570586797618675,0,0.0,0.8098229134656437,1.0,0.0,0.5468110137933324,0.0,1.0,0.0,0.0,0.0,0.0,0.0,Bitel,0,1.0,Claro,2,0.0,Bitel,0,0.0,Bitel,0,1.0,0.0,1.0,0.5,1.0,75.0,COBERTURA ALTA,False,False
1507090020,LIMA,HUAROCHIRI,HUAROCHIRI,PATA,RURAL,-12.11606,-76.23888,0.0,0.0,0.0,0.0,0.0,0.0,0.0,0.05288687640723018,0.0,0.103483767490755,0.0,0.02069675349815101,0.0,0.0,0,0.0,0,1.0,0.0,0.9793013360424975,0,0.0,0.00367120441084602,0.9935865103227689,0.0,0.0,0.0,0.5960777006821882,0.0,0.0,0.0,0.0,0.0,Bitel,0,0.9793013360424975,Entel,1,0.0,Bitel,0,0.0,Bitel,0,1.0,0.020698663957502528,1.0,0.75,1.0,77.91,COBERTURA ALTA,False,False
1507090021,LIMA,HUAROCHIRI,HUAROCHIRI,MARCA COTO,RURAL,-12.10398,-76.23712,0.0,0.0,0.0,0.0,0.0,0.0,0.0,0.0,0.0,0.999999999997179,0.0,0.999999999997283,0.0,0.0,0,0.0,0,0.0,0.0,0.1175557093559022,0,0.0,0.1417957302619281,0.999999999997246,0.0,0.0,0.0,0.9999999999972823,0.0,0.0,0.0,0.0,0.0,Bitel,0,0.999999999997283,Claro,2,0.0,Bitel,0,0.0,Bitel,0,1.0,2.7170488081651456e-12,1.0,0.5,1.0,75.0,COBERTURA ALTA,False,False
1507090022,LIMA,HUAROCHIRI,HUAROCHIRI,MARCA GUINDA,RURAL,-12.1085,-76.23267,0.0,0.0,0.0,0.0,0.0,0.0,0.0,0.1449295199329868,0.0,0.9830720508012589,0.0,0.9466554166485915,0.0,0.0,0,0.0,0,0.424258969544439,0.0,0.7153424273994342,0,0.0,0.9834595137054528,1.0,0.0,0.9766000407756552,0.0,1.0,0.0,0.0,0.0,0.0,0.0,Bitel,0,1.0,Movistar,2,0.0,Bitel,0,0.0,Bitel,0,1.0,0.0,1.0,0.5,1.0,75.0,COBERTURA ALTA,False,False
1507090023,LIMA,HUAROCHIRI,HUAROCHIRI,KORIHUANKA,RURAL,-12.11033,-76.25098,0.0,0.0,0.0,0.0,0.0,0.0,0.0,0.0,0.0,0.0,0.0,0.0,0.0,0.0,0,0.0,0,0.7549170941973431,0.0,0.5398014031158955,0,0.0,0.0,0.0,0.0,0.0,0.0,0.0,0.0,0.0,0.0,0.0,0.0,Bitel,0,0.5398014031158955,Entel,0,0.0,Bitel,0,0.0,Bitel,0,1.0,0.46019859688410447,1.0,1.0,1.0,89.2,COBERTURA PARCIAL,False,False
1507090024,LIMA,HUAROCHIRI,HUAROCHIRI,CHICRE,RURAL,-12.12642,-76.24401,0.0,0.0,0.0,0.0,0.0,0.0,0.0,0.6811196879629494,0.0,0.04734962137668918,0.0,0.0,0.0,0.0,0,0.0,0,0.6910123557597453,0.0,0.9999999990499958,0,0.0,0.0,0.7363825268029506,0.0,0.0,0.0,0.05607324022162141,0.0,0.0,0.0,0.0,0.0,Bitel,0,0.9999999990499958,Entel,1,0.0,Bitel,0,0.0,Bitel,0,1.0,9.500041864285436e-10,1.0,0.75,1.0,77.5,COBERTURA ALTA,False,False
1507090025,LIMA,HUAROCHIRI,HUAROCHIRI,PUNCUAYQUE,RURAL,-12.12347,-76.24245,0.0,0.0,0.0,0.0,0.0,0.0,0.0,0.5612579217326832,0.0,0.0,0.0,0.0,0.0,0.0,0,0.0,0,0.8310106986687473,0.0,0.9999999933615892,0,0.0,0.0,0.9828949679643921,0.0,0.0,0.0,0.6596467215112132,0.0,0.0,0.0,0.0,0.0,Bitel,0,0.9999999933615892,Entel,1,0.0,Bitel,0,0.0,Bitel,0,1.0,6.638410821047103e-09,1.0,0.75,1.0,77.5,COBERTURA ALTA,False,False
1507090028,LIMA,HUAROCHIRI,HUAROCHIRI,OTRABANDA,RURAL,-12.13926,-76.23603,0.0,0.0,0.0,0.0,0.0,0.0,0.0,1.0,0.04083150869562124,1.0,0.08051305920571417,1.0,0.0,0.0,0,0.0,0,1.0,0.0,1.0,0,0.0,1.0,1.0,0.9875805490401903,1.0,0.0,1.0,0.0,0.0,0.0,0.0,0.08051305920571417,Claro,0,1.0,Claro,3,0.0,Bitel,0,0.0,Bitel,0,0.9194869407942858,0.0,1.0,0.25,1.0,68.88,COBERTURA ALTA,False,False
1507090029,LIMA,HUAROCHIRI,HUAROCHIRI,MATAHUANCHI,RURAL,-12.13452,-76.23685,0.0,0.0,0.0,0.0,0.0,0.0,0.0,0.9999999972456395,0.0,0.9999999972455861,0.0,0.9991695199973418,0.0,0.0,0,0.0,0,0.9999999972456379,0.0,0.9999999972455154,0,0.0,0.9999999972456322,0.999999997245632,0.2303089503873956,0.9999999972458017,0.0,0.9999999972456379,0.0,0.0,0.0,0.0,0.0,Bitel,0,0.9999999972456379,Movistar,3,0.0,Bitel,0,0.0,Bitel,0,1.0,2.7543620717551676e-09,1.0,0.25,1.0,72.5,COBERTURA ALTA,False,False
1507090030,LIMA,HUAROCHIRI,HUAROCHIRI,AYSHA CANGUILLE,RURAL,-12.136,-76.22418,0.0,0.0,0.0,0.0,0.0,0.0,0.0,0.9132817696651843,0.0,0.8122281435376907,0.0,0.8068678746787074,0.0,0.0,0,0.0,0,1.0,0.0,1.0,0,0.0,0.3700393076967085,1.0,0.0,0.1883862764044676,0.0,0.9836592373158902,0.0,0.0,0.0,0.0,0.0,Bitel,0,1.0,Entel,3,0.0,Bitel,0,0.0,Bitel,0,1.0,0.0,1.0,0.25,1.0,72.5,COBERTURA ALTA,False,False
1507090031,LIMA,HUAROCHIRI,HUAROCHIRI,AYSHA SHACSHUNA,RURAL,-12.14296,-76.22104,0.0,0.0,0.0,0.0,0.0,0.0,0.495763448530181,0.9999999959298537,0.0,0.9999999959298121,0.0,0.9584330123290169,0.0,0.0,0,0.0,0,0.9999999959298121,0.0,0.9999999959298119,0,0.0,0.9919196261740084,0.9999999959295618,0.0,0.9825250721446754,0.0,0.9999999959298121,0.0,0.0,0.0,0.0,0.0,Bitel,0,0.9999999959298121,Movistar,3,0.0,Bitel,0,0.0,Bitel,0,1.0,4.070187853422169e-09,1.0,0.25,1.0,72.5,COBERTURA ALTA,False,False
1507090032,LIMA,HUAROCHIRI,HUAROCHIRI,CHACARILLA,RURAL,-12.14081,-76.22684,0.0,0.0,0.0,0.0,0.0,0.0,0.0,0.9999999970995861,0.0,0.9999999970995861,0.1700430171287224,0.9999999970996186,0.0,0.0,0,0.0,0,0.9999999970995861,0.0,0.999999997099586,0,0.0,0.8539360532376553,0.9999999970997702,0.3246377707850596,0.8345666817817621,0.0,0.9999999970995861,0.0,0.0,0.0,0.0,0.1700430171287224,Claro,0,0.9999999970996186,Claro,3,0.0,Bitel,0,0.0,Bitel,0,0.8299569828712776,2.9003813795114297e-09,1.0,0.25,1.0,64.85,COBERTURA ALTA,False,False
1507090033,LIMA,HUAROCHIRI,HUAROCHIRI,AYSHA PAMPA,RURAL,-12.14719,-76.22217,0.0,0.0,0.0,0.0,0.0,0.0,0.8437161175172009,0.9999999972834843,0.0,0.9999999972832451,0.0,0.9999999972832451,0.0,0.0,0,0.0,0,0.9999999972832451,0.0,0.999999997283245,0,0.0,0.9999999972831364,0.9999999972831364,0.0,0.9999999972832109,0.0,0.9999999972832451,0.0,0.0,0.0,0.0,0.0,Bitel,0,0.9999999972832451,Claro,3,0.0,Bitel,0,0.0,Bitel,0,1.0,2.7167549321305273e-09,1.0,0.25,1.0,72.5,COBERTURA ALTA,False,False
1507090034,LIMA,HUAROCHIRI,HUAROCHIRI,QUILOTA,RURAL,-12.14943,-76.21536,0.0,0.0,0.0,0.0,0.0,0.0,1.0,1.0,0.5350979538067796,1.0,0.673637717381093,1.0,0.0,0.0,0,0.0,0,1.0,0.0,1.0,0,0.0,0.9867522380600149,1.0,0.0,0.943697005770321,0.0,1.0,0.0,0.0,0.0,0.0,0.673637717381093,Claro,0,1.0,Claro,3,0.0,Bitel,0,0.0,Bitel,0,0.326362282618907,0.0,1.0,0.25,1.0,42.19,COBERTURA ALTA,False,False
1507090035,LIMA,HUAROCHIRI,HUAROCHIRI,GURMANCHI,RURAL,-12.15015,-76.21989,0.0,0.0,0.0,0.0,0.0,0.0,0.8004061379418889,1.0,0.02489982924616401,1.0,0.0,1.0,0.0,0.0,0,0.0,0,1.0,0.0,1.0,0,0.0,1.0,1.0,0.0,1.0,0.0,1.0,0.0,0.0,0.0,0.0,0.0,Bitel,0,1.0,Claro,3,0.0,Bitel,0,0.0,Bitel,0,1.0,0.0,1.0,0.25,1.0,72.5,COBERTURA ALTA,False,False
1507090036,LIMA,HUAROCHIRI,HUAROCHIRI,HUAÑE,RURAL,-12.15236,-76.21771,0.0,0.0,0.0,0.0,0.0,0.0,0.9903714915729983,0.9999999951187489,0.1397701718941294,0.9999999951187397,0.0610796925144366,0.999999995118737,0.0,0.0,0,0.0,0,0.9999999951187473,0.0,0.9999999951187422,0,0.0,0.9999999951187403,0.9999999951187403,0.0,0.9999999951187403,0.0,0.9999999951187403,0.0,0.0,0.0,0.0,0.0610796925144366,Claro,0,0.9999999951187422,Entel,3,0.0,Bitel,0,0.0,Bitel,0,0.9389203074855634,4.881257842370701e-09,1.0,0.25,1.0,69.75,COBERTURA ALTA,False,False
1507090037,LIMA,HUAROCHIRI,HUAROCHIRI,MACACHAYA,RURAL,-12.14693,-76.23301,0.0,0.0,0.0,0.0,0.0,0.0,0.0,0.9794116307414875,0.0,1.0,0.3124766276231247,1.0,0.0,0.0,0,0.0,0,1.0,0.0,1.0,0,0.0,0.867665035331343,1.0,0.0,0.797784654075906,0.0,1.0,0.0,0.0,0.0,0.0,0.3124766276231247,Claro,0,1.0,Claro,3,0.0,Bitel,0,0.0,Bitel,0,0.6875233723768752,0.0,1.0,0.25,1.0,58.44,COBERTURA ALTA,False,False
1507090038,LIMA,HUAROCHIRI,HUAROCHIRI,CORRALON,RURAL,-12.13681,-76.28946,0.0,0.0,0.0,0.0,0.0,0.0,0.0,0.0,0.0,0.0,0.0,0.0,0.0,0.0,0,0.0,0,0.0,0.0,0.0,0,0.0,0.0,0.0,0.0,0.0,0.0,0.0,0.0,0.0,0.0,0.0,0.0,Bitel,0,0.0,Bitel,0,0.0,Bitel,0,0.0,Bitel,0,1.0,1.0,1.0,1.0,1.0,100.0,BRECHA CRITICA,False,False
1507090039,LIMA,HUAROCHIRI,HUAROCHIRI,CANTACA,RURAL,-12.13307,-76.31785,0.0,0.0,0.0,0.0,0.0,0.0,0.0,0.0,0.0,0.0,0.0,0.0,0.0,0.0,0,0.0,0,0.0,0.0,0.0,0,0.0,0.0,0.0,0.0,0.0,0.0,0.0,0.0,0.0,0.0,0.0,0.0,Bitel,0,0.0,Bitel,0,0.0,Bitel,0,0.0,Bitel,0,1.0,1.0,1.0,1.0,1.0,100.0,BRECHA CRITICA,False,False
1507090040,LIMA,HUAROCHIRI,HUAROCHIRI,CRUZ DE PASO,RURAL,-12.1747,-76.28212,0.0,0.0,0.0,0.0,0.0,0.0,0.0,0.0,0.0,0.0,0.0,0.0,0.0,0.0,0,0.0,0,0.0,0.0,0.0,0,0.0,0.0,0.0,0.0,0.0,0.0,0.0,0.0,0.0,0.0,0.0,0.0,Bitel,0,0.0,Bitel,0,0.0,Bitel,0,0.0,Bitel,0,1.0,1.0,1.0,1.0,1.0,100.0,BRECHA CRITICA,False,False
1507090041,LIMA,HUAROCHIRI,HUAROCHIRI,PACOMANTA,RURAL,-12.18535,-76.2931,0.0,0.0,0.0,0.0,0.0,0.0,0.0,0.0,0.0,0.0,0.0,0.0,0.0,0.0,0,0.0,0,0.0,0.0,0.0,0,0.0,0.0,0.0,0.0,0.0,0.0,0.0,0.0,0.0,0.0,0.0,0.0,Bitel,0,0.0,Bitel,0,0.0,Bitel,0,0.0,Bitel,0,1.0,1.0,1.0,1.0,1.0,100.0,BRECHA CRITICA,False,False
1507090042,LIMA,HUAROCHIRI,HUAROCHIRI,PACHACOSA,RURAL,-12.18796,-76.32099,0.0,0.0,0.0,0.0,0.0,0.0,0.0,0.0,0.0,0.06234427122984845,0.0,0.0,0.0,0.0,0,0.0,0,0.0,0.0,0.0,0,0.0,0.0,0.0,0.0,0.0,0.0,0.0,0.0,0.0,0.0,0.0,0.0,Bitel,0,0.0,Bitel,0,0.0,Bitel,0,0.0,Bitel,0,1.0,1.0,1.0,1.0,1.0,100.0,BRECHA CRITICA,False,False
1507090043,LIMA,HUAROCHIRI,HUAROCHIRI,MAYAMA,RURAL,-12.19758,-76.30984,0.0,0.0,0.0,0.0,0.0,0.0,0.0,0.0,0.0,0.0,0.0,0.0,0.0,0.0,0,0.0,0,0.0,0.0,0.0,0,0.0,0.0,0.0,0.0,0.0,0.0,0.0,0.0,0.0,0.0,0.0,0.0,Bitel,0,0.0,Bitel,0,0.0,Bitel,0,0.0,Bitel,0,1.0,1.0,1.0,1.0,1.0,100.0,BRECHA CRITICA,False,False
1507090044,LIMA,HUAROCHIRI,HUAROCHIRI,POTRERO GRANDE,RURAL,-12.0764,-76.2524,0.0,0.0,0.0,0.0,0.0,0.0,0.0,0.0,0.0,0.0,0.0,0.0,0.0,0.0,0,0.0,0,0.0,0.0,0.0,0,0.0,0.0,0.0,0.0,0.0,0.0,0.0,0.0,0.0,0.0,0.0,0.0,Bitel,0,0.0,Bitel,0,0.0,Bitel,0,0.0,Bitel,0,1.0,1.0,1.0,1.0,1.0,100.0,BRECHA CRITICA,False,False
1507090045,LIMA,HUAROCHIRI,HUAROCHIRI,CHICCHICA,RURAL,-12.10055,-76.2448,0.0,0.0,0.0,0.0,0.0,0.0,0.0,0.0,0.0,0.7117336615882149,0.0,0.7117336615882196,0.0,0.0,0,0.0,0,0.0,0.0,0.0,0,0.0,0.0,0.1697711843855366,0.0,0.0,0.0,0.0,0.0,0.0,0.0,0.0,0.0,Bitel,0,0.7117336615882196,Claro,0,0.0,Bitel,0,0.0,Bitel,0,1.0,0.2882663384117804,1.0,1.0,1.0,85.77,COBERTURA PARCIAL,False,False
1507090047,LIMA,HUAROCHIRI,HUAROCHIRI,LACTASHICA,RURAL,-12.0822,-76.25119,0.0,0.0,0.0,0.0,0.0,0.0,0.0,0.0,0.0,0.6261151669319209,0.0,0.6349941401481822,0.0,0.0,0,0.0,0,0.0,0.0,0.0,0,0.0,0.0,0.0,0.0,0.0,0.0,0.0,0.0,0.0,0.0,0.0,0.0,Bitel,0,0.6349941401481822,Claro,0,0.0,Bitel,0,0.0,Bitel,0,1.0,0.36500585985181777,1.0,1.0,1.0,87.3,COBERTURA PARCIAL,False,False
1507090048,LIMA,HUAROCHIRI,HUAROCHIRI,PACCHA,RURAL,-12.0448,-76.25738,0.0,0.0,0.0,0.0,0.0,0.0,0.0,0.0,0.0,0.0,0.0,0.0,0.0,0.0,0,0.0,0,0.0,0.0,0.0,0,0.0,0.0,0.008660450396245887,0.0,0.0,0.0,0.0,0.0,0.0,0.0,0.0,0.0,Bitel,0,0.0,Bitel,0,0.0,Bitel,0,0.0,Bitel,0,1.0,1.0,1.0,1.0,1.0,100.0,BRECHA CRITICA,False,False
1507090049,LIMA,HUAROCHIRI,HUAROCHIRI,LILPAYA,RURAL,-12.02927,-76.24626,0.0,0.0,0.0,0.0,0.0,0.0,0.0,0.0,0.0,0.0,0.0,0.0,0.0,0.0,0,0.0,0,0.0,0.0,0.0,0,0.0,0.0,0.0,0.0,0.0,0.0,0.0,0.0,0.0,0.0,0.0,0.0,Bitel,0,0.0,Bitel,0,0.0,Bitel,0,0.0,Bitel,0,1.0,1.0,1.0,1.0,1.0,100.0,BRECHA CRITICA,False,False
1507090050,LIMA,HUAROCHIRI,HUAROCHIRI,ZONAMASA,RURAL,-12.00708,-76.24564,0.0,0.0,0.0,0.0,0.0,0.0,0.0,0.0,0.0,0.0,0.0,0.0,0.0,0.0,0,0.0,0,0.0,0.0,0.0,0,0.0,0.0,0.0,0.0,0.0,0.0,0.0,0.0,0.0,0.0,0.0,0.0,Bitel,0,0.0,Bitel,0,0.0,Bitel,0,0.0,Bitel,0,1.0,1.0,1.0,1.0,1.0,100.0,BRECHA CRITICA,False,False
1507090051,LIMA,HUAROCHIRI,HUAROCHIRI,CIENIGO,RURAL,-11.99323,-76.23232,0.0,0.0,0.0,0.0,0.0,0.0,0.0,0.0,0.0,0.0,0.0,0.0,0.0,0.0,0,0.0,0,0.0,0.0,0.0,0,0.0,0.0,0.0,0.0,0.0,0.0,0.0,0.0,0.0,0.0,0.0,0.0,Bitel,0,0.0,Bitel,0,0.0,Bitel,0,0.0,Bitel,0,1.0,1.0,1.0,1.0,1.0,100.0,BRECHA CRITICA,False,False
1507090052,LIMA,HUAROCHIRI,HUAROCHIRI,PATACANCHA,RURAL,-11.96563,-76.21009,0.0,0.0,0.0,0.0,0.0,0.0,0.0,0.0,0.0,0.0,0.0,0.0,0.0,0.0,0,0.0,0,0.0,0.0,0.0,0,0.0,0.0,0.0,0.0,0.0,0.0,0.0,0.0,0.0,0.0,0.0,0.0,Bitel,0,0.0,Bitel,0,0.0,Bitel,0,0.0,Bitel,0,1.0,1.0,1.0,1.0,1.0,100.0,BRECHA CRITICA,False,False
1507090053,LIMA,HUAROCHIRI,HUAROCHIRI,MANQUINCARA,RURAL,-11.94296,-76.20546,0.0,0.0,0.0,0.0,0.0,0.0,0.0,0.0,0.0,0.0,0.0,0.0,0.0,0.0,0,0.0,0,0.0,0.0,0.0,0,0.0,0.0,0.0,0.0,0.0,0.0,0.0,0.0,0.0,0.0,0.0,0.0,Bitel,0,0.0,Bitel,0,0.0,Bitel,0,0.0,Bitel,0,1.0,1.0,1.0,1.0,1.0,100.0,BRECHA CRITICA,False,False
1507090054,LIMA,HUAROCHIRI,HUAROCHIRI,CHAQUICHA,RURAL,-12.0926,-76.24014,0.0,0.0,0.0,0.0,0.0,0.0,0.0,0.0,0.0,1.0,0.0,1.0,0.0,0.0,0,0.0,0,0.1181730651491057,0.0,0.1632181421386421,0,0.0,0.0,0.9701567440649161,0.0,0.0,0.0,0.7792890746091179,0.0,0.0,0.0,0.0,0.0,Bitel,0,1.0,Claro,1,0.0,Bitel,0,0.0,Bitel,0,1.0,0.0,1.0,0.75,1.0,77.5,COBERTURA ALTA,False,False
1507090055,LIMA,HUAROCHIRI,HUAROCHIRI,PISCALA,RURAL,-12.08809,-76.24614,0.0,0.0,0.0,0.0,0.0,0.0,0.0,0.0,0.0,1.0,0.0,1.0,0.0,0.0,0,0.0,0,0.0,0.0,0.0,0,0.0,0.0,0.02204386894169875,0.0,0.0,0.0,0.0,0.0,0.0,0.0,0.0,0.0,Bitel,0,1.0,Claro,1,0.0,Bitel,0,0.0,Bitel,0,1.0,0.0,1.0,0.75,1.0,77.5,COBERTURA ALTA,False,False
1507090056,LIMA,HUAROCHIRI,HUAROCHIRI,QUINTONAYA,RURAL,-12.10069,-76.24185,0.0,0.0,0.0,0.0,0.0,0.0,0.0,0.0,0.0,0.9793044519932803,0.0,0.9793044519931755,0.0,0.0,0,0.0,0,0.0,0.0,0.0,0,0.0,0.0,0.9733653752171822,0.0,0.0,0.0,0.4658164898536787,0.0,0.0,0.0,0.0,0.0,Bitel,0,0.9793044519931755,Claro,1,0.0,Bitel,0,0.0,Bitel,0,1.0,0.020695548006824493,1.0,0.75,1.0,77.91,COBERTURA ALTA,False,False
1507090057,LIMA,HUAROCHIRI,HUAROCHIRI,CHACACHA,RURAL,-12.12816,-76.24394,0.0,0.0,0.0,0.0,0.0,0.0,0.0,0.9246514351665396,0.0,0.1147227008127787,0.0,0.0,0.0,0.0,0,0.0,0,0.9086184654436174,0.0,1.0,0,0.0,0.0,0.8456469832331495,0.0,0.0,0.0,0.1611478614375698,0.0,0.0,0.0,0.0,0.0,Bitel,0,1.0,Entel,1,0.0,Bitel,0,0.0,Bitel,0,1.0,0.0,1.0,0.75,1.0,77.5,COBERTURA ALTA,False,False
1507090058,LIMA,HUAROCHIRI,HUAROCHIRI,SAHUACHILE,RURAL,-12.16156,-76.25285,0.0,0.0,0.0,0.0,0.0,0.0,0.0,0.9446649020563237,0.0,1.0,0.0,1.0,0.0,0.0,0,0.0,0,0.0,0.0,0.0,0,0.0,0.0,0.01324799360848997,0.0,0.0,0.0,0.0,0.0,0.0,0.0,0.0,0.0,Bitel,0,1.0,Claro,1,0.0,Bitel,0,0.0,Bitel,0,1.0,0.0,1.0,0.75,1.0,77.5,COBERTURA ALTA,False,False
1507090059,LIMA,HUAROCHIRI,HUAROCHIRI,SHACSHUNA,RURAL,-12.16378,-76.24775,0.0,0.0,0.0,0.0,0.0,0.0,0.0,0.8291770374572996,0.0,1.0,0.0,0.9532160312075434,0.0,0.0,0,0.0,0,0.0,0.0,0.02060811702302881,0,0.0,0.0,0.1591824009027197,0.0,0.0,0.0,0.0,0.0,0.0,0.0,0.0,0.0,Bitel,0,0.9532160312075434,Claro,1,0.0,Bitel,0,0.0,Bitel,0,1.0,0.04678396879245661,1.0,0.75,1.0,78.44,COBERTURA ALTA,False,False
1507090060,LIMA,HUAROCHIRI,HUAROCHIRI,SINCOCAYA,RURAL,-12.14732,-76.2308,0.0,0.0,0.0,0.0,0.0,0.0,0.0,0.9723569280642966,0.0,0.9999999993477507,0.3338147921887235,0.99999999934808,0.0,0.0,0,0.0,0,0.9999999993479892,0.0,0.9999999993477511,0,0.0,0.652477443295136,0.9999999993475034,0.0,0.5529417044419515,0.0,0.9999999993476715,0.0,0.0,0.0,0.0,0.3338147921887235,Claro,0,0.99999999934808,Claro,3,0.0,Bitel,0,0.0,Bitel,0,0.6661852078112764,6.519199624577254e-10,1.0,0.25,1.0,57.48,COBERTURA ALTA,False,False
1507100001,LIMA,HUAROCHIRI,LAHUAYTAMBO,LAHUAYTAMBO,URBANO,-12.09653,-76.38889,0.0,0.0,0.0,0.0,0.0,0.0,0.0,0.2515343684431468,0.0,1.0,0.0,1.0,0.0,0.0,0,0.0,0,0.0,0.1680251464955667,1.0,0,0.0,1.0,1.0,0.0,0.0,0.06829157483246999,0.9634526934595841,0.0,0.0,0.0,0.0,0.1680251464955667,Entel,0,1.0,Claro,3,0.0,Bitel,0,0.0,Bitel,0,0.8319748535044333,0.0,1.0,0.25,0.0,54.94,COBERTURA ALTA,False,False
1507100002,LIMA,HUAROCHIRI,LAHUAYTAMBO,SHICACA,RURAL,-12.08874,-76.42315,0.0,0.0,0.0,0.0,0.0,0.0,0.1244369740817871,0.8549981091868356,0.0,0.9580627791026733,0.0,0.7490468403889727,0.0,0.0,0,0.0,0,0.0,0.0,1.0,0,0.0,0.0,1.0,0.0,0.0,0.0,1.0,0.0,0.0,0.0,0.0,0.0,Bitel,0,1.0,Entel,2,0.0,Bitel,0,0.0,Bitel,0,1.0,0.0,1.0,0.5,1.0,75.0,COBERTURA ALTA,False,False
1507100003,LIMA,HUAROCHIRI,LAHUAYTAMBO,SANTA ANA,RURAL,-12.08638,-76.38558,0.0,0.0,0.0,0.0,0.0,0.0,0.0,0.041384350996685,0.0,0.419831272483365,0.0,0.1204499764738349,0.0,0.0,0,0.0,0,0.0,0.0,1.0,0,0.0,0.999719851756071,1.0,0.0,0.0,0.0,0.0,0.0,0.0,0.0,0.0,0.0,Bitel,0,1.0,Entel,1,0.0,Bitel,0,0.0,Bitel,0,1.0,0.0,1.0,0.75,1.0,77.5,COBERTURA ALTA,False,False
1507100004,LIMA,HUAROCHIRI,LAHUAYTAMBO,HUERTA,RURAL,-12.09428,-76.43052,0.0,0.0,0.0,0.0,0.0,0.0,0.07384960717204078,0.9124491437478954,0.0,0.8007344420884404,0.0,0.4610788569936787,0.0,0.0,0,0.0,0,0.0,0.0,1.0,0,0.0,0.0,1.0,0.0,0.0,0.0,1.0,0.0,0.0,0.0,0.0,0.0,Bitel,0,1.0,Entel,2,0.0,Bitel,0,0.0,Bitel,0,1.0,0.0,1.0,0.5,1.0,75.0,COBERTURA ALTA,False,False
1507100005,LIMA,HUAROCHIRI,LAHUAYTAMBO,QUILCO,RURAL,-12.08816,-76.424,0.0,0.0,0.0,0.0,0.0,0.0,0.3745799514615029,0.9999999994642729,0.0,0.9983488383247069,0.0,0.796333268533266,0.0,0.0,0,0.0,0,0.0,0.0,0.999999999464303,0,0.0,0.0,0.9999999994643027,0.0,0.0,0.0,0.9999999994643027,0.0,0.0,0.0,0.0,0.0,Bitel,0,0.999999999464303,Entel,2,0.0,Bitel,0,0.0,Bitel,0,1.0,5.356970422809582e-10,1.0,0.5,1.0,75.0,COBERTURA ALTA,False,False
1507100006,LIMA,HUAROCHIRI,LAHUAYTAMBO,LA PEDRERA,RURAL,-12.0956,-76.44525,0.0,0.0,0.0,0.0,0.0,0.0,0.0,0.158409172621981,0.0,0.9075155113170497,0.0,0.9075155113170562,0.0,0.0,0,0.0,0,0.0,0.0,0.9999999918295704,0,0.0,0.0,0.977958797207084,0.0,0.0,0.0,0.9999999918295704,0.0,0.0,0.0,0.0,0.0,Bitel,0,0.9999999918295704,Entel,3,0.0,Bitel,0,0.0,Bitel,0,1.0,8.170429555143244e-09,1.0,0.25,1.0,72.5,COBERTURA ALTA,False,False
1507100007,LIMA,HUAROCHIRI,LAHUAYTAMBO,LA MINA,RURAL,-12.09883,-76.4491,0.0,0.0,0.0,0.0,0.0,0.0,0.0,0.02009333470761907,0.0,0.2501223781079503,0.0,0.2123296450563678,0.0,0.0,0,0.0,0,0.0,0.0,0.9999999958062312,0,0.0,0.0,0.9340354108116117,0.0,0.0,0.0,0.9999999958062269,0.0,0.0,0.0,0.0,0.0,Bitel,0,0.9999999958062312,Entel,2,0.0,Bitel,0,0.0,Bitel,0,1.0,4.19376877669464e-09,1.0,0.5,1.0,75.0,COBERTURA ALTA,False,False
1507100008,LIMA,HUAROCHIRI,LAHUAYTAMBO,PUENTE,RURAL,-12.09818,-76.45114,0.0,0.0,0.0,0.0,0.0,0.0,0.0,0.07130295524794766,0.0,0.7743721495259552,0.0,0.7520249418365702,0.0,0.0,0,0.0,0,0.0,0.0,1.0,0,0.0,0.0,0.9916738702368846,0.0,0.0,0.0,1.0,0.0,0.0,0.0,0.0,0.0,Bitel,0,1.0,Entel,2,0.0,Bitel,0,0.0,Bitel,0,1.0,0.0,1.0,0.5,1.0,75.0,COBERTURA ALTA,False,False
1507100009,LIMA,HUAROCHIRI,LAHUAYTAMBO,HUATIACAYA,RURAL,-12.0979,-76.45309,0.0,0.0,0.0,0.0,0.0,0.0,0.0,0.1993625873187703,0.0,0.9012259546117968,0.0,0.8805340720518211,0.0,0.0,0,0.0,0,0.0,0.0,0.9999999995973763,0,0.0,0.0,0.9999999995973762,0.0,0.0,0.0,0.9999999995975057,0.0,0.0,0.0,0.0,0.0,Bitel,0,0.9999999995975057,Movistar,3,0.0,Bitel,0,0.0,Bitel,0,1.0,4.024942601432713e-10,1.0,0.25,1.0,72.5,COBERTURA ALTA,False,False
1507100010,LIMA,HUAROCHIRI,LAHUAYTAMBO,CRUZ DE LAYA,RURAL,-12.1029,-76.46024,0.0,0.0,0.0,0.0,0.0,0.0,0.0,0.9999999994751672,0.0,0.9999999994751803,0.0,0.9029812331006773,0.0,0.0,0,0.0,0,0.0,0.0,0.04065552264958303,0,0.0,0.0,0.9371653984361608,0.0,0.0,0.0,0.9958810872785778,0.0,0.0,0.0,0.0,0.0,Bitel,0,0.9958810872785778,Movistar,2,0.0,Bitel,0,0.0,Bitel,0,1.0,0.004118912721422174,1.0,0.5,1.0,75.08,COBERTURA ALTA,False,False
1507100012,LIMA,HUAROCHIRI,LAHUAYTAMBO,CHAUPERARCA,RURAL,-12.11029,-76.45655,0.0,0.0,0.0,0.0,0.0,0.0,0.0,1.0,0.0,1.0,0.0,0.7261484777103455,0.0,0.0,0,0.0,0,0.0,0.0,0.0,0,0.0,0.0,0.6388731109626778,0.0,0.0,0.0,0.7325420889337919,0.0,0.0,0.0,0.0,0.0,Bitel,0,0.7325420889337919,Movistar,0,0.0,Bitel,0,0.0,Bitel,0,1.0,0.2674579110662081,1.0,1.0,1.0,85.35,COBERTURA PARCIAL,False,False
1507100013,LIMA,HUAROCHIRI,LAHUAYTAMBO,LASHIJAYA,RURAL,-12.09765,-76.40698,0.0,0.0,0.0,0.0,0.0,0.0,0.03685241270727804,1.0,0.0,1.0,0.0,1.0,0.0,0.0,0,0.0,0,0.0,0.0,1.0,0,0.0,0.5962543652647709,1.0,0.0,0.0,0.0,1.0,0.0,0.0,0.0,0.0,0.0,Bitel,0,1.0,Claro,3,0.0,Bitel,0,0.0,Bitel,0,1.0,0.0,1.0,0.25,1.0,72.5,COBERTURA ALTA,False,False
1507100014,LIMA,HUAROCHIRI,LAHUAYTAMBO,CANLLE,RURAL,-12.09771,-76.40234,0.0,0.0,0.0,0.0,0.0,0.0,0.0,0.7612337552515428,0.0,0.971905621693369,0.0,0.9719056216932963,0.0,0.0,0,0.0,0,0.0,0.0,1.0,0,0.0,0.7153187710576734,1.0,0.0,0.0,0.0,1.0,0.0,0.0,0.0,0.0,0.0,Bitel,0,1.0,Entel,3,0.0,Bitel,0,0.0,Bitel,0,1.0,0.0,1.0,0.25,1.0,72.5,COBERTURA ALTA,False,False
1507100015,LIMA,HUAROCHIRI,LAHUAYTAMBO,AGUASQUICHE,RURAL,-12.10193,-76.39825,0.0,0.0,0.0,0.0,0.0,0.0,0.0,0.9864252510064746,0.0,0.9999999995990002,0.0,0.9999999995990002,0.0,0.0,0,0.0,0,0.0,0.0,0.9999999995990001,0,0.0,0.9889178352357672,0.999999999598897,0.0,0.0,0.0,0.9999999995987946,0.0,0.0,0.0,0.0,0.0,Bitel,0,0.9999999995990002,Claro,3,0.0,Bitel,0,0.0,Bitel,0,1.0,4.0099978892982335e-10,1.0,0.25,1.0,72.5,COBERTURA ALTA,False,False
1507100016,LIMA,HUAROCHIRI,LAHUAYTAMBO,HUAYRUNA,RURAL,-12.10831,-76.39661,0.0,0.0,0.0,0.0,0.0,0.0,0.0,1.0,0.0,1.0,0.0,1.0,0.0,0.0,0,0.0,0,0.0,0.0,1.0,0,0.0,0.9467523181164589,1.0,0.0,0.0,0.0,1.0,0.0,0.0,0.0,0.0,0.0,Bitel,0,1.0,Claro,3,0.0,Bitel,0,0.0,Bitel,0,1.0,0.0,1.0,0.25,1.0,72.5,COBERTURA ALTA,False,False
1507100017,LIMA,HUAROCHIRI,LAHUAYTAMBO,PEÑAMAMA,RURAL,-12.1054,-76.39412,0.0,0.0,0.0,0.0,0.0,0.0,0.0,1.0,0.0,1.0,0.0,1.0,0.0,0.0,0,0.0,0,0.0,0.0,1.0,0,0.0,0.6809985536878905,1.0,0.0,0.0,0.0,1.0,0.0,0.0,0.0,0.0,0.0,Bitel,0,1.0,Claro,3,0.0,Bitel,0,0.0,Bitel,0,1.0,0.0,1.0,0.25,1.0,72.5,COBERTURA ALTA,False,False
1507100018,LIMA,HUAROCHIRI,LAHUAYTAMBO,RIO BLANCO,RURAL,-12.10952,-76.39549,0.0,0.0,0.0,0.0,0.0,0.0,0.0,0.999999998230595,0.0,0.999999998230387,0.0,0.9999999982303891,0.0,0.0,0,0.0,0,0.0,0.0,0.999999998230389,0,0.0,0.7971521828459261,0.999999998229992,0.0,0.0,0.0,0.9999999982303891,0.0,0.0,0.0,0.0,0.0,Bitel,0,0.9999999982303891,Claro,3,0.0,Bitel,0,0.0,Bitel,0,1.0,1.769610902258023e-09,1.0,0.25,1.0,72.5,COBERTURA ALTA,False,False
1507100019,LIMA,HUAROCHIRI,LAHUAYTAMBO,POJUAYQUE,RURAL,-12.12461,-76.36108,0.0,0.0,0.0,0.0,0.0,0.0,0.0,0.0,0.0,0.0,0.0,0.0,0.0,0.0,0,0.0,0,0.0,0.0,0.0,0,0.0,0.0,0.006259113301253466,0.0,0.0,0.0,0.0,0.0,0.0,0.0,0.0,0.0,Bitel,0,0.0,Bitel,0,0.0,Bitel,0,0.0,Bitel,0,1.0,1.0,1.0,1.0,1.0,100.0,BRECHA CRITICA,False,False
1507100020,LIMA,HUAROCHIRI,LAHUAYTAMBO,PEÑA ALTO,RURAL,-12.08374,-76.3604,0.0,0.0,0.0,0.0,0.0,0.0,0.0,0.0,0.0,0.0,0.0,0.0,0.0,0.0,0,0.0,0,0.0,0.0,7.724441660312984e-05,0,0.0,0.0,0.9999999986621552,0.0,0.0,0.0,0.0,0.0,0.0,0.0,0.0,0.0,Bitel,0,7.724441660312984e-05,Entel,0,0.0,Bitel,0,0.0,Bitel,0,1.0,0.9999227555833968,1.0,1.0,1.0,100.0,BRECHA CRITICA,False,False
1507100021,LIMA,HUAROCHIRI,LAHUAYTAMBO,CHACARILLA,RURAL,-12.09534,-76.44087,0.0,0.0,0.0,0.0,0.0,0.0,0.0,0.08283139046553864,0.0,0.8296484899827113,0.0,0.8502666630593921,0.0,0.0,0,0.0,0,0.0,0.0,1.0,0,0.0,0.0,0.9352572251822626,0.0,0.0,0.0,1.0,0.0,0.0,0.0,0.0,0.0,Bitel,0,1.0,Entel,3,0.0,Bitel,0,0.0,Bitel,0,1.0,0.0,1.0,0.25,1.0,72.5,COBERTURA ALTA,False,False
1507100022,LIMA,HUAROCHIRI,LAHUAYTAMBO,TALQUINE,RURAL,-12.09956,-76.45821,0.0,0.0,0.0,0.0,0.0,0.0,0.0,0.9720083600722701,0.0,0.8426018682284908,0.0,0.7963128243312972,0.0,0.0,0,0.0,0,0.0,0.0,0.8492838736433678,0,0.0,0.0,0.6730721038156057,0.0,0.0,0.0,0.9999999947960339,0.0,0.0,0.0,0.0,0.0,Bitel,0,0.9999999947960339,Movistar,2,0.0,Bitel,0,0.0,Bitel,0,1.0,5.20396614689389e-09,1.0,0.5,1.0,75.0,COBERTURA ALTA,False,False
1507100023,LIMA,HUAROCHIRI,LAHUAYTAMBO,SAN ANTONIO,RURAL,-12.09628,-76.44221,0.0,0.0,0.0,0.0,0.0,0.0,0.0,0.06207585276788626,0.0,0.7098179624106524,0.0,0.7305099133331245,0.0,0.0,0,0.0,0,0.0,0.0,0.9999999974380901,0,0.0,0.0,0.9440212098640716,0.0,0.0,0.0,0.9999999974379299,0.0,0.0,0.0,0.0,0.0,Bitel,0,0.9999999974380901,Entel,2,0.0,Bitel,0,0.0,Bitel,0,1.0,2.5619099064400075e-09,1.0,0.5,1.0,75.0,COBERTURA ALTA,False,False
1507100024,LIMA,HUAROCHIRI,LAHUAYTAMBO,TIERRA BLANCA,RURAL,-12.09875,-76.44533,0.0,0.0,0.0,0.0,0.0,0.0,0.0,0.06207624927542321,0.0,0.009230825050112112,0.0,0.009230825050112112,0.0,0.0,0,0.0,0,0.0,0.0,0.7382513282781005,0,0.0,0.0,0.7500506783294768,0.0,0.0,0.0,0.9999999945586314,0.0,0.0,0.0,0.0,0.0,Bitel,0,0.9999999945586314,Movistar,1,0.0,Bitel,0,0.0,Bitel,0,1.0,5.441368577940864e-09,1.0,0.75,1.0,77.5,COBERTURA ALTA,False,False
1507100025,LIMA,HUAROCHIRI,LAHUAYTAMBO,OLLADA,RURAL,-12.11033,-76.4566,0.0,0.0,0.0,0.0,0.0,0.0,0.0,1.0,0.0,1.0,0.0,0.7403171606131017,0.0,0.0,0,0.0,0,0.0,0.0,0.0,0,0.0,0.0,0.6432017931947235,0.0,0.0,0.0,0.735155146344323,0.0,0.0,0.0,0.0,0.0,Bitel,0,0.7403171606131017,Claro,0,0.0,Bitel,0,0.0,Bitel,0,1.0,0.2596828393868983,1.0,1.0,1.0,85.19,COBERTURA PARCIAL,False,False
1507100026,LIMA,HUAROCHIRI,LAHUAYTAMBO,JULLACHI,RURAL,-12.09085,-76.38515,0.0,0.0,0.0,0.0,0.0,0.0,0.0,0.0,0.0,0.999999999646679,0.0,0.9712363607468733,0.0,0.0,0,0.0,0,0.0,0.0,0.9999999996466792,0,0.0,0.9999999996467074,0.9999999996467078,0.0,0.0,0.0,0.3648455411106591,0.0,0.0,0.0,0.0,0.0,Bitel,0,0.9999999996466792,Entel,2,0.0,Bitel,0,0.0,Bitel,0,1.0,3.5332081704808616e-10,1.0,0.5,1.0,75.0,COBERTURA ALTA,False,False
1507100027,LIMA,HUAROCHIRI,LAHUAYTAMBO,ANTANGA,RURAL,-12.09354,-76.3976,0.0,0.0,0.0,0.0,0.0,0.0,0.0,0.0,0.0,0.9999999956758155,0.0,0.9999999956758107,0.0,0.0,0,0.0,0,0.0,0.0,0.9999999956758105,0,0.0,0.751010472771351,0.99999999567559,0.0,0.0,0.0,0.9999999956758142,0.0,0.0,0.0,0.0,0.0,Bitel,0,0.9999999956758142,Movistar,3,0.0,Bitel,0,0.0,Bitel,0,1.0,4.324185787218937e-09,1.0,0.25,1.0,72.5,COBERTURA ALTA,False,False
1507100028,LIMA,HUAROCHIRI,LAHUAYTAMBO,PICHAUCALLA,RURAL,-12.10515,-76.39864,0.0,0.0,0.0,0.0,0.0,0.0,0.0,1.0,0.0,1.0,0.0,1.0,0.0,0.0,0,0.0,0,0.0,0.0,1.0,0,0.0,1.0,1.0,0.0,0.0,0.0,1.0,0.0,0.0,0.0,0.0,0.0,Bitel,0,1.0,Claro,3,0.0,Bitel,0,0.0,Bitel,0,1.0,0.0,1.0,0.25,1.0,72.5,COBERTURA ALTA,False,False
1507100029,LIMA,HUAROCHIRI,LAHUAYTAMBO,GUIRON,RURAL,-12.09244,-76.42283,0.0,0.0,0.0,0.0,0.0,0.0,0.0,0.3721750139948438,0.0,0.4430380823252069,0.0,0.4063331304323499,0.0,0.0,0,0.0,0,0.0,0.0,0.9999999988906952,0,0.0,0.0,0.9969615608855,0.0,0.0,0.0,0.9999999988906949,0.0,0.0,0.0,0.0,0.0,Bitel,0,0.9999999988906952,Entel,2,0.0,Bitel,0,0.0,Bitel,0,1.0,1.109304759161489e-09,1.0,0.5,1.0,75.0,COBERTURA ALTA,False,False
1507100030,LIMA,HUAROCHIRI,LAHUAYTAMBO,CALLACOTO,RURAL,-12.10756,-76.4322,0.0,0.0,0.0,0.0,0.0,0.0,0.9872087382417235,1.0,0.0,1.0,0.0,0.9872087382418389,0.0,0.0,0,0.0,0,0.0,0.0,0.970521386866191,0,0.0,0.0,0.9424682929783578,0.0,0.0,0.0,0.9900673778401056,0.0,0.0,0.0,0.0,0.0,Bitel,0,0.9900673778401056,Movistar,3,0.0,Bitel,0,0.0,Bitel,0,1.0,0.009932622159894433,1.0,0.25,1.0,72.7,COBERTURA ALTA,False,False
1507100031,LIMA,HUAROCHIRI,LAHUAYTAMBO,PAMPA,RURAL,-12.10482,-76.39115,0.0,0.0,0.0,0.0,0.0,0.0,0.0,0.9564283413640751,0.0,0.9999999950436921,0.0,0.9999999950436921,0.0,0.0,0,0.0,0,0.0,0.0,0.9999999950436924,0,0.0,0.9679716462600575,0.9999999950434092,0.0,0.0,0.0,0.9999999950436921,0.0,0.0,0.0,0.0,0.0,Bitel,0,0.9999999950436924,Entel,3,0.0,Bitel,0,0.0,Bitel,0,1.0,4.956307586567732e-09,1.0,0.25,1.0,72.5,COBERTURA ALTA,False,False
1507100032,LIMA,HUAROCHIRI,LAHUAYTAMBO,SHIGUALLPUNCO,RURAL,-12.11293,-76.38212,0.0,0.0,0.0,0.0,0.0,0.0,0.0,0.0,0.0,0.0,0.0,0.0,0.0,0.0,0,0.0,0,0.0,0.0,1.0,0,0.0,0.0,1.0,0.0,0.0,0.0,0.0,0.0,0.0,0.0,0.0,0.0,Bitel,0,1.0,Entel,1,0.0,Bitel,0,0.0,Bitel,0,1.0,0.0,1.0,0.75,1.0,77.5,COBERTURA ALTA,False,False
1507110001,LIMA,HUAROCHIRI,LANGA,LANGA,URBANO,-12.12511,-76.42091,0.0,0.0,0.0,0.0,0.0,0.0,0.8172244115282886,0.9999999848136302,0.3509569602748051,0.999999984813461,0.2509210287345804,0.9999999848134439,0.0,0.0,0,0.0,0,0.0,0.0,0.0,0,0.0,0.9835349547441276,0.9999999848133261,0.0,0.0,0.0,0.0,0.0,0.0,0.0,0.0,0.2509210287345804,Claro,0,0.9999999848134439,Claro,1,0.0,Bitel,0,0.0,Bitel,0,0.7490789712654196,1.518655612375852e-08,1.0,0.75,0.0,56.21,COBERTURA ALTA,False,False
1507110002,LIMA,HUAROCHIRI,LANGA,MOLINO,RURAL,-12.11785,-76.44516,0.0,0.0,0.0,0.0,0.0,0.0,0.0,0.7679555651584336,0.0,0.4116253145135125,0.0,0.0,0.0,0.0,0,0.0,0,0.0,0.0,0.2476622423449059,0,0.0,0.0,0.9999999964591131,0.0,0.0,0.0,0.1961074886150458,0.0,0.0,0.0,0.0,0.0,Bitel,0,0.2476622423449059,Entel,0,0.0,Bitel,0,0.0,Bitel,0,1.0,0.7523377576550941,1.0,1.0,1.0,95.05,COBERTURA PARCIAL,False,False
1507110003,LIMA,HUAROCHIRI,LANGA,RIO SECO,RURAL,-12.1243,-76.44099,0.0,0.0,0.0,0.0,0.0,0.0,0.0,0.9237712141883537,0.0,0.7778871247028877,0.0,0.0,0.0,0.0,0,0.0,0,0.0,0.0,0.02687592750146793,0,0.0,0.1428930096303872,1.0,0.0,0.0,0.0,0.006706607808409861,0.0,0.0,0.0,0.0,0.0,Bitel,0,0.02687592750146793,Entel,0,0.0,Bitel,0,0.0,Bitel,0,1.0,0.9731240724985321,1.0,1.0,1.0,99.46,BRECHA CRITICA,False,False
1507110004,LIMA,HUAROCHIRI,LANGA,TALQUICHE,RURAL,-12.11987,-76.44471,0.0,0.0,0.0,0.0,0.0,0.0,0.0,0.7779871107903178,0.0,0.3008917457491301,0.0,0.0,0.0,0.0,0,0.0,0,0.0,0.0,0.01464824023150419,0,0.0,0.0,0.9999999976722069,0.0,0.0,0.0,0.0,0.0,0.0,0.0,0.0,0.0,Bitel,0,0.01464824023150419,Entel,0,0.0,Bitel,0,0.0,Bitel,0,1.0,0.9853517597684958,1.0,1.0,1.0,99.71,BRECHA CRITICA,False,False
1507110005,LIMA,HUAROCHIRI,LANGA,LICHIJAIQUI,RURAL,-12.12241,-76.41553,0.0,0.0,0.0,0.0,0.0,0.0,0.0,0.6840461815881542,0.0,0.1560267638477473,0.0,0.1203060298296792,0.0,0.0,0,0.0,0,0.0,0.0,0.07730567998691686,0,0.0,0.06337969855354364,1.0,0.0,0.0,0.0,0.05896917099127777,0.0,0.0,0.0,0.0,0.0,Bitel,0,0.1203060298296792,Claro,0,0.0,Bitel,0,0.0,Bitel,0,1.0,0.8796939701703208,1.0,1.0,1.0,97.59,BRECHA CRITICA,False,False
1507110006,LIMA,HUAROCHIRI,LANGA,SHAJA,RURAL,-12.15188,-76.42204,0.0,0.0,0.0,0.0,0.0,0.0,0.0,0.9999999920322553,0.0,0.9999999920322552,0.0,0.9999999920322553,0.0,0.0,0,0.0,0,0.0,0.0,0.0,0,0.0,0.0,0.5051153749572201,0.0,0.0,0.0,0.0,0.0,0.0,0.0,0.0,0.0,Bitel,0,0.9999999920322553,Claro,1,0.0,Bitel,0,0.0,Bitel,0,1.0,7.967744686254719e-09,1.0,0.75,1.0,77.5,COBERTURA ALTA,False,False
1507110007,LIMA,HUAROCHIRI,LANGA,AUSHIQUE,RURAL,-12.14643,-76.38786,0.0,0.0,0.0,0.0,0.0,0.0,0.0,0.0,0.0,0.0,0.0,0.0,0.0,0.0,0,0.0,0,0.0,0.0,0.0,0,0.0,0.0,0.00791608914227239,0.0,0.0,0.0,0.0,0.0,0.0,0.0,0.0,0.0,Bitel,0,0.0,Bitel,0,0.0,Bitel,0,0.0,Bitel,0,1.0,1.0,1.0,1.0,1.0,100.0,BRECHA CRITICA,False,False
1507110008,LIMA,HUAROCHIRI,LANGA,ABICUBA,RURAL,-12.14493,-76.4208,0.0,0.0,0.0,0.0,0.0,0.0,0.7687188783037098,1.0,0.0,1.0,0.0,0.985707925035995,0.0,0.0,0,0.0,0,0.0,0.0,0.0,0,0.0,0.1313961132544705,1.0,0.0,0.0,0.0,0.0,0.0,0.0,0.0,0.0,0.0,Bitel,0,0.985707925035995,Claro,1,0.0,Bitel,0,0.0,Bitel,0,1.0,0.014292074964004975,1.0,0.75,1.0,77.79,COBERTURA ALTA,False,False
1507110009,LIMA,HUAROCHIRI,LANGA,JINGUIRE,RURAL,-12.15038,-76.40204,0.0,0.0,0.0,0.0,0.0,0.0,0.0,0.1332429185667784,0.0,0.5413920126462195,0.0,0.0,0.0,0.0,0,0.0,0,0.0,0.0,0.0,0,0.0,0.0,0.7160481750118102,0.0,0.0,0.0,0.0,0.0,0.0,0.0,0.0,0.0,Bitel,0,0.0,Bitel,0,0.0,Bitel,0,0.0,Bitel,0,1.0,1.0,1.0,1.0,1.0,100.0,BRECHA CRITICA,False,False
1507110010,LIMA,HUAROCHIRI,LANGA,APRURI,RURAL,-12.15161,-76.3705,0.0,0.0,0.0,0.0,0.0,0.0,0.0,0.0,0.0,0.0,0.0,0.0,0.0,0.0,0,0.0,0,0.0,0.0,0.0,0,0.0,0.0,0.0,0.0,0.0,0.0,0.0,0.0,0.0,0.0,0.0,0.0,Bitel,0,0.0,Bitel,0,0.0,Bitel,0,0.0,Bitel,0,1.0,1.0,1.0,1.0,1.0,100.0,BRECHA CRITICA,False,False
1507110011,LIMA,HUAROCHIRI,LANGA,AJICANZA,RURAL,-12.16009,-76.36712,0.0,0.0,0.0,0.0,0.0,0.0,0.0,0.0,0.0,0.8930731297414011,0.0,0.0,0.0,0.0,0,0.0,0,0.0,0.0,0.0,0,0.0,0.0,0.0,0.0,0.0,0.0,0.0,0.0,0.0,0.0,0.0,0.0,Bitel,0,0.0,Bitel,0,0.0,Bitel,0,0.0,Bitel,0,1.0,1.0,1.0,1.0,1.0,100.0,BRECHA CRITICA,False,False
1507110015,LIMA,HUAROCHIRI,LANGA,CERRO MORADO,RURAL,-12.14055,-76.38449,0.0,0.0,0.0,0.0,0.0,0.0,0.0,0.0,0.0,0.0,0.0,0.0,0.0,0.0,0,0.0,0,0.0,0.0,0.0,0,0.0,0.0,0.2151103167573156,0.0,0.0,0.0,0.0,0.0,0.0,0.0,0.0,0.0,Bitel,0,0.0,Bitel,0,0.0,Bitel,0,0.0,Bitel,0,1.0,1.0,1.0,1.0,1.0,100.0,BRECHA CRITICA,False,False
1507110016,LIMA,HUAROCHIRI,LANGA,CHUCUMARCA,RURAL,-12.15829,-76.37959,0.0,0.0,0.0,0.0,0.0,0.0,0.0,0.03301977146073408,0.0,0.9558737030411292,0.0,0.0,0.0,0.0,0,0.0,0,0.0,0.0,0.0,0,0.0,0.0,0.0,0.0,0.0,0.0,0.0,0.0,0.0,0.0,0.0,0.0,Bitel,0,0.0,Bitel,0,0.0,Bitel,0,0.0,Bitel,0,1.0,1.0,1.0,1.0,1.0,100.0,BRECHA CRITICA,False,False
1507110018,LIMA,HUAROCHIRI,LANGA,MASCATUME,RURAL,-12.15716,-76.39284,0.0,0.0,0.0,0.0,0.0,0.0,0.0,0.3165390231351672,0.0,0.4733148862683805,0.0,0.0,0.0,0.0,0,0.0,0,0.0,0.0,0.0,0,0.0,0.0,0.0,0.0,0.0,0.0,0.0,0.0,0.0,0.0,0.0,0.0,Bitel,0,0.0,Bitel,0,0.0,Bitel,0,0.0,Bitel,0,1.0,1.0,1.0,1.0,1.0,100.0,BRECHA CRITICA,False,False
1507110019,LIMA,HUAROCHIRI,LANGA,PUEBLO VIEJO,RURAL,-12.15929,-76.37348,0.0,0.0,0.0,0.0,0.0,0.0,0.0,0.0,0.0,0.991168586003975,0.0,0.0,0.0,0.0,0,0.0,0,0.0,0.0,0.0,0,0.0,0.0,0.0,0.0,0.0,0.0,0.0,0.0,0.0,0.0,0.0,0.0,Bitel,0,0.0,Bitel,0,0.0,Bitel,0,0.0,Bitel,0,1.0,1.0,1.0,1.0,1.0,100.0,BRECHA CRITICA,False,False
1507110021,LIMA,HUAROCHIRI,LANGA,TOTORACHE,RURAL,-12.16014,-76.3521,0.0,0.0,0.0,0.0,0.0,0.0,0.0,0.0,0.0,0.2971801608107811,0.0,0.0,0.0,0.0,0,0.0,0,0.0,0.0,0.0,0,0.0,0.0,0.0,0.0,0.0,0.0,0.0,0.0,0.0,0.0,0.0,0.0,Bitel,0,0.0,Bitel,0,0.0,Bitel,0,0.0,Bitel,0,1.0,1.0,1.0,1.0,1.0,100.0,BRECHA CRITICA,False,False
1507110022,LIMA,HUAROCHIRI,LANGA,LLACCHI,RURAL,-12.16325,-76.35003,0.0,0.0,0.0,0.0,0.0,0.0,0.0,0.0,0.0,0.409673011689658,0.0,0.0918940773550699,0.0,0.0,0,0.0,0,0.0,0.0,0.0,0,0.0,0.0,0.0,0.0,0.0,0.0,0.0,0.0,0.0,0.0,0.0,0.0,Bitel,0,0.0918940773550699,Claro,0,0.0,Bitel,0,0.0,Bitel,0,1.0,0.9081059226449301,1.0,1.0,1.0,98.16,BRECHA CRITICA,False,False
1507110024,LIMA,HUAROCHIRI,LANGA,LUMAGUIRE,RURAL,-12.16705,-76.3541,0.0,0.0,0.0,0.0,0.0,0.0,0.0,0.0,0.0,0.4474863349819376,0.0,0.08557428972344694,0.0,0.0,0,0.0,0,0.0,0.0,0.0,0,0.0,0.0,0.0,0.0,0.0,0.0,0.0,0.0,0.0,0.0,0.0,0.0,Bitel,0,0.08557428972344694,Claro,0,0.0,Bitel,0,0.0,Bitel,0,1.0,0.9144257102765531,1.0,1.0,1.0,98.29,BRECHA CRITICA,False,False
1507110025,LIMA,HUAROCHIRI,LANGA,CHUMIRE,RURAL,-12.17397,-76.34946,0.0,0.0,0.0,0.0,0.0,0.0,0.0,0.0,0.0,0.999999998282906,0.0,0.9999999982830549,0.0,0.0,0,0.0,0,0.0,0.0,0.0,0,0.0,0.0,0.0,0.0,0.0,0.0,0.0,0.0,0.0,0.0,0.0,0.0,Bitel,0,0.9999999982830549,Claro,1,0.0,Bitel,0,0.0,Bitel,0,1.0,1.716945141616577e-09,1.0,0.75,1.0,77.5,COBERTURA ALTA,False,False
1507110026,LIMA,HUAROCHIRI,LANGA,LUQUIJIACHI,RURAL,-12.17254,-76.36547,0.0,0.0,0.0,0.0,0.0,0.0,0.0,0.0,0.0,0.9999999983484349,0.0,0.0,0.0,0.0,0,0.0,0,0.0,0.0,0.0,0,0.0,0.0,0.0,0.0,0.0,0.0,0.0,0.0,0.0,0.0,0.0,0.0,Bitel,0,0.0,Bitel,0,0.0,Bitel,0,0.0,Bitel,0,1.0,1.0,1.0,1.0,1.0,100.0,BRECHA CRITICA,False,False
1507110027,LIMA,HUAROCHIRI,LANGA,MATARACHE,RURAL,-12.16232,-76.39903,0.0,0.0,0.0,0.0,0.0,0.0,0.0,8.572427857031053e-05,0.0,0.0,0.0,0.0,0.0,0.0,0,0.0,0,0.0,0.0,0.0,0,0.0,0.0,0.006275649978542317,0.0,0.0,0.0,0.0,0.0,0.0,0.0,0.0,0.0,Bitel,0,0.0,Bitel,0,0.0,Bitel,0,0.0,Bitel,0,1.0,1.0,1.0,1.0,1.0,100.0,BRECHA CRITICA,False,False
1507110029,LIMA,HUAROCHIRI,LANGA,ESCOMARCA,RURAL,-12.18052,-76.35598,0.0,0.0,0.0,0.0,0.0,0.0,0.0,0.0,0.5908818067904623,0.9999999969421121,0.0,0.9856798847079684,0.0,0.0,0,0.0,0,0.0,0.0,0.0,0,0.0,0.0,0.0,0.0,0.0,0.0,0.0,0.0,0.0,0.0,0.0,0.0,Bitel,0,0.9856798847079684,Claro,1,0.0,Bitel,0,0.0,Bitel,0,1.0,0.014320115292031588,1.0,0.75,1.0,77.79,COBERTURA ALTA,False,False
1507110032,LIMA,HUAROCHIRI,LANGA,CASCAJO,RURAL,-12.18396,-76.3665,0.0,0.0,0.0,0.0,0.0,0.0,0.0,0.0,0.0,0.7940168512771102,0.0,0.0,0.0,0.0,0,0.0,0,0.0,0.0,0.0,0,0.0,0.0,0.0,0.0,0.0,0.0,0.0,0.0,0.0,0.0,0.0,0.0,Bitel,0,0.0,Bitel,0,0.0,Bitel,0,0.0,Bitel,0,1.0,1.0,1.0,1.0,1.0,100.0,BRECHA CRITICA,False,False
1507110034,LIMA,HUAROCHIRI,LANGA,COMPALLUNCO,RURAL,-12.19,-76.36587,0.0,0.006052358203892044,0.0,0.0,0.0,0.0,0.0,0.0,0.0,0.0,0.0,0.0,0.0,0.0,0,0.0,0,0.0,0.0,0.0,0,0.0,0.0,0.0,0.0,0.0,0.0,0.0,0.0,0.0,0.0,0.0,0.0,Bitel,0,0.0,Bitel,0,0.0,Bitel,0,0.0,Bitel,0,1.0,1.0,1.0,1.0,1.0,100.0,BRECHA CRITICA,False,False
1507110035,LIMA,HUAROCHIRI,LANGA,AÑATAJA,RURAL,-12.19144,-76.38005,0.0,0.5393038868874167,0.0,0.2266648018431893,0.0,0.0,0.0,0.0,0.0,0.0,0.0,0.0,0.0,0.0,0,0.0,0,0.0,0.0,0.0,0,0.0,0.0,0.0,0.0,0.0,0.0,0.0,0.0,0.0,0.0,0.0,0.0,Bitel,0,0.2266648018431893,Bitel,0,0.0,Bitel,0,0.0,Bitel,0,1.0,0.7733351981568107,1.0,1.0,1.0,95.47,COBERTURA PARCIAL,False,False
1507110036,LIMA,HUAROCHIRI,LANGA,ANCHICOCHA,RURAL,-12.18712,-76.38683,0.0,0.0,0.0,0.0,0.0,0.0,0.0,0.0,0.0,0.8728117302332209,0.0,0.0,0.0,0.0,0,0.0,0,0.0,0.0,0.0,0,0.0,0.0,0.0,0.0,0.0,0.0,0.0,0.0,0.0,0.0,0.0,0.0,Bitel,0,0.0,Bitel,0,0.0,Bitel,0,0.0,Bitel,0,1.0,1.0,1.0,1.0,1.0,100.0,BRECHA CRITICA,False,False
1507110038,LIMA,HUAROCHIRI,LANGA,DOS CHAMPAS,RURAL,-12.18682,-76.40029,0.0,0.0,0.0,0.0,0.0,0.0,0.0,0.0,0.0,0.9999999959827675,0.0,0.2054695060175188,0.0,0.0,0,0.0,0,0.0,0.0,0.0,0,0.0,0.0,0.5146091620305182,0.0,0.0,0.0,0.0,0.0,0.0,0.0,0.0,0.0,Bitel,0,0.2054695060175188,Claro,0,0.0,Bitel,0,0.0,Bitel,0,1.0,0.7945304939824812,1.0,1.0,1.0,95.89,COBERTURA PARCIAL,False,False
1507110040,LIMA,HUAROCHIRI,LANGA,CUESTA BLANCA,RURAL,-12.17913,-76.35951,0.0,0.0,0.0,0.0,0.0,0.0,0.0,0.0,0.0,1.0,0.0,0.3882323115101129,0.0,0.0,0,0.0,0,0.0,0.0,0.0,0,0.0,0.0,0.0,0.0,0.0,0.0,0.0,0.0,0.0,0.0,0.0,0.0,Bitel,0,0.3882323115101129,Claro,0,0.0,Bitel,0,0.0,Bitel,0,1.0,0.611767688489887,1.0,1.0,1.0,92.24,COBERTURA PARCIAL,False,False
1507110041,LIMA,HUAROCHIRI,LANGA,AUYOS,RURAL,-12.15834,-76.37952,0.0,0.0,0.0,0.0,0.0,0.0,0.0,0.02763511909701516,0.0,0.9465292209277248,0.0,0.0,0.0,0.0,0,0.0,0,0.0,0.0,0.0,0,0.0,0.0,0.0,0.0,0.0,0.0,0.0,0.0,0.0,0.0,0.0,0.0,Bitel,0,0.0,Bitel,0,0.0,Bitel,0,0.0,Bitel,0,1.0,1.0,1.0,1.0,1.0,100.0,BRECHA CRITICA,False,False
1507110042,LIMA,HUAROCHIRI,LANGA,TALIAZA,RURAL,-12.17138,-76.36484,0.0,0.0,0.0,0.0,0.0,0.0,0.0,0.0,0.0,0.926556566215306,0.0,0.0,0.0,0.0,0,0.0,0,0.0,0.0,0.0,0,0.0,0.0,0.0,0.0,0.0,0.0,0.0,0.0,0.0,0.0,0.0,0.0,Bitel,0,0.0,Bitel,0,0.0,Bitel,0,0.0,Bitel,0,1.0,1.0,1.0,1.0,1.0,100.0,BRECHA CRITICA,False,False
1507110043,LIMA,HUAROCHIRI,LANGA,CASINCHE,RURAL,-12.17111,-76.37906,0.0,0.0,0.0,0.0,0.0,0.0,0.0,0.0,0.0,1.0,0.0,0.0,0.0,0.0,0,0.0,0,0.0,0.0,0.0,0,0.0,0.0,0.0,0.0,0.0,0.0,0.0,0.0,0.0,0.0,0.0,0.0,Bitel,0,0.0,Bitel,0,0.0,Bitel,0,0.0,Bitel,0,1.0,1.0,1.0,1.0,1.0,100.0,BRECHA CRITICA,False,False
1507110046,LIMA,HUAROCHIRI,LANGA,LETICIA,RURAL,-12.1337,-76.41728,0.0,0.0,0.0,0.0,0.0,0.0,0.9041882732639569,1.0,0.0,1.0,0.0,1.0,0.0,0.0,0,0.0,0,0.0,0.0,0.0,0,0.0,0.4041512794468545,1.0,0.0,0.0,0.0,0.0,0.0,0.0,0.0,0.0,0.0,Bitel,0,1.0,Claro,1,0.0,Bitel,0,0.0,Bitel,0,1.0,0.0,1.0,0.75,1.0,77.5,COBERTURA ALTA,False,False
1507110047,LIMA,HUAROCHIRI,LANGA,CHIPA CHIPA,RURAL,-12.12015,-76.446,0.0,0.0,0.0,0.0,0.0,0.0,0.0,0.9007306157749598,0.0,0.4111136718902467,0.0,0.0,0.0,0.0,0,0.0,0,0.0,0.0,0.01776735571299761,0,0.0,0.0,1.0,0.0,0.0,0.0,0.0,0.0,0.0,0.0,0.0,0.0,Bitel,0,0.01776735571299761,Entel,0,0.0,Bitel,0,0.0,Bitel,0,1.0,0.9822326442870024,1.0,1.0,1.0,99.64,BRECHA CRITICA,False,False
1507110048,LIMA,HUAROCHIRI,LANGA,CARRIZAL,RURAL,-12.16452,-76.37505,0.0,0.0,0.0,0.0,0.0,0.0,0.0,0.0,0.0,0.0,0.0,0.0,0.0,0.0,0,0.0,0,0.0,0.0,0.0,0,0.0,0.0,0.0,0.0,0.0,0.0,0.0,0.0,0.0,0.0,0.0,0.0,Bitel,0,0.0,Bitel,0,0.0,Bitel,0,0.0,Bitel,0,1.0,1.0,1.0,1.0,1.0,100.0,BRECHA CRITICA,False,False
1507110049,LIMA,HUAROCHIRI,LANGA,AZUCARA,RURAL,-12.12883,-76.42436,0.0,0.0,0.0,0.0,0.0,0.0,0.9897060324741558,0.9999999962614605,0.0,0.9999999962613826,0.0,0.9816369907459191,0.0,0.0,0,0.0,0,0.0,0.0,0.0,0,0.0,0.9999999962612738,0.9999999962612737,0.0,0.0,0.0,0.0,0.0,0.0,0.0,0.0,0.0,Bitel,0,0.9816369907459191,Claro,1,0.0,Bitel,0,0.0,Bitel,0,1.0,0.018363009254080853,1.0,0.75,1.0,77.87,COBERTURA ALTA,False,False
1507110050,LIMA,HUAROCHIRI,LANGA,ATINCULLA,RURAL,-12.12716,-76.427,0.0,0.0,0.0,0.0,0.0,0.0,0.5502188031070676,0.9999999966125926,0.0,0.9999999966125823,0.0,0.6829627049704485,0.0,0.0,0,0.0,0,0.0,0.0,0.0,0,0.0,0.8044450801359223,0.9999999966122655,0.0,0.0,0.0,0.0,0.0,0.0,0.0,0.0,0.0,Bitel,0,0.6829627049704485,Claro,0,0.0,Bitel,0,0.0,Bitel,0,1.0,0.31703729502955147,1.0,1.0,1.0,86.34,COBERTURA PARCIAL,False,False
1507110051,LIMA,HUAROCHIRI,LANGA,PUQUIO,RURAL,-12.12852,-76.42523,0.0,0.0,0.0,0.0,0.0,0.0,0.9022504967569942,0.9999999976906969,0.0,0.9999999976905113,0.0,0.8882825286692422,0.0,0.0,0,0.0,0,0.0,0.0,0.0,0,0.0,0.9999999976905067,0.9999999976905068,0.0,0.0,0.0,0.0,0.0,0.0,0.0,0.0,0.0,Bitel,0,0.8882825286692422,Claro,1,0.0,Bitel,0,0.0,Bitel,0,1.0,0.11171747133075782,1.0,0.75,1.0,79.73,COBERTURA ALTA,False,False
1507110052,LIMA,HUAROCHIRI,LANGA,PUTACA,RURAL,-12.13234,-76.42516,0.0,0.0,0.0,0.0,0.0,0.0,0.6384209967645205,1.0,0.0,1.0,0.0,0.9379150785567505,0.0,0.0,0,0.0,0,0.0,0.0,0.0,0,0.0,0.5908495054103302,1.0,0.0,0.0,0.0,0.0,0.0,0.0,0.0,0.0,0.0,Bitel,0,0.9379150785567505,Claro,1,0.0,Bitel,0,0.0,Bitel,0,1.0,0.06208492144324951,1.0,0.75,1.0,78.74,COBERTURA ALTA,False,False
1507110053,LIMA,HUAROCHIRI,LANGA,AJARHUAYQUI,RURAL,-12.13649,-76.42246,0.0,0.0,0.0,0.0,0.0,0.0,0.9999838402389293,0.9999999989467747,0.0,0.9999999989467058,0.0,0.99999999894671,0.0,0.0,0,0.0,0,0.0,0.0,0.0,0,0.0,0.6091529186082687,0.999999998946456,0.0,0.0,0.0,0.0,0.0,0.0,0.0,0.0,0.0,Bitel,0,0.99999999894671,Claro,1,0.0,Bitel,0,0.0,Bitel,0,1.0,1.0532900107662613e-09,1.0,0.75,1.0,77.5,COBERTURA ALTA,False,False
1507110054,LIMA,HUAROCHIRI,LANGA,CHAPARCOSA,RURAL,-12.13729,-76.42348,0.0,0.0,0.0,0.0,0.0,0.0,0.8216647307514351,1.0,0.0,1.0,0.0,1.0,0.0,0.0,0,0.0,0,0.0,0.0,0.0,0,0.0,0.612836630519632,1.0,0.0,0.0,0.0,0.0,0.0,0.0,0.0,0.0,0.0,Bitel,0,1.0,Claro,1,0.0,Bitel,0,0.0,Bitel,0,1.0,0.0,1.0,0.75,1.0,77.5,COBERTURA ALTA,False,False
1507110055,LIMA,HUAROCHIRI,LANGA,PEÑITA BAJA,RURAL,-12.19017,-76.39205,0.0,0.0,0.0,0.0,0.0,0.0,0.0,0.0,0.0,0.8092130728859558,0.0,0.0,0.0,0.0,0,0.0,0,0.0,0.0,0.0,0,0.0,0.0,0.0,0.0,0.0,0.0,0.0,0.0,0.0,0.0,0.0,0.0,Bitel,0,0.0,Bitel,0,0.0,Bitel,0,0.0,Bitel,0,1.0,1.0,1.0,1.0,1.0,100.0,BRECHA CRITICA,False,False
1507110056,LIMA,HUAROCHIRI,LANGA,RINCONADA,RURAL,-12.18948,-76.39383,0.0,0.0,0.0,0.0,0.0,0.0,0.0,0.0,0.0,0.9956849223174097,0.0,0.0,0.0,0.0,0,0.0,0,0.0,0.0,0.0,0,0.0,0.0,0.0,0.0,0.0,0.0,0.0,0.0,0.0,0.0,0.0,0.0,Bitel,0,0.0,Bitel,0,0.0,Bitel,0,0.0,Bitel,0,1.0,1.0,1.0,1.0,1.0,100.0,BRECHA CRITICA,False,False
1507110057,LIMA,HUAROCHIRI,LANGA,MANZANO,RURAL,-12.17666,-76.35669,0.0,0.0,0.0,0.0,0.0,0.0,0.0,0.0,0.0,1.0,0.0,0.3319801600801962,0.0,0.0,0,0.0,0,0.0,0.0,0.0,0,0.0,0.0,0.0,0.0,0.0,0.0,0.0,0.0,0.0,0.0,0.0,0.0,Bitel,0,0.3319801600801962,Claro,0,0.0,Bitel,0,0.0,Bitel,0,1.0,0.6680198399198038,1.0,1.0,1.0,93.36,COBERTURA PARCIAL,False,False
1507110058,LIMA,HUAROCHIRI,LANGA,COLCAHUA,RURAL,-12.15431,-76.37197,0.0,0.0,0.0,0.0,0.0,0.0,0.0,0.0,0.0,0.1619273175694572,0.0,0.0,0.0,0.0,0,0.0,0,0.0,0.0,0.0,0,0.0,0.0,0.0,0.0,0.0,0.0,0.0,0.0,0.0,0.0,0.0,0.0,Bitel,0,0.0,Bitel,0,0.0,Bitel,0,0.0,Bitel,0,1.0,1.0,1.0,1.0,1.0,100.0,BRECHA CRITICA,False,False
1507110059,LIMA,HUAROCHIRI,LANGA,LLINLLI,RURAL,-12.16187,-76.36379,0.0,0.0,0.0,0.0,0.0,0.0,0.0,0.0,0.0,0.7217489541789355,0.0,0.0,0.0,0.0,0,0.0,0,0.0,0.0,0.0,0,0.0,0.0,0.0,0.0,0.0,0.0,0.0,0.0,0.0,0.0,0.0,0.0,Bitel,0,0.0,Bitel,0,0.0,Bitel,0,0.0,Bitel,0,1.0,1.0,1.0,1.0,1.0,100.0,BRECHA CRITICA,False,False
1507110060,LIMA,HUAROCHIRI,LANGA,COMPARSA,RURAL,-12.18545,-76.40082,0.0,0.0,0.0,0.0,0.0,0.0,0.0,0.0,0.0,1.0,0.0,0.6198297159294467,0.0,0.0,0,0.0,0,0.0,0.0,0.0,0,0.0,0.0,0.85922840117517,0.0,0.0,0.0,0.0,0.0,0.0,0.0,0.0,0.0,Bitel,0,0.6198297159294467,Claro,0,0.0,Bitel,0,0.0,Bitel,0,1.0,0.3801702840705533,1.0,1.0,1.0,87.6,COBERTURA PARCIAL,False,False
1507110061,LIMA,HUAROCHIRI,LANGA,CHATAYQUE,RURAL,-12.11731,-76.44689,0.0,0.0,0.0,0.0,0.0,0.0,0.0,0.901716332051544,0.0,0.5637332686482264,0.0,0.0,0.0,0.0,0,0.0,0,0.0,0.0,0.5070857938480148,0,0.0,0.0,1.0,0.0,0.0,0.0,0.2181605366862192,0.0,0.0,0.0,0.0,0.0,Bitel,0,0.5070857938480148,Entel,0,0.0,Bitel,0,0.0,Bitel,0,1.0,0.4929142061519852,1.0,1.0,1.0,89.86,COBERTURA PARCIAL,False,False
1507110062,LIMA,HUAROCHIRI,LANGA,SAQUINANGA,RURAL,-12.19143,-76.38006,0.0,0.5399023648541842,0.0,0.2261137628918086,0.0,0.0,0.0,0.0,0.0,0.0,0.0,0.0,0.0,0.0,0,0.0,0,0.0,0.0,0.0,0,0.0,0.0,0.0,0.0,0.0,0.0,0.0,0.0,0.0,0.0,0.0,0.0,Bitel,0,0.2261137628918086,Bitel,0,0.0,Bitel,0,0.0,Bitel,0,1.0,0.7738862371081914,1.0,1.0,1.0,95.48,COBERTURA PARCIAL,False,False
1507110063,LIMA,HUAROCHIRI,LANGA,ANGALASA,RURAL,-12.12869,-76.42843,0.0,0.0,0.0,0.0,0.0,0.0,0.09255667791114196,0.9946435367673719,0.0,0.9825415564352159,0.0,0.3393531049476574,0.0,0.0,0,0.0,0,0.0,0.0,0.0,0,0.0,0.7587229123268824,0.9999999994399748,0.0,0.0,0.0,0.0,0.0,0.0,0.0,0.0,0.0,Bitel,0,0.3393531049476574,Claro,0,0.0,Bitel,0,0.0,Bitel,0,1.0,0.6606468950523425,1.0,1.0,1.0,93.21,COBERTURA PARCIAL,False,False
1507110064,LIMA,HUAROCHIRI,LANGA,JUAYA,RURAL,-12.1871,-76.38662,0.0,0.0,0.0,0.0,0.0,0.0,0.0,0.0,0.0,0.8957815023366122,0.0,0.0,0.0,0.0,0,0.0,0,0.0,0.0,0.0,0,0.0,0.0,0.0,0.0,0.0,0.0,0.0,0.0,0.0,0.0,0.0,0.0,Bitel,0,0.0,Bitel,0,0.0,Bitel,0,0.0,Bitel,0,1.0,1.0,1.0,1.0,1.0,100.0,BRECHA CRITICA,False,False
1507110065,LIMA,HUAROCHIRI,LANGA,CONICHA,RURAL,-12.14377,-76.42588,0.0,0.0,0.0,0.0,0.0,0.0,0.0,0.6663744058522767,0.0,0.4108241590766122,0.0,0.2137813779993271,0.0,0.0,0,0.0,0,0.0,0.0,0.0,0,0.0,0.07481916066024939,1.0,0.0,0.0,0.0,0.0,0.0,0.0,0.0,0.0,0.0,Bitel,0,0.2137813779993271,Claro,0,0.0,Bitel,0,0.0,Bitel,0,1.0,0.7862186220006729,1.0,1.0,1.0,95.72,COBERTURA PARCIAL,False,False
1507110066,LIMA,HUAROCHIRI,LANGA,CHICAYACU,RURAL,-12.18765,-76.3679,0.0,0.0,0.0,0.0,0.0,0.0,0.0,0.0,0.0,0.0,0.0,0.0,0.0,0.0,0,0.0,0,0.0,0.0,0.0,0,0.0,0.0,0.0,0.0,0.0,0.0,0.0,0.0,0.0,0.0,0.0,0.0,Bitel,0,0.0,Bitel,0,0.0,Bitel,0,0.0,Bitel,0,1.0,1.0,1.0,1.0,1.0,100.0,BRECHA CRITICA,False,False
1507110067,LIMA,HUAROCHIRI,LANGA,MARAN NICHE,RURAL,-12.12347,-76.44236,0.0,0.0,0.0,0.0,0.0,0.0,0.0,0.9650748096376279,0.0,0.8798549999367152,0.0,0.0,0.0,0.0,0,0.0,0,0.0,0.0,0.03449403836082233,0,0.0,0.05938655677026424,1.0,0.0,0.0,0.0,0.0006938964246593525,0.0,0.0,0.0,0.0,0.0,Bitel,0,0.03449403836082233,Entel,0,0.0,Bitel,0,0.0,Bitel,0,1.0,0.9655059616391777,1.0,1.0,1.0,99.31,BRECHA CRITICA,False,False
1507110068,LIMA,HUAROCHIRI,LANGA,SIMUCHA,RURAL,-12.16383,-76.3729,0.0,0.0,0.0,0.0,0.0,0.0,0.0,0.04139650168634649,0.0,0.0,0.0,0.0,0.0,0.0,0,0.0,0,0.0,0.0,0.0,0,0.0,0.0,0.0,0.0,0.0,0.0,0.0,0.0,0.0,0.0,0.0,0.0,Bitel,0,0.0,Bitel,0,0.0,Bitel,0,0.0,Bitel,0,1.0,1.0,1.0,1.0,1.0,100.0,BRECHA CRITICA,False,False
1507110069,LIMA,HUAROCHIRI,LANGA,CHACRALANGA,RURAL,-12.11859,-76.44931,0.0,0.0,0.0,0.0,0.0,0.0,0.0,0.9543894214690241,0.0,0.144310996017932,0.0,0.0,0.0,0.0,0,0.0,0,0.0,0.0,0.3414415149614505,0,0.0,0.0,0.9999999984557351,0.0,0.0,0.0,0.1426307592102806,0.0,0.0,0.0,0.0,0.0,Bitel,0,0.3414415149614505,Entel,0,0.0,Bitel,0,0.0,Bitel,0,1.0,0.6585584850385495,1.0,1.0,1.0,93.17,COBERTURA PARCIAL,False,False
1507110070,LIMA,HUAROCHIRI,LANGA,CASCAJAL,RURAL,-12.1818,-76.3758,0.0,0.0,0.0,0.0,0.0,0.0,0.0,0.0,0.0,0.6602295349584988,0.0,0.0,0.0,0.0,0,0.0,0,0.0,0.0,0.0,0,0.0,0.0,0.0,0.0,0.0,0.0,0.0,0.0,0.0,0.0,0.0,0.0,Bitel,0,0.0,Bitel,0,0.0,Bitel,0,0.0,Bitel,0,1.0,1.0,1.0,1.0,1.0,100.0,BRECHA CRITICA,False,False
1507110071,LIMA,HUAROCHIRI,LANGA,SAN MIGUEL DE LAYA,RURAL,-12.11882,-76.44821,0.0,0.0,0.0,0.0,0.0,0.0,0.0,0.9149254297618385,0.0,0.1118365376637383,0.0,0.0,0.0,0.0,0,0.0,0,0.0,0.0,0.2850400677858032,0,0.0,0.0,1.0,0.0,0.0,0.0,0.101739103351715,0.0,0.0,0.0,0.0,0.0,Bitel,0,0.2850400677858032,Entel,0,0.0,Bitel,0,0.0,Bitel,0,1.0,0.7149599322141968,1.0,1.0,1.0,94.3,COBERTURA PARCIAL,False,False
1507110072,LIMA,HUAROCHIRI,LANGA,SACSACOTO,RURAL,-12.08429,-76.41574,0.0,0.0,0.0,0.0,0.0,0.0,0.1315906114621105,0.8674555525750017,0.0,0.9999999963153047,0.0,0.8730567442380741,0.0,0.0,0,0.0,0,0.0,0.0,0.9999999963153049,0,0.0,0.2897288064228808,0.9999999963153309,0.0,0.0,0.0,0.9999999963153047,0.0,0.0,0.0,0.0,0.0,Bitel,0,0.9999999963153049,Entel,3,0.0,Bitel,0,0.0,Bitel,0,1.0,3.6846951045887977e-09,1.0,0.25,1.0,72.5,COBERTURA ALTA,False,False
1507110074,LIMA,HUAROCHIRI,LANGA,AGUA LLORONA,RURAL,-12.18386,-76.36336,0.0,0.0,0.0,0.0,0.0,0.0,0.0,0.0,0.0,0.3920716586081838,0.0,0.0,0.0,0.0,0,0.0,0,0.0,0.0,0.0,0,0.0,0.0,0.0,0.0,0.0,0.0,0.0,0.0,0.0,0.0,0.0,0.0,Bitel,0,0.0,Bitel,0,0.0,Bitel,0,0.0,Bitel,0,1.0,1.0,1.0,1.0,1.0,100.0,BRECHA CRITICA,False,False
1507110075,LIMA,HUAROCHIRI,LANGA,JUINCA,RURAL,-12.16094,-76.3922,0.0,0.0,0.0,0.0,0.0,0.0,0.0,0.7445157436632961,0.0,0.4974531482339182,0.0,0.1066786623105329,0.0,0.0,0,0.0,0,0.0,0.0,0.0,0,0.0,0.0,0.0,0.0,0.0,0.0,0.0,0.0,0.0,0.0,0.0,0.0,Bitel,0,0.1066786623105329,Claro,0,0.0,Bitel,0,0.0,Bitel,0,1.0,0.8933213376894671,1.0,1.0,1.0,97.87,BRECHA CRITICA,False,False
1507110076,LIMA,HUAROCHIRI,LANGA,JALACHACA,RURAL,-12.14585,-76.42546,0.0,0.0,0.0,0.0,0.0,0.0,0.0,0.9655939822981359,0.0,0.5889985560953687,0.0,0.3733221356945721,0.0,0.0,0,0.0,0,0.0,0.0,0.0,0,0.0,0.08177957596324957,0.9999999998966406,0.0,0.0,0.0,0.0,0.0,0.0,0.0,0.0,0.0,Bitel,0,0.3733221356945721,Claro,0,0.0,Bitel,0,0.0,Bitel,0,1.0,0.6266778643054278,1.0,1.0,1.0,92.53,COBERTURA PARCIAL,False,False
1507110077,LIMA,HUAROCHIRI,LANGA,CANSATUPE,RURAL,-12.12523,-76.42484,0.0,0.0,0.0,0.0,0.0,0.0,0.9999999969301079,0.9999999969301078,0.0,0.9999999969301079,0.0,0.9999999969301079,0.0,0.0,0,0.0,0,0.0,0.0,0.0,0,0.0,0.9999999969300825,0.9999999969300823,0.0,0.0,0.0,0.0,0.0,0.0,0.0,0.0,0.0,Bitel,0,0.9999999969301079,Claro,1,0.0,Bitel,0,0.0,Bitel,0,1.0,3.0698921182903405e-09,1.0,0.75,1.0,77.5,COBERTURA ALTA,False,False
1507110078,LIMA,HUAROCHIRI,LANGA,AGUA CALIENTE,RURAL,-12.17782,-76.39991,0.0,0.1179230882103719,0.0,0.09661889730630066,0.0,0.0,0.0,0.0,0.0,1.0,0.0,0.2531212055671058,0.0,0.0,0,0.0,0,0.0,0.0,0.0,0,0.0,0.0,0.6681130379145842,0.0,0.0,0.0,0.0,0.0,0.0,0.0,0.0,0.0,Bitel,0,0.2531212055671058,Claro,0,0.0,Bitel,0,0.0,Bitel,0,1.0,0.7468787944328942,1.0,1.0,1.0,94.94,COBERTURA PARCIAL,False,False
1507110079,LIMA,HUAROCHIRI,LANGA,GILWACHA,RURAL,-12.15667,-76.40111,0.0,0.0,0.0,0.0,0.0,0.0,0.0,0.9243122609425773,0.0,0.4360236717876088,0.0,0.1049724532777753,0.0,0.0,0,0.0,0,0.0,0.0,0.0,0,0.0,0.0,0.0,0.0,0.0,0.0,0.0,0.0,0.0,0.0,0.0,0.0,Bitel,0,0.1049724532777753,Claro,0,0.0,Bitel,0,0.0,Bitel,0,1.0,0.8950275467222247,1.0,1.0,1.0,97.9,BRECHA CRITICA,False,False
1507120001,LIMA,HUAROCHIRI,LARAOS,LARAOS,URBANO,-11.66449,-76.53955,0.0,0.0,0.0,0.0,0.0,0.0,0.9886944201008729,0.9999999631664728,0.968850337849692,0.999999963166389,0.8946992618720283,0.9999999631665488,0.0,0.0,0,0.0,0,0.0,0.0,0.0,0,0.0,0.999999963166389,0.999999963166389,0.0,0.0,0.0,0.0,0.0,0.0,0.0,0.0,0.8946992618720283,Claro,1,0.9999999631665488,Claro,1,0.0,Bitel,0,0.0,Bitel,0,0.1053007381279717,3.6833451177997745e-08,1.0,0.75,0.0,27.24,COBERTURA ALTA,True,False
1507120002,LIMA,HUAROCHIRI,LARAOS,QUIULACOCHA,RURAL,-11.48152,-76.48098,0.0,0.0,0.0,0.0,0.0,0.0,0.0,0.0,0.0,0.0,0.0,0.0,0.0,0.0,0,0.0,0,0.0,0.0,0.0,0,0.0,0.0,0.0,0.0,0.0,0.0,0.0,0.0,0.0,0.0,0.0,0.0,Bitel,0,0.0,Bitel,0,0.0,Bitel,0,0.0,Bitel,0,1.0,1.0,1.0,1.0,1.0,100.0,BRECHA CRITICA,False,False
1507120003,LIMA,HUAROCHIRI,LARAOS,ESCALON,RURAL,-11.50418,-76.49986,0.0,0.0,0.0,0.0,0.0,0.0,0.0,0.0,0.0,0.0,0.0,0.0,0.0,0.0,0,0.0,0,0.0,0.0,0.0,0,0.0,0.0,0.0,0.0,0.0,0.0,0.0,0.0,0.0,0.0,0.0,0.0,Bitel,0,0.0,Bitel,0,0.0,Bitel,0,0.0,Bitel,0,1.0,1.0,1.0,1.0,1.0,100.0,BRECHA CRITICA,False,False
1507120004,LIMA,HUAROCHIRI,LARAOS,CUSHI,RURAL,-11.49368,-76.51548,0.0,0.0,0.0,0.0,0.0,0.0,0.0,0.0,0.0,0.0,0.0,0.0,0.0,0.0,0,0.0,0,0.0,0.0,0.0,0,0.0,0.0,0.0,0.0,0.0,0.0,0.0,0.0,0.0,0.0,0.0,0.0,Bitel,0,0.0,Bitel,0,0.0,Bitel,0,0.0,Bitel,0,1.0,1.0,1.0,1.0,1.0,100.0,BRECHA CRITICA,False,False
1507120005,LIMA,HUAROCHIRI,LARAOS,POCROCOCHA,RURAL,-11.50793,-76.51852,0.0,0.0,0.0,0.0,0.0,0.0,0.0,0.0,0.0,0.0,0.0,0.0,0.0,0.0,0,0.0,0,0.0,0.0,0.0,0,0.0,0.0,0.0,0.0,0.0,0.0,0.0,0.0,0.0,0.0,0.0,0.0,Bitel,0,0.0,Bitel,0,0.0,Bitel,0,0.0,Bitel,0,1.0,1.0,1.0,1.0,1.0,100.0,BRECHA CRITICA,False,False
1507120006,LIMA,HUAROCHIRI,LARAOS,ACOBAMBA VIEJO,RURAL,-11.53618,-76.51643,0.0,0.0,0.0,0.0,0.0,0.0,0.0,0.0,0.0,0.0,0.0,0.0,0.0,0.0,0,0.0,0,0.0,0.0,0.0,0,0.0,0.0,0.0,0.0,0.0,0.0,0.0,0.0,0.0,0.0,0.0,0.0,Bitel,0,0.0,Bitel,0,0.0,Bitel,0,0.0,Bitel,0,1.0,1.0,1.0,1.0,1.0,100.0,BRECHA CRITICA,False,False
1507120007,LIMA,HUAROCHIRI,LARAOS,CASAMACHAY,RURAL,-11.54376,-76.5347,0.0,0.0,0.0,0.0,0.0,0.0,0.0,0.0,0.0,0.0,0.0,0.0,0.0,0.0,0,0.0,0,0.0,0.0,0.0,0,0.0,0.0,0.0,0.0,0.0,0.0,0.0,0.0,0.0,0.0,0.0,0.0,Bitel,0,0.0,Bitel,0,0.0,Bitel,0,0.0,Bitel,0,1.0,1.0,1.0,1.0,1.0,100.0,BRECHA CRITICA,False,False
1507120008,LIMA,HUAROCHIRI,LARAOS,HUANCAHAHUE,RURAL,-11.55023,-76.5073,0.2759407212705215,0.5909373377019357,0.1092758000577598,0.4508287108134681,0.0,0.0,0.0,0.0,0.0,0.0,0.0,0.0,0.0,0.0,0,0.0,0,0.0,0.0,0.0,0,0.0,0.0,0.0,0.0,0.0,0.0,0.0,0.0,0.0,0.0,0.0,0.1092758000577598,Bitel,0,0.4508287108134681,Bitel,0,0.0,Bitel,0,0.0,Bitel,0,0.8907241999422402,0.5491712891865319,1.0,1.0,1.0,86.07,COBERTURA PARCIAL,False,False
1507120009,LIMA,HUAROCHIRI,LARAOS,YURGAMITO,RURAL,-11.55504,-76.51781,0.0,0.0,0.0,0.0,0.0,0.0,0.0,0.0,0.0,0.0,0.0,0.0,0.0,0.0,0,0.0,0,0.0,0.0,0.0,0,0.0,0.0,0.0,0.0,0.0,0.0,0.0,0.0,0.0,0.0,0.0,0.0,Bitel,0,0.0,Bitel,0,0.0,Bitel,0,0.0,Bitel,0,1.0,1.0,1.0,1.0,1.0,100.0,BRECHA CRITICA,False,False
1507120010,LIMA,HUAROCHIRI,LARAOS,PATACANCHA,RURAL,-11.55433,-76.51916,0.0,0.0,0.0,0.0,0.0,0.0,0.0,0.0,0.0,0.0,0.0,0.0,0.0,0.0,0,0.0,0,0.0,0.0,0.0,0,0.0,0.0,0.0,0.0,0.0,0.0,0.0,0.0,0.0,0.0,0.0,0.0,Bitel,0,0.0,Bitel,0,0.0,Bitel,0,0.0,Bitel,0,1.0,1.0,1.0,1.0,1.0,100.0,BRECHA CRITICA,False,False
1507120011,LIMA,HUAROCHIRI,LARAOS,GARBANZOPATA,RURAL,-11.55584,-76.5087,0.0,0.186530246319277,0.0,0.1116142873904904,0.0,0.0,0.0,0.0,0.0,0.0,0.0,0.0,0.0,0.0,0,0.0,0,0.0,0.0,0.0,0,0.0,0.0,0.0,0.0,0.0,0.0,0.0,0.0,0.0,0.0,0.0,0.0,Bitel,0,0.1116142873904904,Bitel,0,0.0,Bitel,0,0.0,Bitel,0,1.0,0.8883857126095096,1.0,1.0,1.0,97.77,BRECHA CRITICA,False,False
1507120012,LIMA,HUAROCHIRI,LARAOS,CALERA,RURAL,-11.56955,-76.51457,0.0,0.0,0.0,0.0,0.0,0.0,0.0,0.0,0.0,0.0,0.0,0.0,0.0,0.0,0,0.0,0,0.0,0.0,0.0,0,0.0,0.0,0.0,0.0,0.0,0.0,0.0,0.0,0.0,0.0,0.0,0.0,Bitel,0,0.0,Bitel,0,0.0,Bitel,0,0.0,Bitel,0,1.0,1.0,1.0,1.0,1.0,100.0,BRECHA CRITICA,False,False
1507120013,LIMA,HUAROCHIRI,LARAOS,YURACANCHA,RURAL,-11.56723,-76.53486,0.0,0.0,0.0,0.0,0.0,0.0,0.0,0.0,0.0,0.0,0.0,0.0,0.0,0.0,0,0.0,0,0.0,0.0,0.0,0,0.0,0.0,0.0,0.0,0.0,0.0,0.0,0.0,0.0,0.0,0.0,0.0,Bitel,0,0.0,Bitel,0,0.0,Bitel,0,0.0,Bitel,0,1.0,1.0,1.0,1.0,1.0,100.0,BRECHA CRITICA,False,False
1507120015,LIMA,HUAROCHIRI,LARAOS,CHAQUICOCHA,RURAL,-11.61659,-76.56035,0.0,0.0,0.0,0.0,0.0,0.0,0.0,0.0,0.0,0.0,0.0,0.0,0.0,0.0,0,0.0,0,0.0,0.0,0.0,0,0.0,0.0,0.0,0.0,0.0,0.0,0.0,0.0,0.0,0.0,0.0,0.0,Bitel,0,0.0,Bitel,0,0.0,Bitel,0,0.0,Bitel,0,1.0,1.0,1.0,1.0,1.0,100.0,BRECHA CRITICA,False,False
1507120016,LIMA,HUAROCHIRI,LARAOS,PATAYORCO,RURAL,-11.63505,-76.57367,0.0,0.0,0.0,0.0,0.0,0.0,0.0,0.0,0.0,0.0,0.0,0.0,0.0,0.0,0,0.0,0,0.0,0.0,0.0,0,0.0,0.0,0.0,0.0,0.0,0.0,0.0,0.0,0.0,0.0,0.0,0.0,Bitel,0,0.0,Bitel,0,0.0,Bitel,0,0.0,Bitel,0,1.0,1.0,1.0,1.0,1.0,100.0,BRECHA CRITICA,False,False
1507120017,LIMA,HUAROCHIRI,LARAOS,CHINCHAN,RURAL,-11.68426,-76.56014,0.0,0.0,0.0,0.0,0.0,0.0,0.0,1.0,0.0,1.0,0.0,0.8341436017470506,0.0,0.0,0,0.0,0,0.0,0.0,0.0,0,0.0,0.0,1.0,0.0,0.0,0.0,0.0,0.0,0.0,0.0,0.0,0.0,Bitel,0,0.8341436017470506,Claro,1,0.0,Bitel,0,0.0,Bitel,0,1.0,0.1658563982529494,1.0,0.75,1.0,80.82,COBERTURA ALTA,False,False
1507120018,LIMA,HUAROCHIRI,LARAOS,YACO,RURAL,-11.68593,-76.55075,0.0,0.0,0.0,0.0,0.0,0.0,0.0,0.995343887652645,0.0,0.5211766086747096,0.0,0.09949859314301947,0.0,0.0,0,0.0,0,0.0,0.0,0.0,0,0.0,0.0,0.9999999988447941,0.0,0.0,0.0,0.0,0.0,0.0,0.0,0.0,0.0,Bitel,0,0.09949859314301947,Claro,0,0.0,Bitel,0,0.0,Bitel,0,1.0,0.9005014068569805,1.0,1.0,1.0,98.01,BRECHA CRITICA,False,False
1507120019,LIMA,HUAROCHIRI,LARAOS,CAPILLAYOC,RURAL,-11.45916,-76.48782,0.0,0.0,0.0,0.0,0.0,0.0,0.0,0.0,0.0,0.0,0.0,0.0,0.0,0.0,0,0.0,0,0.0,0.0,0.0,0,0.0,0.0,0.0,0.0,0.0,0.0,0.0,0.0,0.0,0.0,0.0,0.0,Bitel,0,0.0,Bitel,0,0.0,Bitel,0,0.0,Bitel,0,1.0,1.0,1.0,1.0,1.0,100.0,BRECHA CRITICA,False,False
1507120020,LIMA,HUAROCHIRI,LARAOS,BARROPATA,RURAL,-11.46658,-76.48025,0.0,0.0,0.0,0.0,0.0,0.0,0.0,0.0,0.0,0.0,0.0,0.0,0.0,0.0,0,0.0,0,0.0,0.0,0.0,0,0.0,0.0,0.0,0.0,0.0,0.0,0.0,0.0,0.0,0.0,0.0,0.0,Bitel,0,0.0,Bitel,0,0.0,Bitel,0,0.0,Bitel,0,1.0,1.0,1.0,1.0,1.0,100.0,BRECHA CRITICA,False,False
1507120022,LIMA,HUAROCHIRI,LARAOS,AMPE,RURAL,-11.69427,-76.56564,0.0,0.0,0.0,0.0,0.0,0.0,0.0,0.1758210269946318,0.0,0.01898151792327751,0.0,0.0,0.0,0.0,0,0.0,0,0.0,0.0,0.0,0,0.0,0.0,0.9999999957555189,0.0,0.0,0.0,0.0,0.0,0.0,0.0,0.0,0.0,Bitel,0,0.0,Bitel,0,0.0,Bitel,0,0.0,Bitel,0,1.0,1.0,1.0,1.0,1.0,100.0,BRECHA CRITICA,False,False
1507120025,LIMA,HUAROCHIRI,LARAOS,SHUMUCANCHA,RURAL,-11.67792,-76.55651,0.0,0.0,0.0,0.0,0.0,0.0,0.0,0.04913468455040316,0.0,0.6929683340049125,0.0,0.8488492590222764,0.0,0.0,0,0.0,0,0.0,0.0,0.0,0,0.0,0.07713048790276743,1.0,0.0,0.0,0.0,0.0,0.0,0.0,0.0,0.0,0.0,Bitel,0,0.8488492590222764,Claro,1,0.0,Bitel,0,0.0,Bitel,0,1.0,0.15115074097772363,1.0,0.75,1.0,80.52,COBERTURA ALTA,False,False
1507120026,LIMA,HUAROCHIRI,LARAOS,QUISHAGUA,RURAL,-11.67821,-76.54339,0.0,0.0,0.0,0.0,0.0,0.0,0.0,0.09566621842199971,0.0,1.0,0.0,1.0,0.0,0.0,0,0.0,0,0.0,0.0,0.0,0,0.0,0.6970342480814438,1.0,0.0,0.0,0.0,0.0,0.0,0.0,0.0,0.0,0.0,Bitel,0,1.0,Claro,1,0.0,Bitel,0,0.0,Bitel,0,1.0,0.0,1.0,0.75,1.0,77.5,COBERTURA ALTA,False,False
1507120028,LIMA,HUAROCHIRI,LARAOS,FLAUTAYO,RURAL,-11.69671,-76.57,0.0,0.0,0.0,0.0,0.0,0.0,0.0,0.2594469725631922,0.0,0.03124287147404924,0.0,0.0,0.0,0.0,0,0.0,0,0.0,0.0,0.0,0,0.0,0.0,0.999999995599385,0.0,0.0,0.0,0.0,0.0,0.0,0.0,0.0,0.0,Bitel,0,0.0,Bitel,0,0.0,Bitel,0,0.0,Bitel,0,1.0,1.0,1.0,1.0,1.0,100.0,BRECHA CRITICA,False,False
1507120029,LIMA,HUAROCHIRI,LARAOS,CURICANCHA,RURAL,-11.59218,-76.52681,0.0,0.0,0.0,0.0,0.0,0.0,0.0,0.0,0.0,0.0,0.0,0.0,0.0,0.0,0,0.0,0,0.0,0.0,0.0,0,0.0,0.0,0.0,0.0,0.0,0.0,0.0,0.0,0.0,0.0,0.0,0.0,Bitel,0,0.0,Bitel,0,0.0,Bitel,0,0.0,Bitel,0,1.0,1.0,1.0,1.0,1.0,100.0,BRECHA CRITICA,False,False
1507120030,LIMA,HUAROCHIRI,LARAOS,CHUMPE,RURAL,-11.62184,-76.55071,0.0,0.0,0.0,0.0,0.0,0.0,0.0,0.0,0.0,0.0,0.0,0.0,0.0,0.0,0,0.0,0,0.0,0.0,0.0,0,0.0,0.0,0.0,0.0,0.0,0.0,0.0,0.0,0.0,0.0,0.0,0.0,Bitel,0,0.0,Bitel,0,0.0,Bitel,0,0.0,Bitel,0,1.0,1.0,1.0,1.0,1.0,100.0,BRECHA CRITICA,False,False
1507120031,LIMA,HUAROCHIRI,LARAOS,SANCHIMACHAY,RURAL,-11.62526,-76.52798,0.0,0.0,0.0,0.0,0.0,0.0,0.0,0.0,0.0,0.0,0.0,0.0,0.0,0.0,0,0.0,0,0.0,0.0,0.0,0,0.0,0.0,0.5441270223821106,0.0,0.0,0.0,0.0,0.0,0.0,0.0,0.0,0.0,Bitel,0,0.0,Bitel,0,0.0,Bitel,0,0.0,Bitel,0,1.0,1.0,1.0,1.0,1.0,100.0,BRECHA CRITICA,False,False
1507120032,LIMA,HUAROCHIRI,LARAOS,RACRAY,RURAL,-11.4702,-76.47782,0.0,0.0,0.0,0.0,0.0,0.0,0.0,0.0,0.0,0.0,0.0,0.0,0.0,0.0,0,0.0,0,0.0,0.0,0.0,0,0.0,0.0,0.0,0.0,0.0,0.0,0.0,0.0,0.0,0.0,0.0,0.0,Bitel,0,0.0,Bitel,0,0.0,Bitel,0,0.0,Bitel,0,1.0,1.0,1.0,1.0,1.0,100.0,BRECHA CRITICA,False,False
1507120033,LIMA,HUAROCHIRI,LARAOS,PISCIGRANJA,RURAL,-11.60836,-76.52292,0.0,0.3093199958375074,0.0,0.2183020255571669,0.0,0.0,0.0,0.0,0.0,0.0,0.0,0.0,0.0,0.0,0,0.0,0,0.0,0.0,0.0,0,0.0,0.0,0.0,0.0,0.0,0.0,0.0,0.0,0.0,0.0,0.0,0.0,Bitel,0,0.2183020255571669,Bitel,0,0.0,Bitel,0,0.0,Bitel,0,1.0,0.7816979744428331,1.0,1.0,1.0,95.63,COBERTURA PARCIAL,False,False
1507130001,LIMA,HUAROCHIRI,MARIATANA,MARIATANA,URBANO,-12.23731,-76.32599,0.0,0.0,0.0,0.0,0.0,0.0,0.0,1.0,0.0,1.0,0.0,1.0,0.0,0.0,0,0.0,0,0.0,0.0,0.0,0,0.0,1.0,1.0,0.0,0.0,0.0,0.0,0.0,0.0,0.0,0.0,0.0,Bitel,0,1.0,Claro,1,0.0,Bitel,0,0.0,Bitel,0,1.0,0.0,1.0,0.75,0.0,67.5,COBERTURA ALTA,False,False
1507130002,LIMA,HUAROCHIRI,MARIATANA,CHAULALA,RURAL,-12.21422,-76.35843,0.0,0.0,0.0,0.0,0.0,0.0,0.0,0.0,0.0,0.0,0.0,0.0,0.0,0.0,0,0.0,0,0.0,0.0,0.0,0,0.0,0.0,0.0,0.0,0.0,0.0,0.0,0.0,0.0,0.0,0.0,0.0,Bitel,0,0.0,Bitel,0,0.0,Bitel,0,0.0,Bitel,0,1.0,1.0,1.0,1.0,1.0,100.0,BRECHA CRITICA,False,False
1507130003,LIMA,HUAROCHIRI,MARIATANA,PACOMANTA,RURAL,-12.2078,-76.34911,0.0,0.0,0.0,0.0,0.0,0.0,0.0,0.0,0.0,0.0,0.0,0.0,0.0,0.0,0,0.0,0,0.0,0.0,0.0,0,0.0,0.0,0.0,0.0,0.0,0.0,0.0,0.0,0.0,0.0,0.0,0.0,Bitel,0,0.0,Bitel,0,0.0,Bitel,0,0.0,Bitel,0,1.0,1.0,1.0,1.0,1.0,100.0,BRECHA CRITICA,False,False
1507130004,LIMA,HUAROCHIRI,MARIATANA,CERRO COLORADO,RURAL,-12.23373,-76.32035,0.0,0.0,0.0,0.0,0.0,0.0,0.0,1.0,0.0,0.9839440293757978,0.0,0.9360271711929447,0.0,0.0,0,0.0,0,0.0,0.0,0.0,0,0.0,0.0,1.0,0.0,0.0,0.0,0.0,0.0,0.0,0.0,0.0,0.0,Bitel,0,0.9360271711929447,Claro,1,0.0,Bitel,0,0.0,Bitel,0,1.0,0.06397282880705535,1.0,0.75,1.0,78.78,COBERTURA ALTA,False,False
1507130005,LIMA,HUAROCHIRI,MARIATANA,CULICANCHI,RURAL,-12.22768,-76.32933,0.0,0.0,0.0,0.0,0.0,0.0,0.0,0.8314827132301019,0.0,0.6653523898151489,0.0,0.5895802471307816,0.0,0.0,0,0.0,0,0.0,0.0,0.0,0,0.0,0.1030739149926005,1.0,0.0,0.0,0.0,0.0,0.0,0.0,0.0,0.0,0.0,Bitel,0,0.5895802471307816,Claro,0,0.0,Bitel,0,0.0,Bitel,0,1.0,0.4104197528692184,1.0,1.0,1.0,88.21,COBERTURA PARCIAL,False,False
1507130006,LIMA,HUAROCHIRI,MARIATANA,COTO,RURAL,-12.23137,-76.33178,0.0,0.0,0.0,0.0,0.0,0.0,0.0,0.9908521198227735,0.0,0.8702544581891523,0.0,0.7444605550861597,0.0,0.0,0,0.0,0,0.0,0.0,0.0,0,0.0,0.4205690776726516,1.0,0.0,0.0,0.0,0.0,0.0,0.0,0.0,0.0,0.0,Bitel,0,0.7444605550861597,Claro,0,0.0,Bitel,0,0.0,Bitel,0,1.0,0.2555394449138403,1.0,1.0,1.0,85.11,COBERTURA PARCIAL,False,False
1507130007,LIMA,HUAROCHIRI,MARIATANA,YAULI,RURAL,-12.24379,-76.3336,0.0,0.0,0.0,0.0,0.0,0.0,0.0,1.0,0.0,0.9922975296981712,0.0,1.0,0.0,0.0,0,0.0,0,0.0,0.0,0.0,0,0.0,0.9879534283206952,1.0,0.0,0.0,0.0,0.0,0.0,0.0,0.0,0.0,0.0,Bitel,0,1.0,Claro,1,0.0,Bitel,0,0.0,Bitel,0,1.0,0.0,1.0,0.75,1.0,77.5,COBERTURA ALTA,False,False
1507130008,LIMA,HUAROCHIRI,MARIATANA,CHILCACOCHA,RURAL,-12.23517,-76.35923,0.0,0.0,0.0,0.0,0.0,0.0,0.0,0.0,0.0,0.0,0.0,0.0,0.0,0.0,0,0.0,0,0.0,0.0,0.0,0,0.0,0.0,0.0,0.0,0.0,0.0,0.0,0.0,0.0,0.0,0.0,0.0,Bitel,0,0.0,Bitel,0,0.0,Bitel,0,0.0,Bitel,0,1.0,1.0,1.0,1.0,1.0,100.0,BRECHA CRITICA,False,False
1507130009,LIMA,HUAROCHIRI,MARIATANA,MALLAMA,RURAL,-12.23437,-76.36917,0.0,0.0,0.0,0.0,0.0,0.0,0.0,0.0,0.0,0.0,0.0,0.0,0.0,0.0,0,0.0,0,0.0,0.0,0.0,0,0.0,0.0,0.0,0.0,0.0,0.0,0.0,0.0,0.0,0.0,0.0,0.0,Bitel,0,0.0,Bitel,0,0.0,Bitel,0,0.0,Bitel,0,1.0,1.0,1.0,1.0,1.0,100.0,BRECHA CRITICA,False,False
1507130010,LIMA,HUAROCHIRI,MARIATANA,CASERINA,RURAL,-12.24229,-76.38407,0.0,0.0,0.0,0.0,0.0,0.0,0.0,0.0,0.0,0.0,0.0,0.0,0.0,0.0,0,0.0,0,0.0,0.0,0.0,0,0.0,0.0,0.0,0.0,0.0,0.0,0.0,0.0,0.0,0.0,0.0,0.0,Bitel,0,0.0,Bitel,0,0.0,Bitel,0,0.0,Bitel,0,1.0,1.0,1.0,1.0,1.0,100.0,BRECHA CRITICA,False,False
1507130013,LIMA,HUAROCHIRI,MARIATANA,PUNCO,RURAL,-12.24352,-76.32192,0.0,0.0,0.0,0.0,0.0,0.0,0.0,0.8003363387447127,0.0,0.7796311803757991,0.0,0.8003363387447127,0.0,0.0,0,0.0,0,0.0,0.0,0.0,0,0.0,0.2045331919621395,0.999999999572738,0.0,0.0,0.0,0.0,0.0,0.0,0.0,0.0,0.0,Bitel,0,0.8003363387447127,Claro,1,0.0,Bitel,0,0.0,Bitel,0,1.0,0.19966366125528734,1.0,0.75,1.0,81.49,COBERTURA ALTA,False,False
1507130014,LIMA,HUAROCHIRI,MARIATANA,SALAGUTO,RURAL,-12.24184,-76.31253,0.0,0.0,0.0,0.0,0.0,0.0,0.0,0.05050436815706041,0.0,0.004956388938631606,0.0,0.004956388938631606,0.0,0.0,0,0.0,0,0.0,0.0,0.0,0,0.0,0.207844200505283,0.9922841004958317,0.0,0.0,0.0,0.0,0.0,0.0,0.0,0.0,0.0,Bitel,0,0.004956388938631606,Claro,0,0.0,Bitel,0,0.0,Bitel,0,1.0,0.9950436110613684,1.0,1.0,1.0,99.9,BRECHA CRITICA,False,False
1507130015,LIMA,HUAROCHIRI,MARIATANA,SANINCACHI,RURAL,-12.24005,-76.31361,0.0,0.0,0.0,0.0,0.0,0.0,0.0,0.3388841654869048,0.0,0.2831995815947894,0.0,0.3233405467400121,0.0,0.0,0,0.0,0,0.0,0.0,0.0,0,0.0,0.4577072009369277,0.9983910970576646,0.0,0.0,0.0,0.0,0.0,0.0,0.0,0.0,0.0,Bitel,0,0.3233405467400121,Claro,0,0.0,Bitel,0,0.0,Bitel,0,1.0,0.6766594532599879,1.0,1.0,1.0,93.53,COBERTURA PARCIAL,False,False
1507130016,LIMA,HUAROCHIRI,MARIATANA,SHUNTUCHA,RURAL,-12.24557,-76.31473,0.0,0.0,0.0,0.0,0.0,0.0,0.0,0.9437042745524651,0.0,0.3620898181499682,0.0,0.403500678142744,0.0,0.0,0,0.0,0,0.0,0.0,0.0,0,0.0,0.5737002285866497,0.9999999927231681,0.0,0.0,0.0,0.0,0.0,0.0,0.0,0.0,0.0,Bitel,0,0.403500678142744,Claro,0,0.0,Bitel,0,0.0,Bitel,0,1.0,0.5964993218572561,1.0,1.0,1.0,91.93,COBERTURA PARCIAL,False,False
1507130017,LIMA,HUAROCHIRI,MARIATANA,HUAYCHAO,RURAL,-12.24542,-76.31495,0.0,0.0,0.0,0.0,0.0,0.0,0.0,0.9857394023562939,0.0,0.4507900739530399,0.0,0.4922009038855595,0.0,0.0,0,0.0,0,0.0,0.0,0.0,0,0.0,0.6404610934284338,1.0,0.0,0.0,0.0,0.0,0.0,0.0,0.0,0.0,0.0,Bitel,0,0.4922009038855595,Claro,0,0.0,Bitel,0,0.0,Bitel,0,1.0,0.5077990961144405,1.0,1.0,1.0,90.16,COBERTURA PARCIAL,False,False
1507130018,LIMA,HUAROCHIRI,MARIATANA,TANTALITA,RURAL,-12.24729,-76.31995,0.0,0.0,0.0,0.0,0.0,0.0,0.0,0.9815838693104538,0.0,0.9379490326029819,0.0,0.9568637535771197,0.0,0.0,0,0.0,0,0.0,0.0,0.0,0,0.0,0.2051593952556044,0.9999999954680228,0.0,0.0,0.0,0.0,0.0,0.0,0.0,0.0,0.0,Bitel,0,0.9568637535771197,Claro,1,0.0,Bitel,0,0.0,Bitel,0,1.0,0.043136246422880276,1.0,0.75,1.0,78.36,COBERTURA ALTA,False,False
1507130019,LIMA,HUAROCHIRI,MARIATANA,CHUNAPATA,RURAL,-12.25536,-76.31712,0.0,0.0,0.0,0.0,0.0,0.0,0.0,0.9999999998892053,0.0,0.8141474880464966,0.0,0.8700681789678931,0.0,0.0,0,0.0,0,0.0,0.0,0.0,0,0.0,0.01137452979144613,0.9999999998891538,0.0,0.0,0.0,0.0,0.0,0.0,0.0,0.0,0.0,Bitel,0,0.8700681789678931,Claro,1,0.0,Bitel,0,0.0,Bitel,0,1.0,0.12993182103210688,1.0,0.75,1.0,80.1,COBERTURA ALTA,False,False
1507130020,LIMA,HUAROCHIRI,MARIATANA,CUTESCANSA,RURAL,-12.25405,-76.31071,0.0,0.0,0.0,0.0,0.0,0.0,0.0,0.9999999968104586,0.0,0.36106559655509,0.0,0.4069575994474964,0.0,0.0,0,0.0,0,0.0,0.0,0.0,0,0.0,0.0,0.9999999968105784,0.0,0.0,0.0,0.0,0.0,0.0,0.0,0.0,0.0,Bitel,0,0.4069575994474964,Claro,0,0.0,Bitel,0,0.0,Bitel,0,1.0,0.5930424005525037,1.0,1.0,1.0,91.86,COBERTURA PARCIAL,False,False
1507130021,LIMA,HUAROCHIRI,MARIATANA,MORO,RURAL,-12.25161,-76.31241,0.0,0.0,0.0,0.0,0.0,0.0,0.0,0.5217428761667167,0.0,0.01743790783327649,0.0,0.01743790783327649,0.0,0.0,0,0.0,0,0.0,0.0,0.0,0,0.0,0.0,1.0,0.0,0.0,0.0,0.0,0.0,0.0,0.0,0.0,0.0,Bitel,0,0.01743790783327649,Claro,0,0.0,Bitel,0,0.0,Bitel,0,1.0,0.9825620921667235,1.0,1.0,1.0,99.65,BRECHA CRITICA,False,False
1507130022,LIMA,HUAROCHIRI,MARIATANA,HUACHALCOÑA,RURAL,-12.25182,-76.30781,0.0,0.0,0.0,0.0,0.0,0.0,0.0,0.7693287326042431,0.0,0.0,0.0,0.0574160286976434,0.0,0.0,0,0.0,0,0.0,0.0,0.0,0,0.0,0.0,0.9999999984977718,0.0,0.0,0.0,0.0,0.0,0.0,0.0,0.0,0.0,Bitel,0,0.0574160286976434,Claro,0,0.0,Bitel,0,0.0,Bitel,0,1.0,0.9425839713023566,1.0,1.0,1.0,98.85,BRECHA CRITICA,False,False
1507130023,LIMA,HUAROCHIRI,MARIATANA,POTRERO GRANDE,RURAL,-12.26446,-76.32078,0.0,0.0,0.0,0.0,0.0,0.0,0.0,0.9999999963492621,0.0,0.9999999963492621,0.0,0.9999999963492622,0.0,0.0,0,0.0,0,0.0,0.0,0.0,0,0.0,0.003182947272732983,0.9999999963489333,0.0,0.0,0.0,0.0,0.0,0.0,0.0,0.0,0.0,Bitel,0,0.9999999963492622,Claro,1,0.0,Bitel,0,0.0,Bitel,0,1.0,3.6507378231576126e-09,1.0,0.75,1.0,77.5,COBERTURA ALTA,False,False
1507130024,LIMA,HUAROCHIRI,MARIATANA,PUQUIO EMPEDRADO,RURAL,-12.26842,-76.31213,0.0,0.0,0.0,0.0,0.0,0.0,0.0,1.0,0.0,0.5960509552569684,0.0,0.8986515475378274,0.0,0.0,0,0.0,0,0.0,0.0,0.0,0,0.0,0.0,1.0,0.0,0.0,0.0,0.0,0.0,0.0,0.0,0.0,0.0,Bitel,0,0.8986515475378274,Claro,1,0.0,Bitel,0,0.0,Bitel,0,1.0,0.10134845246217261,1.0,0.75,1.0,79.53,COBERTURA ALTA,False,False
1507130025,LIMA,HUAROCHIRI,MARIATANA,QUIHUINCHO,RURAL,-12.26231,-76.34091,0.0,0.0,0.0,0.0,0.0,0.0,0.0,0.356682012574882,0.0,0.0,0.0,0.0,0.0,0.0,0,0.0,0,0.0,0.0,0.0,0,0.0,0.0,0.350077370171419,0.0,0.0,0.0,0.0,0.0,0.0,0.0,0.0,0.0,Bitel,0,0.0,Bitel,0,0.0,Bitel,0,0.0,Bitel,0,1.0,1.0,1.0,1.0,1.0,100.0,BRECHA CRITICA,False,False
1507130026,LIMA,HUAROCHIRI,MARIATANA,CARBON,RURAL,-12.26078,-76.34615,0.0,0.0,0.0,0.0,0.0,0.0,0.0,0.0414121749833034,0.0,0.0,0.0,0.0,0.0,0.0,0,0.0,0,0.0,0.0,0.0,0,0.0,0.0,0.6496599748648247,0.0,0.0,0.0,0.0,0.0,0.0,0.0,0.0,0.0,Bitel,0,0.0,Bitel,0,0.0,Bitel,0,0.0,Bitel,0,1.0,1.0,1.0,1.0,1.0,100.0,BRECHA CRITICA,False,False
1507130027,LIMA,HUAROCHIRI,MARIATANA,SANTA ROSA DE CAPUTISH,RURAL,-12.31046,-76.39523,0.0,0.0,0.0,0.0,0.0,0.0,0.0,0.0,0.0,0.0,0.0,0.0,0.0,0.0,0,0.0,0,0.0,0.0,0.0,0,0.0,0.0,0.1737227351835147,0.0,0.0,0.0,0.0,0.0,0.0,0.0,0.0,0.0,Bitel,0,0.0,Bitel,0,0.0,Bitel,0,0.0,Bitel,0,1.0,1.0,1.0,1.0,1.0,100.0,BRECHA CRITICA,False,False
1507130028,LIMA,HUAROCHIRI,MARIATANA,CALAHUAYA,RURAL,-12.27429,-76.41672,0.4421710219064333,0.7013279733495377,0.06779350594213612,0.6233074375763229,0.0,0.0,0.0,0.0,0.0,0.0,0.0,0.0,0.0,0.0,0,0.0,0,0.0,0.0,0.0,0,0.0,0.0,0.0,0.0,0.0,0.0,0.0,0.0,0.0,0.0,0.0,0.06779350594213612,Bitel,0,0.6233074375763229,Bitel,0,0.0,Bitel,0,0.0,Bitel,0,0.9322064940578638,0.3766925624236771,1.0,1.0,1.0,84.48,COBERTURA PARCIAL,False,False
1507130029,LIMA,HUAROCHIRI,MARIATANA,VILLA MARIA,RURAL,-12.27074,-76.43495,0.0,0.0,0.0,0.0,0.0,0.0,0.0,0.3659742396434309,0.0,0.3452688854673278,0.0,0.3452688854673278,0.0,0.0,0,0.3659965415062185,0,0.4465091292616563,0.0,0.3534918526047811,0,0.0,0.0,0.9848858744992011,0.0,0.0,0.0,0.0,0.0,0.0,0.0,0.0,0.0,Bitel,0,0.3534918526047811,Entel,0,0.0,Bitel,0,0.0,Bitel,0,1.0,0.6465081473952189,1.0,1.0,1.0,92.93,COBERTURA PARCIAL,False,False
1507130030,LIMA,HUAROCHIRI,MARIATANA,CHATACANCHA,RURAL,-12.28288,-76.42766,0.0,0.2371056975599135,0.0,0.0,0.0,0.0,0.0,0.0,0.0,0.0,0.0,0.0,0.0,0.0,0,0.0,0,0.0,0.0,0.0,0,0.0,0.0,0.1687853114504632,0.0,0.0,0.0,0.0,0.0,0.0,0.0,0.0,0.0,Bitel,0,0.0,Bitel,0,0.0,Bitel,0,0.0,Bitel,0,1.0,1.0,1.0,1.0,1.0,100.0,BRECHA CRITICA,False,False
1507130031,LIMA,HUAROCHIRI,MARIATANA,CHICHACARA,RURAL,-12.31166,-76.39301,0.0,0.0,0.0,0.0,0.0,0.0,0.0,0.0,0.0,0.0,0.0,0.0,0.0,0.0,0,0.0,0,0.0,0.0,0.0,0,0.0,0.0,0.4794351747097009,0.0,0.0,0.0,0.0,0.0,0.0,0.0,0.0,0.0,Bitel,0,0.0,Bitel,0,0.0,Bitel,0,0.0,Bitel,0,1.0,1.0,1.0,1.0,1.0,100.0,BRECHA CRITICA,False,False
1507130032,LIMA,HUAROCHIRI,MARIATANA,SANTA CRUZ DE PULACAMA,RURAL,-12.27207,-76.43554,0.0,0.0,0.0,0.0,0.0,0.0,0.0,0.5034172257327626,0.0,0.4827117801619569,0.0,0.4827117801619569,0.0,0.0,0,0.5224862762351529,0,0.5638536246371407,0.0,0.4268013944566197,0,0.0,0.0,0.9716876056571908,0.0,0.0,0.0,0.0,0.0,0.0,0.0,0.0,0.0,Bitel,0,0.4827117801619569,Claro,0,0.0,Bitel,0,0.0,Bitel,0,1.0,0.5172882198380431,1.0,1.0,1.0,90.35,COBERTURA PARCIAL,False,False
1507130033,LIMA,HUAROCHIRI,MARIATANA,YAYAMA,RURAL,-12.28238,-76.43646,0.0,0.5607066566646461,0.0,0.2686525187324914,0.0,0.0,0.0,0.2179206982807311,0.0,0.1332344202268257,0.0,0.1332344202268257,0.0,0.0,0,0.175390508253809,0,0.1753798880871206,0.0,0.1753867528727206,0,0.0,0.0,0.7190798112697374,0.0,0.0,0.0,0.0,0.0,0.0,0.0,0.0,0.0,Bitel,0,0.2686525187324914,Bitel,0,0.0,Bitel,0,0.0,Bitel,0,1.0,0.7313474812675086,1.0,1.0,1.0,94.63,COBERTURA PARCIAL,False,False
1507130034,LIMA,HUAROCHIRI,MARIATANA,VILLA PAMPILLA,RURAL,-12.30082,-76.43148,0.0,0.1705577396975591,0.0,0.0629947390130192,0.0,0.0,0.0,0.0,0.0,0.0,0.0,0.0,0.0,0.0,0,0.0,0,0.0,0.0,0.0,0,0.0,0.0,0.0,0.0,0.0,0.0,0.0,0.0,0.0,0.0,0.0,0.0,Bitel,0,0.0629947390130192,Bitel,0,0.0,Bitel,0,0.0,Bitel,0,1.0,0.9370052609869808,1.0,1.0,1.0,98.74,BRECHA CRITICA,False,False
1507130035,LIMA,HUAROCHIRI,MARIATANA,CUCULI,RURAL,-12.30245,-76.43026,0.0,0.3485810211113032,0.0,0.1027110055047308,0.0,0.0,0.0,0.0,0.0,0.0,0.0,0.0,0.0,0.0,0,0.0,0,0.0,0.0,0.0,0,0.0,0.0,0.0,0.0,0.0,0.0,0.0,0.0,0.0,0.0,0.0,0.0,Bitel,0,0.1027110055047308,Bitel,0,0.0,Bitel,0,0.0,Bitel,0,1.0,0.8972889944952692,1.0,1.0,1.0,97.95,BRECHA CRITICA,False,False
1507130037,LIMA,HUAROCHIRI,MARIATANA,NOAL,RURAL,-12.29124,-76.34736,0.0,0.0,0.0,0.0,0.0,0.0,0.0,0.6543094698349395,0.0,0.0,0.0,0.0,0.0,0.0,0,0.0,0,0.0,0.0,0.0,0,0.0,0.0,0.588604539234635,0.0,0.0,0.0,0.0,0.0,0.0,0.0,0.0,0.0,Bitel,0,0.0,Bitel,0,0.0,Bitel,0,0.0,Bitel,0,1.0,1.0,1.0,1.0,1.0,100.0,BRECHA CRITICA,False,False
1507130038,LIMA,HUAROCHIRI,MARIATANA,CHATACANCHIHUYQUI,RURAL,-12.31311,-76.34972,0.0,0.0,0.0,0.0,0.0,0.0,0.0,0.9193095415099896,0.0,0.1449703339487918,0.0,0.0,0.0,0.0,0,0.0,0,0.0,0.0,0.0,0,0.0,0.0,0.5635034345691972,0.0,0.0,0.0,0.0,0.0,0.0,0.0,0.0,0.0,Bitel,0,0.0,Bitel,0,0.0,Bitel,0,0.0,Bitel,0,1.0,1.0,1.0,1.0,1.0,100.0,BRECHA CRITICA,False,False
1507130039,LIMA,HUAROCHIRI,MARIATANA,LLAQUIMASCA,RURAL,-12.33635,-76.36013,0.0,0.0,0.0,0.0,0.0,0.0,0.0,0.0,0.0,0.0,0.0,0.0,0.0,0.0,0,0.0,0,0.0,0.0,0.0,0,0.0,0.0,0.0,0.0,0.0,0.0,0.0,0.0,0.0,0.0,0.0,0.0,Bitel,0,0.0,Bitel,0,0.0,Bitel,0,0.0,Bitel,0,1.0,1.0,1.0,1.0,1.0,100.0,BRECHA CRITICA,False,False
1507130040,LIMA,HUAROCHIRI,MARIATANA,PIE DE LA CUESTA,RURAL,-12.31777,-76.35256,0.0,0.0,0.0,0.0,0.0,0.0,0.0,0.7532673964056604,0.0,0.08287121406929618,0.0,0.0,0.0,0.0,0,0.0,0,0.0,0.0,0.0,0,0.0,0.0,0.9469814808742418,0.0,0.0,0.0,0.0,0.0,0.0,0.0,0.0,0.0,Bitel,0,0.0,Bitel,0,0.0,Bitel,0,0.0,Bitel,0,1.0,1.0,1.0,1.0,1.0,100.0,BRECHA CRITICA,False,False
1507130041,LIMA,HUAROCHIRI,MARIATANA,PIEDRA CACERES,RURAL,-12.29912,-76.43275,0.0,0.08248967228056692,0.0,0.0,0.0,0.0,0.0,0.0,0.0,0.0,0.0,0.0,0.0,0.0,0,0.0,0,0.0,0.0,0.0,0,0.0,0.0,0.006626422742588177,0.0,0.0,0.0,0.0,0.0,0.0,0.0,0.0,0.0,Bitel,0,0.0,Bitel,0,0.0,Bitel,0,0.0,Bitel,0,1.0,1.0,1.0,1.0,1.0,100.0,BRECHA CRITICA,False,False
1507130042,LIMA,HUAROCHIRI,MARIATANA,PACARUNA,RURAL,-12.29581,-76.4367,0.0,0.6078456087817907,0.0,0.04307110881264773,0.0,0.0,0.0,0.0,0.0,0.0,0.0,0.0,0.0,0.0,0,0.0,0,0.0,0.0,0.0,0,0.0,0.0,0.7785925141889452,0.0,0.0,0.0,0.0,0.0,0.0,0.0,0.0,0.0,Bitel,0,0.04307110881264773,Bitel,0,0.0,Bitel,0,0.0,Bitel,0,1.0,0.9569288911873522,1.0,1.0,1.0,99.14,BRECHA CRITICA,False,False
1507130043,LIMA,HUAROCHIRI,MARIATANA,LA PERLA,RURAL,-12.30527,-76.42719,0.0,0.1276043444335906,0.0,0.05665709053455675,0.0,0.0,0.0,0.0,0.0,0.0,0.0,0.0,0.0,0.0,0,0.0,0,0.0,0.0,0.0,0,0.0,0.0,0.0,0.0,0.0,0.0,0.0,0.0,0.0,0.0,0.0,0.0,Bitel,0,0.05665709053455675,Bitel,0,0.0,Bitel,0,0.0,Bitel,0,1.0,0.9433429094654433,1.0,1.0,1.0,98.87,BRECHA CRITICA,False,False
1507130044,LIMA,HUAROCHIRI,MARIATANA,SARITA COLONIA,RURAL,-12.30686,-76.42407,0.0,0.0,0.0,0.0,0.0,0.0,0.0,0.0,0.0,0.0,0.0,0.0,0.0,0.0,0,0.0,0,0.0,0.0,0.0,0,0.0,0.0,0.0,0.0,0.0,0.0,0.0,0.0,0.0,0.0,0.0,0.0,Bitel,0,0.0,Bitel,0,0.0,Bitel,0,0.0,Bitel,0,1.0,1.0,1.0,1.0,1.0,100.0,BRECHA CRITICA,False,False
1507130046,LIMA,HUAROCHIRI,MARIATANA,PANAHUARCA,RURAL,-12.26407,-76.31495,0.0,0.0,0.0,0.0,0.0,0.0,0.0,1.0,0.0,0.9945798016982739,0.0,1.0,0.0,0.0,0,0.0,0,0.0,0.0,0.0,0,0.0,0.0,1.0,0.0,0.0,0.0,0.0,0.0,0.0,0.0,0.0,0.0,Bitel,0,1.0,Claro,1,0.0,Bitel,0,0.0,Bitel,0,1.0,0.0,1.0,0.75,1.0,77.5,COBERTURA ALTA,False,False
1507130047,LIMA,HUAROCHIRI,MARIATANA,TARA,RURAL,-12.26752,-76.32712,0.0,0.0,0.0,0.0,0.0,0.0,0.0,1.0,0.0,0.9604809952925449,0.0,0.9811879079777713,0.0,0.0,0,0.0,0,0.0,0.0,0.0,0,0.0,0.0,1.0,0.0,0.0,0.0,0.0,0.0,0.0,0.0,0.0,0.0,Bitel,0,0.9811879079777713,Claro,1,0.0,Bitel,0,0.0,Bitel,0,1.0,0.018812092022228666,1.0,0.75,1.0,77.88,COBERTURA ALTA,False,False
1507130049,LIMA,HUAROCHIRI,MARIATANA,ÑACASPUNCO,RURAL,-12.29966,-76.34453,0.0,0.0,0.0,0.0,0.0,0.0,0.0,0.05045077576187997,0.0,0.0,0.0,0.0,0.0,0.0,0,0.0,0,0.0,0.0,0.0,0,0.0,0.0,0.2136059940369223,0.0,0.0,0.0,0.0,0.0,0.0,0.0,0.0,0.0,Bitel,0,0.0,Bitel,0,0.0,Bitel,0,0.0,Bitel,0,1.0,1.0,1.0,1.0,1.0,100.0,BRECHA CRITICA,False,False
1507130050,LIMA,HUAROCHIRI,MARIATANA,HUARANGAL,RURAL,-12.30763,-76.40991,0.09367270301300583,0.2450902740336578,0.0231936539033978,0.2166938098257705,0.0,0.0,0.0,0.0,0.0,0.0,0.0,0.0,0.0,0.0,0,0.0,0,0.0,0.0,0.0,0,0.0,0.0,0.04325874490093479,0.0,0.0,0.0,0.0,0.0,0.0,0.0,0.0,0.0231936539033978,Bitel,0,0.2166938098257705,Bitel,0,0.0,Bitel,0,0.0,Bitel,0,0.9768063460966022,0.7833061901742295,1.0,1.0,1.0,94.62,COBERTURA PARCIAL,False,False
1507130051,LIMA,HUAROCHIRI,MARIATANA,LA CUESTA,RURAL,-12.30882,-76.41884,0.0,0.1546650106846013,0.0,0.06187343882312908,0.0,0.0,0.0,0.0,0.0,0.0,0.0,0.0,0.0,0.0,0,0.0,0,0.0,0.0,0.0,0,0.0,0.0,0.03809886258781797,0.0,0.0,0.0,0.0,0.0,0.0,0.0,0.0,0.0,Bitel,0,0.06187343882312908,Bitel,0,0.0,Bitel,0,0.0,Bitel,0,1.0,0.9381265611768709,1.0,1.0,1.0,98.76,BRECHA CRITICA,False,False
1507130052,LIMA,HUAROCHIRI,MARIATANA,ESCALERA,RURAL,-12.27501,-76.40703,0.07296010178029336,0.2200386484737746,0.01873530841475919,0.1621475860998562,0.0,0.0,0.0,0.0,0.0,0.0,0.0,0.0,0.0,0.0,0,0.0,0,0.0,0.0,0.0,0,0.0,0.0,0.09165115428425105,0.0,0.0,0.0,0.0,0.0,0.0,0.0,0.0,0.01873530841475919,Bitel,0,0.1621475860998562,Bitel,0,0.0,Bitel,0,0.0,Bitel,0,0.9812646915852408,0.8378524139001438,1.0,1.0,1.0,95.91,BRECHA CRITICA,False,False
1507130053,LIMA,HUAROCHIRI,MARIATANA,MITULY,RURAL,-12.27547,-76.43213,0.0,0.3317352829150162,0.0,0.0,0.0,0.0,0.0,0.0,0.0,0.0,0.0,0.0,0.0,0.0,0,0.0,0,0.0,0.0,0.0,0,0.0,0.0,0.6610177045431317,0.0,0.0,0.0,0.0,0.0,0.0,0.0,0.0,0.0,Bitel,0,0.0,Bitel,0,0.0,Bitel,0,0.0,Bitel,0,1.0,1.0,1.0,1.0,1.0,100.0,BRECHA CRITICA,False,False
1507130054,LIMA,HUAROCHIRI,MARIATANA,NUEVO CUCULI,RURAL,-12.30398,-76.42868,0.0,0.2471714714533918,0.0,0.02839708061968583,0.0,0.0,0.0,0.0,0.0,0.0,0.0,0.0,0.0,0.0,0,0.0,0,0.0,0.0,0.0,0,0.0,0.0,0.001503000118253005,0.0,0.0,0.0,0.0,0.0,0.0,0.0,0.0,0.0,Bitel,0,0.02839708061968583,Bitel,0,0.0,Bitel,0,0.0,Bitel,0,1.0,0.9716029193803142,1.0,1.0,1.0,99.43,BRECHA CRITICA,False,False
1507130056,LIMA,HUAROCHIRI,MARIATANA,CORRAL DE RODEO,RURAL,-12.22962,-76.40026,0.0,0.0,0.0,0.0,0.0,0.0,0.0,0.0,0.0,0.0,0.0,0.0,0.0,0.0,0,0.0,0,0.0,0.0,0.0,0,0.0,0.0,0.0,0.0,0.0,0.0,0.0,0.0,0.0,0.0,0.0,0.0,Bitel,0,0.0,Bitel,0,0.0,Bitel,0,0.0,Bitel,0,1.0,1.0,1.0,1.0,1.0,100.0,BRECHA CRITICA,False,False
1507130060,LIMA,HUAROCHIRI,MARIATANA,KICHIHUILCA,RURAL,-12.27185,-76.43521,0.0,0.0,0.0,0.0,0.0,0.0,0.0,0.420501847381231,0.0,0.399796413323774,0.0,0.399796413323774,0.0,0.0,0,0.4169052893962307,0,0.4722104734555735,0.0,0.3378687202010561,0,0.0,0.0,0.9692623850008085,0.0,0.0,0.0,0.0,0.0,0.0,0.0,0.0,0.0,Bitel,0,0.399796413323774,Claro,0,0.0,Bitel,0,0.0,Bitel,0,1.0,0.600203586676226,1.0,1.0,1.0,92.0,COBERTURA PARCIAL,False,False
1507130061,LIMA,HUAROCHIRI,MARIATANA,AGUASHUCO,RURAL,-12.25273,-76.41177,0.0,0.0,0.0,0.0,0.0,0.0,0.0,0.0,0.0,0.0,0.0,0.0,0.0,0.0,0,0.0,0,0.0,0.0,0.0,0,0.0,0.0,0.118662747320565,0.0,0.0,0.0,0.0,0.0,0.0,0.0,0.0,0.0,Bitel,0,0.0,Bitel,0,0.0,Bitel,0,0.0,Bitel,0,1.0,1.0,1.0,1.0,1.0,100.0,BRECHA CRITICA,False,False
1507130062,LIMA,HUAROCHIRI,MARIATANA,MIQUIYIHUAYQUI,RURAL,-12.22749,-76.31526,0.0,0.0,0.0,0.0,0.0,0.0,0.0,0.0,0.0,0.0,0.0,0.0,0.0,0.0,0,0.0,0,0.0,0.0,0.0,0,0.0,0.0,0.7646716080050516,0.0,0.0,0.0,0.0,0.0,0.0,0.0,0.0,0.0,Bitel,0,0.0,Bitel,0,0.0,Bitel,0,0.0,Bitel,0,1.0,1.0,1.0,1.0,1.0,100.0,BRECHA CRITICA,False,False
1507130063,LIMA,HUAROCHIRI,MARIATANA,QUEMAO,RURAL,-12.29456,-76.34687,0.0,0.0,0.0,0.0,0.0,0.0,0.0,0.593429606224002,0.0,0.0,0.0,0.0,0.0,0.0,0,0.0,0,0.0,0.0,0.0,0,0.0,0.0,0.5913053121161034,0.0,0.0,0.0,0.0,0.0,0.0,0.0,0.0,0.0,Bitel,0,0.0,Bitel,0,0.0,Bitel,0,0.0,Bitel,0,1.0,1.0,1.0,1.0,1.0,100.0,BRECHA CRITICA,False,False
1507130065,LIMA,HUAROCHIRI,MARIATANA,COTOSCANSA,RURAL,-12.22854,-76.32061,0.0,0.0,0.0,0.0,0.0,0.0,0.0,0.4149483151039251,0.0,0.124608011816084,0.0,0.03192540317096706,0.0,0.0,0,0.0,0,0.0,0.0,0.0,0,0.0,0.0,0.9271217997909373,0.0,0.0,0.0,0.0,0.0,0.0,0.0,0.0,0.0,Bitel,0,0.03192540317096706,Claro,0,0.0,Bitel,0,0.0,Bitel,0,1.0,0.968074596829033,1.0,1.0,1.0,99.36,BRECHA CRITICA,False,False
1507130066,LIMA,HUAROCHIRI,MARIATANA,HUANCALACILA,RURAL,-12.21564,-76.3806,0.0,0.0,0.0,0.0,0.0,0.0,0.0,0.0,0.0,0.0,0.0,0.0,0.0,0.0,0,0.0,0,0.0,0.0,0.0,0,0.0,0.0,0.0,0.0,0.0,0.0,0.0,0.0,0.0,0.0,0.0,0.0,Bitel,0,0.0,Bitel,0,0.0,Bitel,0,0.0,Bitel,0,1.0,1.0,1.0,1.0,1.0,100.0,BRECHA CRITICA,False,False
1507130068,LIMA,HUAROCHIRI,MARIATANA,HUANQUINHUA,RURAL,-12.25576,-76.42725,0.0,0.0,0.0,0.0,0.0,0.0,0.0,0.5221242650493401,0.0,0.0,0.0,0.0232723008183649,0.0,0.0,0,0.3344394519442928,0,0.6477793019823831,0.0,0.3063635042056984,0,0.0,0.0,0.9224487214666159,0.0,0.0,0.0,0.0,0.0,0.0,0.0,0.0,0.0,Bitel,0,0.3063635042056984,Entel,0,0.0,Bitel,0,0.0,Bitel,0,1.0,0.6936364957943015,1.0,1.0,1.0,93.87,COBERTURA PARCIAL,False,False
1507130069,LIMA,HUAROCHIRI,MARIATANA,HUANCACHA,RURAL,-12.229,-76.32373,0.0,0.0,0.0,0.0,0.0,0.0,0.0,0.2954109212620805,0.0,0.00712790053952525,0.0,0.006113363103067976,0.0,0.0,0,0.0,0,0.0,0.0,0.0,0,0.0,0.0,0.9999999998628766,0.0,0.0,0.0,0.0,0.0,0.0,0.0,0.0,0.0,Bitel,0,0.006113363103067976,Claro,0,0.0,Bitel,0,0.0,Bitel,0,1.0,0.993886636896932,1.0,1.0,1.0,99.88,BRECHA CRITICA,False,False
1507130070,LIMA,HUAROCHIRI,MARIATANA,EL SAUCE,RURAL,-12.31776,-76.35265,0.0,0.0,0.0,0.0,0.0,0.0,0.0,0.7277262909366852,0.0,0.07252189195541803,0.0,0.0,0.0,0.0,0,0.0,0,0.0,0.0,0.0,0,0.0,0.0,0.9469814855931417,0.0,0.0,0.0,0.0,0.0,0.0,0.0,0.0,0.0,Bitel,0,0.0,Bitel,0,0.0,Bitel,0,0.0,Bitel,0,1.0,1.0,1.0,1.0,1.0,100.0,BRECHA CRITICA,False,False
1507130071,LIMA,HUAROCHIRI,MARIATANA,CAJAHUAYQUI,RURAL,-12.27467,-76.33417,0.0,0.0,0.0,0.0,0.0,0.0,0.0,0.5133459708024637,0.0,0.1631684421300948,0.0,0.1240547136845778,0.0,0.0,0,0.0,0,0.0,0.0,0.0,0,0.0,0.0,0.730293495058023,0.0,0.0,0.0,0.0,0.0,0.0,0.0,0.0,0.0,Bitel,0,0.1240547136845778,Claro,0,0.0,Bitel,0,0.0,Bitel,0,1.0,0.8759452863154222,1.0,1.0,1.0,97.52,BRECHA CRITICA,False,False
1507130072,LIMA,HUAROCHIRI,MARIATANA,ÑIKA ÑIKA,RURAL,-12.22738,-76.31533,0.0,0.0,0.0,0.0,0.0,0.0,0.0,0.0,0.0,0.0,0.0,0.0,0.0,0.0,0,0.0,0,0.0,0.0,0.0,0,0.0,0.0,0.7545943429123559,0.0,0.0,0.0,0.0,0.0,0.0,0.0,0.0,0.0,Bitel,0,0.0,Bitel,0,0.0,Bitel,0,0.0,Bitel,0,1.0,1.0,1.0,1.0,1.0,100.0,BRECHA CRITICA,False,False
1507130073,LIMA,HUAROCHIRI,MARIATANA,JABONCILLO,RURAL,-12.30963,-76.39732,0.0,0.0,0.0,0.0,0.0,0.0,0.0,0.0,0.0,0.0,0.0,0.0,0.0,0.0,0,0.0,0,0.0,0.0,0.0,0,0.0,0.0,0.5062820909722299,0.0,0.0,0.0,0.0,0.0,0.0,0.0,0.0,0.0,Bitel,0,0.0,Bitel,0,0.0,Bitel,0,0.0,Bitel,0,1.0,1.0,1.0,1.0,1.0,100.0,BRECHA CRITICA,False,False
1507130074,LIMA,HUAROCHIRI,MARIATANA,GUASUCO,RURAL,-12.30791,-76.42265,0.0,0.002454711819373205,0.0,0.0,0.0,0.0,0.0,0.0,0.0,0.0,0.0,0.0,0.0,0.0,0,0.0,0,0.0,0.0,0.0,0,0.0,0.0,0.0,0.0,0.0,0.0,0.0,0.0,0.0,0.0,0.0,0.0,Bitel,0,0.0,Bitel,0,0.0,Bitel,0,0.0,Bitel,0,1.0,1.0,1.0,1.0,1.0,100.0,BRECHA CRITICA,False,False
1507140001,LIMA,HUAROCHIRI,RICARDO PALMA,RICARDO PALMA,URBANO,-11.92359,-76.66497,0.9864933444341287,0.9999999986871767,0.9920066544594378,0.9999999974027608,0.0,0.0,0.1810576578523323,0.9999999986869577,0.355768059986322,0.9999999986872274,0.1136343189104278,0.9806036732224804,0.0,0.0,0,0.9877342069488632,0,0.9999999986869499,0.04516351893028536,0.9999999986868489,0,0.0,0.0,0.03448261087754977,0.8016278687567391,0.9541700061704076,0.8974952970541873,0.999999998687181,0.0,0.0,0.0,0.0,0.9920066544594378,Bitel,2,0.999999998687181,Movistar,4,0.0,Bitel,0,0.0,Bitel,0,0.007993345540562191,1.3128189646494093e-09,1.0,0.0,0.0,15.36,COBERTURA ALTA,True,False
1507140002,LIMA,HUAROCHIRI,RICARDO PALMA,SOL Y CAMPO,RURAL,-11.90979,-76.59578,0.6133330660455643,0.9831158282296772,0.0,0.4541948423124683,0.0,0.0,0.0,0.9999999994695455,0.0,0.9999999994695455,0.0,0.2661500892891073,0.0,0.0,0,0.972969140438687,0,0.9999999994695455,0.04135235918250354,0.999999999469559,0,0.0,0.0,0.201562288947661,0.9547263663928927,0.9576469488247812,0.0,0.9999999994695455,0.0,0.0,0.0,0.0,0.04135235918250354,Entel,0,0.999999999469559,Entel,2,0.0,Bitel,0,0.0,Bitel,0,0.9586476408174964,5.304410244377777e-10,1.0,0.5,1.0,73.14,COBERTURA ALTA,False,False
1507140003,LIMA,HUAROCHIRI,RICARDO PALMA,RANCHITO,RURAL,-11.91144,-76.5991,0.5166747626652346,0.8744706044142196,0.0,0.4522819888400154,0.0,0.0,0.0,1.0,0.0,1.0,0.0,0.3488818054079103,0.0,0.0,0,1.0,0,1.0,0.0,1.0,0,0.0,0.0,0.0,0.9994060398834111,1.0,0.0,0.8394514166410644,0.0,0.0,0.0,0.0,0.0,Bitel,0,1.0,Entel,2,0.0,Bitel,0,0.0,Bitel,0,1.0,0.0,1.0,0.5,1.0,75.0,COBERTURA ALTA,False,False
1507140004,LIMA,HUAROCHIRI,RICARDO PALMA,CUPICHE (SOL DE CUPICHE),URBANO,-11.91508,-76.61358,0.9801529388221595,0.9999999874246365,0.3836157361639823,0.9999999115323203,0.0,0.0,0.9486394232262008,0.9999999874247023,0.7045339675340918,0.9999999874248311,0.2612361002919388,0.9999999874247831,0.0,0.0,0,0.9707895228341301,0,0.9999999874243655,0.3320076500460253,0.9999999874249961,0,0.0,0.0,0.0,0.999999987424211,0.9999999874243942,0.9999999874243655,0.9999999874243656,0.0,0.0,0.0,0.0,0.9999999874243655,Movistar,1,0.9999999874249961,Entel,4,0.0,Bitel,0,0.0,Bitel,0,1.2575634533718016e-08,1.257500392704003e-08,1.0,0.0,0.0,15.0,COBERTURA ALTA,True,False
1507140005,LIMA,HUAROCHIRI,RICARDO PALMA,NUEVO CUPICHE (SAN JUAN DE CUPICHE),URBANO,-11.9144,-76.61063,0.3898828801202901,0.5314505835233353,0.0,0.2478300393068266,0.0,0.0,0.7265940091440338,0.9999999828234224,0.09174741900904525,0.9999999828234962,0.0,0.9946714626411562,0.0,0.0,0,0.9999999828234015,0,0.9999999828234015,0.005807409193778722,0.9999999828236517,0,0.0,0.0,0.0,0.9999999828234015,0.9999999828234013,0.3989537229300457,0.653297897449945,0.0,0.0,0.0,0.0,0.3989537229300457,Movistar,0,0.9999999828236517,Entel,2,0.0,Bitel,0,0.0,Bitel,0,0.6010462770699543,1.7176348343639347e-08,1.0,0.5,0.0,47.05,COBERTURA ALTA,False,False
1507140006,LIMA,HUAROCHIRI,RICARDO PALMA,CUARENTAIDOS Y MEDIO (LA PASCANA),RURAL,-11.92315,-76.63097,1.0,1.0,1.0,1.0,0.0,0.0,1.0,1.0,0.9221787722151766,1.0,0.0,1.0,0.0,0.0,0,0.9675535893108959,0,1.0,0.1589222734671077,1.0,0,0.0,0.0,0.0,1.0,1.0,1.0,1.0,0.0,0.0,0.0,0.0,1.0,Bitel,2,1.0,Bitel,4,0.0,Bitel,0,0.0,Bitel,0,0.0,0.0,1.0,0.0,1.0,25.0,COBERTURA ALTA,True,False
1507140007,LIMA,HUAROCHIRI,RICARDO PALMA,SUSANA PARODI,RURAL,-11.92361,-76.63341,1.0,1.0,1.0,1.0,0.0,0.0,0.7414029777598737,1.0,0.8413409762643513,1.0,0.0,1.0,0.0,0.0,0,0.9828948236642183,0,1.0,0.2622565146655351,1.0,0,0.0,0.0,0.0,1.0,1.0,1.0,1.0,0.0,0.0,0.0,0.0,1.0,Bitel,2,1.0,Bitel,4,0.0,Bitel,0,0.0,Bitel,0,0.0,0.0,1.0,0.0,1.0,25.0,COBERTURA ALTA,True,False
1507140008,LIMA,HUAROCHIRI,RICARDO PALMA,VILLA SANTA ANA,RURAL,-11.92172,-76.63089,1.0,1.0,1.0,1.0,0.0,0.0,0.9998301254770207,1.0,0.8592547204841795,1.0,0.0,1.0,0.0,0.0,0,0.9598954336537474,0,1.0,0.06012590972783455,1.0,0,0.0,0.0,0.0,1.0,1.0,1.0,1.0,0.0,0.0,0.0,0.0,1.0,Bitel,2,1.0,Bitel,4,0.0,Bitel,0,0.0,Bitel,0,0.0,0.0,1.0,0.0,1.0,25.0,COBERTURA ALTA,True,False
1507150001,LIMA,HUAROCHIRI,SAN ANDRES DE TUPICOCHA,SAN ANDRES DE TUPICOCHA,URBANO,-12.00041,-76.4742,0.0,0.0,0.0,0.0,0.0,0.0,0.9999999826881856,0.9999999826881854,0.8372395608159385,0.9999999826882637,0.0,0.9999999826887167,0.0,0.0,0,0.0,0,0.0,0.0,0.0,0,0.0,0.9999999826881595,0.9999999826881598,0.0,0.0,0.0,0.0,0.0,0.0,0.0,0.0,0.0,Bitel,0,0.9999999826887167,Claro,1,0.0,Bitel,0,0.0,Bitel,0,1.0,1.7311283295740054e-08,1.0,0.75,0.0,67.5,COBERTURA ALTA,False,False
1507150002,LIMA,HUAROCHIRI,SAN ANDRES DE TUPICOCHA,SAN PEDRO DE LLANCHA,RURAL,-11.94777,-76.47165,0.0,0.0,0.0,0.0,0.0,0.0,0.0,0.08797962926390962,0.0,0.0,0.0,0.0,0.0,0.0,0,0.1873410261343489,0,0.04135208769290478,0.0,0.1135106983825865,0,0.0,0.0,0.0,0.0,0.0,0.0,0.0,0.0,0.0,0.0,0.0,0.0,Bitel,0,0.1135106983825865,Entel,0,0.0,Bitel,0,0.0,Bitel,0,1.0,0.8864893016174135,1.0,1.0,1.0,97.73,BRECHA CRITICA,False,False
1507150003,LIMA,HUAROCHIRI,SAN ANDRES DE TUPICOCHA,CHINCHINA,RURAL,-11.95376,-76.47561,0.0,0.0,0.0,0.0,0.0,0.0,0.0,0.0,0.0,0.0,0.0,0.0,0.0,0.0,0,0.0,0,0.0,0.0,0.0,0,0.0,0.0,0.0,0.0,0.0,0.0,0.0,0.0,0.0,0.0,0.0,0.0,Bitel,0,0.0,Bitel,0,0.0,Bitel,0,0.0,Bitel,0,1.0,1.0,1.0,1.0,1.0,100.0,BRECHA CRITICA,False,False
1507150004,LIMA,HUAROCHIRI,SAN ANDRES DE TUPICOCHA,PANCOSA,RURAL,-11.95713,-76.41294,0.0,0.0,0.0,0.0,0.0,0.0,0.0,0.0,0.0,0.0,0.0,0.0,0.0,0.0,0,0.0,0,0.0,0.0,0.0,0,0.0,0.0,0.003309122616252458,0.0,0.0,0.0,0.0,0.0,0.0,0.0,0.0,0.0,Bitel,0,0.0,Bitel,0,0.0,Bitel,0,0.0,Bitel,0,1.0,1.0,1.0,1.0,1.0,100.0,BRECHA CRITICA,False,False
1507150005,LIMA,HUAROCHIRI,SAN ANDRES DE TUPICOCHA,SAN MIGUEL DE CHARACUAYQUI,RURAL,-11.9732,-76.41073,0.0,0.0,0.0,0.0,0.0,0.0,0.0,0.0,0.0,0.0,0.0,0.0,0.0,0.0,0,0.0,0,0.0,0.0,0.0,0,0.0,0.0,0.3570040529213991,0.0,0.0,0.0,0.0,0.0,0.0,0.0,0.0,0.0,Bitel,0,0.0,Bitel,0,0.0,Bitel,0,0.0,Bitel,0,1.0,1.0,1.0,1.0,1.0,100.0,BRECHA CRITICA,False,False
1507150006,LIMA,HUAROCHIRI,SAN ANDRES DE TUPICOCHA,CHINCHAGOZA,RURAL,-11.98129,-76.41625,0.0,0.0,0.0,0.0,0.0,0.0,0.0,0.0,0.0,0.0,0.0,0.0,0.0,0.0,0,0.0,0,0.0,0.0,0.0,0,0.0,0.0,0.08287849558210668,0.0,0.0,0.0,0.0,0.0,0.0,0.0,0.0,0.0,Bitel,0,0.0,Bitel,0,0.0,Bitel,0,0.0,Bitel,0,1.0,1.0,1.0,1.0,1.0,100.0,BRECHA CRITICA,False,False
1507150007,LIMA,HUAROCHIRI,SAN ANDRES DE TUPICOCHA,CHAMPUANA,RURAL,-11.99313,-76.41419,0.0,0.0,0.0,0.0,0.0,0.0,0.0,0.3320962677897741,0.0,0.03057992959670489,0.0,0.03057992959670489,0.0,0.0,0,0.0,0,0.0,0.0,0.0,0,0.0,0.0,1.0,0.0,0.0,0.0,0.0,0.0,0.0,0.0,0.0,0.0,Bitel,0,0.03057992959670489,Claro,0,0.0,Bitel,0,0.0,Bitel,0,1.0,0.9694200704032951,1.0,1.0,1.0,99.39,BRECHA CRITICA,False,False
1507150008,LIMA,HUAROCHIRI,SAN ANDRES DE TUPICOCHA,CASAMA,RURAL,-11.99452,-76.45862,0.0,0.0,0.0,0.0,0.0,0.0,0.0,0.6448247732930751,0.0,0.5772004754273052,0.0,0.8660066160289535,0.0,0.0,0,0.0,0,0.0,0.0,0.0,0,0.0,0.0,0.2278519274419033,0.0,0.0,0.0,0.0,0.0,0.0,0.0,0.0,0.0,Bitel,0,0.8660066160289535,Claro,1,0.0,Bitel,0,0.0,Bitel,0,1.0,0.13399338397104654,1.0,0.75,1.0,80.18,COBERTURA ALTA,False,False
1507150009,LIMA,HUAROCHIRI,SAN ANDRES DE TUPICOCHA,ANSUGAY,RURAL,-12.00232,-76.45765,0.0,0.0,0.0,0.0,0.0,0.0,0.0,0.8120048211315987,0.0,0.1751257960085666,0.0,0.3203407661725034,0.0,0.0,0,0.0,0,0.0,0.0,0.0,0,0.0,0.0,0.9200101362306293,0.0,0.0,0.0,0.0,0.0,0.0,0.0,0.0,0.0,Bitel,0,0.3203407661725034,Claro,0,0.0,Bitel,0,0.0,Bitel,0,1.0,0.6796592338274966,1.0,1.0,1.0,93.59,COBERTURA PARCIAL,False,False
1507150010,LIMA,HUAROCHIRI,SAN ANDRES DE TUPICOCHA,CANSACOTO,RURAL,-12.00077,-76.48591,0.0,0.0,0.0,0.0,0.0,0.0,0.0,0.9999999994276355,0.0,0.4607328005532416,0.0,0.4332109878538239,0.0,0.0,0,0.0,0,0.0,0.0,0.0,0,0.0,0.0,0.6895440760529903,0.0,0.0,0.0,0.0,0.0,0.0,0.0,0.0,0.0,Bitel,0,0.4332109878538239,Claro,0,0.0,Bitel,0,0.0,Bitel,0,1.0,0.566789012146176,1.0,1.0,1.0,91.34,COBERTURA PARCIAL,False,False
1507150011,LIMA,HUAROCHIRI,SAN ANDRES DE TUPICOCHA,PUQUIO TAMPUCAYA,RURAL,-12.00936,-76.5054,0.0,0.0,0.0,0.0,0.0,0.0,0.0,0.0,0.0,0.0,0.0,0.0,0.0,0.0,0,0.0,0,0.0,0.0,0.0,0,0.0,0.0,0.0,0.0,0.0,0.0,0.0,0.0,0.0,0.0,0.0,0.0,Bitel,0,0.0,Bitel,0,0.0,Bitel,0,0.0,Bitel,0,1.0,1.0,1.0,1.0,1.0,100.0,BRECHA CRITICA,False,False
1507150012,LIMA,HUAROCHIRI,SAN ANDRES DE TUPICOCHA,TURCO,RURAL,-12.00987,-76.48976,0.0,0.0,0.0,0.0,0.0,0.0,0.0,0.9999999965797902,0.0,0.999999996579798,0.0,0.999999996579798,0.0,0.0,0,0.0,0,0.0,0.0,0.641166631079564,0,0.0,0.0,0.8179636845704394,0.0,0.0,0.0,0.0,0.0,0.0,0.0,0.0,0.0,Bitel,0,0.999999996579798,Claro,1,0.0,Bitel,0,0.0,Bitel,0,1.0,3.4202020104956432e-09,1.0,0.75,1.0,77.5,COBERTURA ALTA,False,False
1507150013,LIMA,HUAROCHIRI,SAN ANDRES DE TUPICOCHA,SAN JUAN DE PACOTA,RURAL,-12.01313,-76.44845,0.0,0.0,0.0,0.0,0.0,0.0,0.0,0.9999999923300544,0.0,0.9999999923300544,0.07975997070152095,0.9999999923301591,0.0,0.0,0,0.0,0,0.0,0.0,0.0,0,0.0,0.0,0.0,0.0,0.0,0.0,0.0,0.0,0.0,0.0,0.0,0.07975997070152095,Claro,0,0.9999999923301591,Claro,1,0.0,Bitel,0,0.0,Bitel,0,0.920240029298479,7.669840873525402e-09,1.0,0.75,1.0,73.91,COBERTURA ALTA,False,False
1507150014,LIMA,HUAROCHIRI,SAN ANDRES DE TUPICOCHA,URURI,RURAL,-11.99953,-76.42727,0.0,0.0,0.0,0.0,0.0,0.0,0.0,0.5525138149621978,0.0,0.02113270579969045,0.0,0.0,0.0,0.0,0,0.0,0,0.0,0.0,0.0,0,0.0,0.0,0.01654794977214867,0.0,0.0,0.0,0.0,0.0,0.0,0.0,0.0,0.0,Bitel,0,0.0,Bitel,0,0.0,Bitel,0,0.0,Bitel,0,1.0,1.0,1.0,1.0,1.0,100.0,BRECHA CRITICA,False,False
1507150015,LIMA,HUAROCHIRI,SAN ANDRES DE TUPICOCHA,SANTA ROSA DE HUARIQUINCANCHE,RURAL,-12.02976,-76.43697,0.0,0.0,0.0,0.0,0.0,0.0,0.0,1.0,0.0,1.0,0.0,1.0,0.0,0.0,0,0.0,0,0.0,0.0,9.229212502101916e-05,0,0.0,0.0,0.9572813286897318,0.0,0.0,0.0,0.0,0.0,0.0,0.0,0.0,0.0,Bitel,0,1.0,Claro,1,0.0,Bitel,0,0.0,Bitel,0,1.0,0.0,1.0,0.75,1.0,77.5,COBERTURA ALTA,False,False
1507150016,LIMA,HUAROCHIRI,SAN ANDRES DE TUPICOCHA,CULLPE,RURAL,-12.02251,-76.43665,0.0,0.0,0.0,0.0,0.0,0.0,0.02068649612112847,1.0,0.0,1.0,0.0,0.8763854256485509,0.0,0.0,0,0.0,0,0.0,0.0,0.0,0,0.0,0.0,0.05900198902376692,0.0,0.0,0.0,0.0,0.0,0.0,0.0,0.0,0.0,Bitel,0,0.8763854256485509,Claro,1,0.0,Bitel,0,0.0,Bitel,0,1.0,0.12361457435144907,1.0,0.75,1.0,79.97,COBERTURA ALTA,False,False
1507150017,LIMA,HUAROCHIRI,SAN ANDRES DE TUPICOCHA,SHAMAÑA,RURAL,-12.03185,-76.44696,0.0,0.0,0.0,0.0,0.0,0.0,0.0,1.0,0.0,0.4485709070442149,0.0,0.9393851005982092,0.0,0.0,0,0.0,0,0.0,0.0,0.0,0,0.0,0.0,0.5690526398657667,0.0,0.0,0.0,0.0,0.0,0.0,0.0,0.0,0.0,Bitel,0,0.9393851005982092,Claro,1,0.0,Bitel,0,0.0,Bitel,0,1.0,0.06061489940179077,1.0,0.75,1.0,78.71,COBERTURA ALTA,False,False
1507150018,LIMA,HUAROCHIRI,SAN ANDRES DE TUPICOCHA,ASOSICA,RURAL,-12.02957,-76.46386,0.0,0.0,0.0,0.0,0.0,0.0,0.03061694514321843,1.0,0.0,0.9802927044767511,0.0,0.593256397907605,0.0,0.0,0,0.0,0,0.0,0.0,0.0,0,0.0,0.0,0.9933889653816219,0.0,0.0,0.0,0.0,0.0,0.0,0.0,0.0,0.0,Bitel,0,0.593256397907605,Claro,0,0.0,Bitel,0,0.0,Bitel,0,1.0,0.406743602092395,1.0,1.0,1.0,88.13,COBERTURA PARCIAL,False,False
1507150019,LIMA,HUAROCHIRI,SAN ANDRES DE TUPICOCHA,MACAZAN,RURAL,-12.02838,-76.47835,0.0,0.0,0.0,0.0,0.0,0.0,0.0,0.7640537181863352,0.0,0.3490022608596439,0.0,0.0,0.0,0.0,0,0.0,0,0.0,0.0,0.0,0,0.0,0.0,0.9999999976751993,0.0,0.0,0.0,0.0,0.0,0.0,0.0,0.0,0.0,Bitel,0,0.0,Bitel,0,0.0,Bitel,0,0.0,Bitel,0,1.0,1.0,1.0,1.0,1.0,100.0,BRECHA CRITICA,False,False
1507150020,LIMA,HUAROCHIRI,SAN ANDRES DE TUPICOCHA,CUÑANCHI,RURAL,-12.01498,-76.48046,0.0,0.0,0.0,0.0,0.0,0.0,0.0,0.9999999993026211,0.0,0.4072034729334906,0.0,0.4255742056794384,0.0,0.0,0,0.0,0,0.0,0.0,0.0,0,0.0,0.0289430960864671,0.9999999993028768,0.0,0.0,0.0,0.0,0.0,0.0,0.0,0.0,0.0,Bitel,0,0.4255742056794384,Claro,0,0.0,Bitel,0,0.0,Bitel,0,1.0,0.5744257943205616,1.0,1.0,1.0,91.49,COBERTURA PARCIAL,False,False
1507150021,LIMA,HUAROCHIRI,SAN ANDRES DE TUPICOCHA,CHICTA,RURAL,-12.01483,-76.51327,0.0,0.0,0.0,0.0,0.0,0.0,0.0,0.1929984716836549,0.0,0.0,0.0,0.0,0.0,0.0,0,0.5422101319277248,0,0.4800162393797619,0.0,0.5113919331966991,0,0.0,0.0,0.0,0.0,0.0,0.0,0.0,0.0,0.0,0.0,0.0,0.0,Bitel,0,0.5113919331966991,Entel,0,0.0,Bitel,0,0.0,Bitel,0,1.0,0.48860806680330093,1.0,1.0,1.0,89.77,COBERTURA PARCIAL,False,False
1507150023,LIMA,HUAROCHIRI,SAN ANDRES DE TUPICOCHA,CHANCHANA,RURAL,-12.00584,-76.46485,0.0,0.0,0.0,0.0,0.0,0.0,0.0,0.8821376290725288,0.0,0.9869175804241926,0.0,1.0,0.0,0.0,0,0.0,0,0.0,0.0,0.0,0,0.0,0.0,0.9920700628546523,0.0,0.0,0.0,0.0,0.0,0.0,0.0,0.0,0.0,Bitel,0,1.0,Claro,1,0.0,Bitel,0,0.0,Bitel,0,1.0,0.0,1.0,0.75,1.0,77.5,COBERTURA ALTA,False,False
1507150026,LIMA,HUAROCHIRI,SAN ANDRES DE TUPICOCHA,MAYANI,RURAL,-11.98865,-76.47013,0.0,0.0,0.0,0.0,0.0,0.0,0.0,0.09340198430009351,0.0,0.0,0.0,0.0,0.0,0.0,0,0.0,0,0.0,0.0,0.0,0,0.0,0.0,0.9601012082833075,0.0,0.0,0.0,0.0,0.0,0.0,0.0,0.0,0.0,Bitel,0,0.0,Bitel,0,0.0,Bitel,0,0.0,Bitel,0,1.0,1.0,1.0,1.0,1.0,100.0,BRECHA CRITICA,False,False
1507150028,LIMA,HUAROCHIRI,SAN ANDRES DE TUPICOCHA,PAÑAPAÑA,RURAL,-11.97344,-76.4055,0.0,0.0,0.0,0.0,0.0,0.0,0.0,0.4501681854805156,0.0,0.09783296634148721,0.0,0.1507160320747197,0.0,0.0,0,0.0,0,0.0,0.0,0.0,0,0.0,0.0,0.898643407890107,0.0,0.0,0.0,0.0,0.0,0.0,0.0,0.0,0.0,Bitel,0,0.1507160320747197,Claro,0,0.0,Bitel,0,0.0,Bitel,0,1.0,0.8492839679252803,1.0,1.0,1.0,96.99,BRECHA CRITICA,False,False
1507150029,LIMA,HUAROCHIRI,SAN ANDRES DE TUPICOCHA,VILLA EL SOL,RURAL,-12.00064,-76.48584,0.0,0.0,0.0,0.0,0.0,0.0,0.0,1.0,0.0,0.4914705116822219,0.0,0.4692645491745713,0.0,0.0,0,0.0,0,0.0,0.0,0.0,0,0.0,0.0,0.6988195417083383,0.0,0.0,0.0,0.0,0.0,0.0,0.0,0.0,0.0,Bitel,0,0.4692645491745713,Claro,0,0.0,Bitel,0,0.0,Bitel,0,1.0,0.5307354508254287,1.0,1.0,1.0,90.61,COBERTURA PARCIAL,False,False
1507150031,LIMA,HUAROCHIRI,SAN ANDRES DE TUPICOCHA,PEÑA GRANDE,RURAL,-11.95582,-76.47789,0.0,0.0,0.0,0.0,0.0,0.0,0.0,0.0,0.0,0.0,0.0,0.0,0.0,0.0,0,0.0,0,0.0,0.0,0.0,0,0.0,0.0,0.0,0.0,0.0,0.0,0.0,0.0,0.0,0.0,0.0,0.0,Bitel,0,0.0,Bitel,0,0.0,Bitel,0,0.0,Bitel,0,1.0,1.0,1.0,1.0,1.0,100.0,BRECHA CRITICA,False,False
1507150032,LIMA,HUAROCHIRI,SAN ANDRES DE TUPICOCHA,YASABIRI,RURAL,-12.01694,-76.42478,0.0,0.0,0.0,0.0,0.0,0.0,0.8948640666964028,1.0,0.0,1.0,0.0,1.0,0.0,0.0,0,0.0,0,0.0,0.0,0.0,0,0.0,0.0,0.8647946878192346,0.0,0.0,0.0,0.0,0.0,0.0,0.0,0.0,0.0,Bitel,0,1.0,Claro,1,0.0,Bitel,0,0.0,Bitel,0,1.0,0.0,1.0,0.75,1.0,77.5,COBERTURA ALTA,False,False
1507150033,LIMA,HUAROCHIRI,SAN ANDRES DE TUPICOCHA,CANCASICA,RURAL,-12.02436,-76.50133,0.0,0.0,0.0,0.0,0.0,0.0,0.0,0.9996466110748741,0.0,0.4003314734363566,0.0,0.4494566148050356,0.0,0.0,0,0.0,0,0.0,0.0,0.0,0,0.0,0.0,0.4238402334519846,0.0,0.0,0.0,0.0,0.0,0.0,0.0,0.0,0.0,Bitel,0,0.4494566148050356,Claro,0,0.0,Bitel,0,0.0,Bitel,0,1.0,0.5505433851949644,1.0,1.0,1.0,91.01,COBERTURA PARCIAL,False,False
1507150034,LIMA,HUAROCHIRI,SAN ANDRES DE TUPICOCHA,AQUETCH,RURAL,-12.00089,-76.46523,0.0,0.0,0.0,0.0,0.0,0.0,0.0,0.8795647892635631,0.0,0.9999999984809848,0.0,0.999999998480982,0.0,0.0,0,0.0,0,0.0,0.0,0.0,0,0.0,0.0,0.9688836670540014,0.0,0.0,0.0,0.0,0.0,0.0,0.0,0.0,0.0,Bitel,0,0.999999998480982,Claro,1,0.0,Bitel,0,0.0,Bitel,0,1.0,1.5190180224777805e-09,1.0,0.75,1.0,77.5,COBERTURA ALTA,False,False
1507150038,LIMA,HUAROCHIRI,SAN ANDRES DE TUPICOCHA,ALINZANA,RURAL,-12.02325,-76.47168,0.0,0.0,0.0,0.0,0.0,0.0,0.0,0.7539979454933555,0.0,0.4916090146273973,0.0,0.0,0.0,0.0,0,0.0,0,0.0,0.0,0.0,0,0.0,0.0,1.0,0.0,0.0,0.0,0.0,0.0,0.0,0.0,0.0,0.0,Bitel,0,0.0,Bitel,0,0.0,Bitel,0,0.0,Bitel,0,1.0,1.0,1.0,1.0,1.0,100.0,BRECHA CRITICA,False,False
1507150039,LIMA,HUAROCHIRI,SAN ANDRES DE TUPICOCHA,CANTA GALLO,RURAL,-12.02976,-76.50616,0.0,0.0,0.0,0.0,0.0,0.0,0.0,0.5640934861682786,0.0,0.02215833280148502,0.0,0.1601185468077737,0.0,0.0,0,0.165615245460444,0,0.02106806602420098,0.0,0.1290473215422532,0,0.0,0.0,0.0763814702894009,0.0,0.0,0.0,0.0,0.0,0.0,0.0,0.0,0.0,Bitel,0,0.1601185468077737,Claro,0,0.0,Bitel,0,0.0,Bitel,0,1.0,0.8398814531922263,1.0,1.0,1.0,96.8,BRECHA CRITICA,False,False
1507150041,LIMA,HUAROCHIRI,SAN ANDRES DE TUPICOCHA,CRUZ,RURAL,-11.94003,-76.46287,0.0,0.0,0.0,0.0,0.0,0.0,0.0,0.0,0.0,0.0,0.0,0.0,0.0,0.0,0,0.0,0,0.0,0.0,0.0,0,0.0,0.0,0.0,0.0,0.0,0.0,0.0,0.0,0.0,0.0,0.0,0.0,Bitel,0,0.0,Bitel,0,0.0,Bitel,0,0.0,Bitel,0,1.0,1.0,1.0,1.0,1.0,100.0,BRECHA CRITICA,False,False
1507150042,LIMA,HUAROCHIRI,SAN ANDRES DE TUPICOCHA,AQUECHI,RURAL,-12.00689,-76.49695,0.0,0.0,0.0,0.0,0.0,0.0,0.0,0.8966401745154603,0.0,0.04670824035815133,0.0,0.001084791055287781,0.0,0.0,0,0.0,0,0.0,0.0,0.0,0,0.0,0.0,0.3861419660775317,0.0,0.0,0.0,0.0,0.0,0.0,0.0,0.0,0.0,Bitel,0,0.001084791055287781,Claro,0,0.0,Bitel,0,0.0,Bitel,0,1.0,0.9989152089447122,1.0,1.0,1.0,99.98,BRECHA CRITICA,False,False
1507150043,LIMA,HUAROCHIRI,SAN ANDRES DE TUPICOCHA,LUMPUTA CHINCHINA,RURAL,-11.94349,-76.47646,0.0,0.0,0.0,0.0,0.0,0.0,0.0,0.004613863905229288,0.0,0.0,0.0,0.0,0.0,0.0,0,0.1004290824445308,0,0.0,0.0,0.1090249811687361,0,0.0,0.0,0.0,0.0,0.0,0.0,0.0,0.0,0.0,0.0,0.0,0.0,Bitel,0,0.1090249811687361,Entel,0,0.0,Bitel,0,0.0,Bitel,0,1.0,0.890975018831264,1.0,1.0,1.0,97.82,BRECHA CRITICA,False,False
1507150044,LIMA,HUAROCHIRI,SAN ANDRES DE TUPICOCHA,MARCAJAY,RURAL,-11.96014,-76.4566,0.0,0.0,0.0,0.0,0.0,0.0,0.0,0.0,0.0,0.0,0.0,0.0,0.0,0.0,0,0.0,0,0.0,0.0,0.0,0,0.0,0.0,0.0,0.0,0.0,0.0,0.0,0.0,0.0,0.0,0.0,0.0,Bitel,0,0.0,Bitel,0,0.0,Bitel,0,0.0,Bitel,0,1.0,1.0,1.0,1.0,1.0,100.0,BRECHA CRITICA,False,False
1507150045,LIMA,HUAROCHIRI,SAN ANDRES DE TUPICOCHA,PANTAKALA,RURAL,-11.98457,-76.49264,0.0,0.0,0.0,0.0,0.0,0.0,0.0,0.7267533301302919,0.0,0.0,0.0,0.146084212741454,0.0,0.0,0,0.0839620217689681,0,0.0,0.0,0.004581209628773304,0,0.0,0.0,0.3054057507421667,0.0,0.0,0.0,0.0,0.0,0.0,0.0,0.0,0.0,Bitel,0,0.146084212741454,Claro,0,0.0,Bitel,0,0.0,Bitel,0,1.0,0.853915787258546,1.0,1.0,1.0,97.08,BRECHA CRITICA,False,False
1507150046,LIMA,HUAROCHIRI,SAN ANDRES DE TUPICOCHA,SHUNCHUKALA,RURAL,-11.94175,-76.46151,0.0,0.0,0.0,0.0,0.0,0.0,0.0,0.0,0.0,0.0,0.0,0.0,0.0,0.0,0,0.0,0,0.0,0.0,0.0,0,0.0,0.0,0.0,0.0,0.0,0.0,0.0,0.0,0.0,0.0,0.0,0.0,Bitel,0,0.0,Bitel,0,0.0,Bitel,0,0.0,Bitel,0,1.0,1.0,1.0,1.0,1.0,100.0,BRECHA CRITICA,False,False
1507150047,LIMA,HUAROCHIRI,SAN ANDRES DE TUPICOCHA,TRABANDA,RURAL,-12.00072,-76.48357,0.0,0.0,0.0,0.0,0.0,0.0,0.0,0.9999999975379467,0.0,0.9999999975379465,0.0,0.9999999975379544,0.0,0.0,0,0.0,0,0.0,0.0,0.0,0,0.0,0.1627020678560902,0.9999999975380872,0.0,0.0,0.0,0.0,0.0,0.0,0.0,0.0,0.0,Bitel,0,0.9999999975379544,Claro,1,0.0,Bitel,0,0.0,Bitel,0,1.0,2.4620455674195796e-09,1.0,0.75,1.0,77.5,COBERTURA ALTA,False,False
1507150048,LIMA,HUAROCHIRI,SAN ANDRES DE TUPICOCHA,CHILCACOCHA,RURAL,-12.03119,-76.47438,0.0,0.0,0.0,0.0,0.0,0.0,0.0,0.446216539432476,0.0,0.006640264820805376,0.0,0.0,0.0,0.0,0,0.0,0,0.0,0.0,0.0,0,0.0,0.0,1.0,0.0,0.0,0.0,0.0,0.0,0.0,0.0,0.0,0.0,Bitel,0,0.0,Bitel,0,0.0,Bitel,0,0.0,Bitel,0,1.0,1.0,1.0,1.0,1.0,100.0,BRECHA CRITICA,False,False
1507150049,LIMA,HUAROCHIRI,SAN ANDRES DE TUPICOCHA,MAYHUAYQUE,RURAL,-11.93942,-76.46932,0.0,0.0,0.0,0.0,0.0,0.0,0.0,0.0,0.0,0.0,0.0,0.0,0.0,0.0,0,0.0,0,0.0,0.0,0.0,0,0.0,0.0,0.0,0.0,0.0,0.0,0.0,0.0,0.0,0.0,0.0,0.0,Bitel,0,0.0,Bitel,0,0.0,Bitel,0,0.0,Bitel,0,1.0,1.0,1.0,1.0,1.0,100.0,BRECHA CRITICA,False,False
1507160001,LIMA,HUAROCHIRI,SAN ANTONIO,CHACLLA,URBANO,-11.74345,-76.64992,0.0,0.0,0.0,0.0,0.0,0.0,1.0,1.0,0.0,0.9058094260108969,0.6621303262080077,1.0,0.0,0.0,0,0.0,0,0.0,0.0,0.0,0,0.0,0.0,1.0,0.0,0.0,0.0,0.9723528836857541,0.0,0.0,0.0,0.0,0.6621303262080077,Claro,0,1.0,Claro,2,0.0,Bitel,0,0.0,Bitel,0,0.3378696737919923,0.0,1.0,0.5,0.0,35.2,COBERTURA ALTA,False,False
1507160002,LIMA,HUAROCHIRI,SAN ANTONIO,PACLLAHUANCA,RURAL,-11.67973,-76.69452,0.0,0.0,0.0,0.0,0.0,0.0,0.0,0.0,0.0,0.0,0.0,0.0,0.0,0.0,0,0.0,0,0.0,0.0,0.0,0,0.0,0.0,0.6956137387002373,0.0,0.0,0.0,0.0,0.0,0.0,0.0,0.0,0.0,Bitel,0,0.0,Bitel,0,0.0,Bitel,0,0.0,Bitel,0,1.0,1.0,1.0,1.0,1.0,100.0,BRECHA CRITICA,False,False
1507160004,LIMA,HUAROCHIRI,SAN ANTONIO,SAN JUAN DE COLLATA,RURAL,-11.69639,-76.68116,0.0,0.0,0.0,0.0,0.0,0.0,0.0,0.0,0.0,0.0,0.0,0.0,0.0,0.0,0,0.0,0,0.0,0.0,0.0,0,0.0,0.0,0.04159680555598441,0.0,0.0,0.0,0.0,0.0,0.0,0.0,0.0,0.0,Bitel,0,0.0,Bitel,0,0.0,Bitel,0,0.0,Bitel,0,1.0,1.0,1.0,1.0,1.0,100.0,BRECHA CRITICA,False,False
1507160005,LIMA,HUAROCHIRI,SAN ANTONIO,JICAMARCA,RURAL,-11.73824,-76.70401,0.0,0.0,0.0,0.0,0.0,0.0,0.0,0.0,0.0,1.0,0.0,1.0,0.0,0.0,0,0.0,0,0.0,0.0,0.0,0,0.0,1.0,1.0,0.0,0.0,0.0,0.0,0.0,0.0,0.0,0.0,0.0,Bitel,0,1.0,Claro,1,0.0,Bitel,0,0.0,Bitel,0,1.0,0.0,1.0,0.75,1.0,77.5,COBERTURA ALTA,False,False
1507160006,LIMA,HUAROCHIRI,SAN ANTONIO,LUNA Y SOL,RURAL,-11.75395,-76.69563,0.0,0.0,0.0,0.0,0.0,0.0,0.0,0.0,0.0,0.0,0.0,0.0,0.0,0.0,0,0.0,0,0.0,0.0,0.0,0,0.0,0.0,0.0,0.0,0.0,0.0,0.0,0.0,0.0,0.0,0.0,0.0,Bitel,0,0.0,Bitel,0,0.0,Bitel,0,0.0,Bitel,0,1.0,1.0,1.0,1.0,1.0,100.0,BRECHA CRITICA,False,False
1507160007,LIMA,HUAROCHIRI,SAN ANTONIO,AUTISHA,RURAL,-11.73711,-76.61169,0.09753755144704042,0.09753755144704535,0.0,0.0,0.0,0.0,0.0,0.9999999977208192,0.0,0.9999999977207314,0.0,0.1461230952592942,0.0,0.0,0,0.0,0,0.0,0.0,0.0,0,0.0,0.914810254580624,0.9999999977205206,0.0,0.0,0.0,0.9999999977207316,0.0,0.0,0.0,0.0,0.0,Bitel,0,0.9999999977207316,Movistar,1,0.0,Bitel,0,0.0,Bitel,0,1.0,2.2792684406525154e-09,1.0,0.75,1.0,77.5,COBERTURA ALTA,False,False
1507160008,LIMA,HUAROCHIRI,SAN ANTONIO,SAN JOSE DE BADO,RURAL,-11.78065,-76.619,0.0,0.0,0.0,0.0,0.0,0.0,0.0,0.02126468097720134,0.0,0.0,0.0,0.0,0.0,0.0,0,0.0,0,0.0,0.0,0.0,0,0.0,0.0,0.01753729963415503,0.9709604646326349,1.0,0.0,1.0,0.0,0.0,0.0,0.0,0.0,Bitel,0,1.0,Movistar,1,0.0,Bitel,0,0.0,Bitel,0,1.0,0.0,1.0,0.75,1.0,77.5,COBERTURA ALTA,False,False
1507160009,LIMA,HUAROCHIRI,SAN ANTONIO,PUENTE VERDE,RURAL,-11.78112,-76.61937,0.0,0.0,0.0,0.0,0.0,0.0,0.0,0.02066519236125703,0.0,0.0,0.0,0.0,0.0,0.0,0,0.0,0,0.0,0.0,0.0,0,0.0,0.0,0.017716023045603,0.9679431963481049,0.9999999945199863,0.0,0.9999999945201896,0.0,0.0,0.0,0.0,0.0,Bitel,0,0.9999999945201896,Movistar,1,0.0,Bitel,0,0.0,Bitel,0,1.0,5.479810383235417e-09,1.0,0.75,1.0,77.5,COBERTURA ALTA,False,False
1507160010,LIMA,HUAROCHIRI,SAN ANTONIO,CUSPANCA,RURAL,-11.78097,-76.61923,0.0,0.0,0.0,0.0,0.0,0.0,0.0,0.02066518422895707,0.0,0.0,0.0,0.0,0.0,0.0,0,0.0,0,0.0,0.0,0.0,0,0.0,0.0,0.01677385832760662,0.9690621292431775,1.0,0.0,1.0,0.0,0.0,0.0,0.0,0.0,Bitel,0,1.0,Movistar,1,0.0,Bitel,0,0.0,Bitel,0,1.0,0.0,1.0,0.75,1.0,77.5,COBERTURA ALTA,False,False
1507160012,LIMA,HUAROCHIRI,SAN ANTONIO,PIEDRA BLANCA,RURAL,-11.78095,-76.62124,0.0,0.0,0.0,0.0,0.0,0.0,0.0,0.0,0.0,0.003540574793761049,0.0,0.0,0.0,0.0,0,0.0,0,0.0,0.0,0.0,0,0.0,0.0,0.1689867645932102,0.6026629974414623,0.9999999990224708,0.0,0.9999999990221733,0.0,0.0,0.0,0.0,0.0,Bitel,0,0.9999999990221733,Movistar,1,0.0,Bitel,0,0.0,Bitel,0,1.0,9.778267084925574e-10,1.0,0.75,1.0,77.5,COBERTURA ALTA,False,False
1507160013,LIMA,HUAROCHIRI,SAN ANTONIO,HUAYCOLORO,RURAL,-11.79318,-76.80237,0.0,0.0,0.0,0.0,0.0,0.0,0.0,0.0,0.0,0.0,0.0,0.0,0.0,0.0,0,0.0,0,0.0,0.0,0.0,0,0.0,0.0,0.0,0.0,0.0,0.0,0.0,0.0,0.0,0.0,0.0,0.0,Bitel,0,0.0,Bitel,0,0.0,Bitel,0,0.0,Bitel,0,1.0,1.0,1.0,1.0,1.0,100.0,BRECHA CRITICA,False,False
1507160015,LIMA,HUAROCHIRI,SAN ANTONIO,HUACHUNGUIA,RURAL,-11.77835,-76.62433,0.0,0.0,0.0,0.0,0.0,0.0,0.0,0.0,0.0,0.9999394525198816,0.0,0.0,0.0,0.0,0,0.0,0,0.0,0.0,0.0,0,0.0,0.0,0.9957665098548397,0.0,0.5699116051312612,0.0,0.999999998028507,0.0,0.0,0.0,0.0,0.0,Bitel,0,0.999999998028507,Movistar,1,0.0,Bitel,0,0.0,Bitel,0,1.0,1.971492968877442e-09,1.0,0.75,1.0,77.5,COBERTURA ALTA,False,False
1507160016,LIMA,HUAROCHIRI,SAN ANTONIO,CERRO CANTERA,RURAL,-11.77328,-76.72322,0.0,0.0,0.0,0.0,0.0,0.0,0.0,0.0,0.0,0.0,0.0,0.0,0.0,0.0,0,0.0,0,0.0,0.0,0.0,0,0.0,0.0,0.0,0.0,0.0,0.0,0.0,0.0,0.0,0.0,0.0,0.0,Bitel,0,0.0,Bitel,0,0.0,Bitel,0,0.0,Bitel,0,1.0,1.0,1.0,1.0,1.0,100.0,BRECHA CRITICA,False,False
1507160017,LIMA,HUAROCHIRI,SAN ANTONIO,OROBEL,RURAL,-11.69424,-76.70756,0.0,0.0,0.0,0.0,0.0,0.0,0.0,0.0,0.0,1.0,0.0,1.0,0.0,0.0,0,0.0,0,0.0,0.0,0.0,0,0.0,0.0,1.0,0.0,0.0,0.0,0.0,0.0,0.0,0.0,0.0,0.0,Bitel,0,1.0,Claro,1,0.0,Bitel,0,0.0,Bitel,0,1.0,0.0,1.0,0.75,1.0,77.5,COBERTURA ALTA,False,False
1507160018,LIMA,HUAROCHIRI,SAN ANTONIO,HUAYCOLORO GEOFISICO,RURAL,-11.95262,-76.87592,0.0,0.0,0.0,0.9002391115588277,0.0,0.0,0.0,0.0,0.0,0.0,0.0,0.0,0.0,0.0,0,1.0,0,1.0,0.0,1.0,0,0.0,0.0,0.0,0.5429893513747492,0.7094085330841023,0.5364044675784779,0.9660760815159485,0.0,0.0,0.0,0.0,0.5364044675784779,Movistar,0,1.0,Entel,3,0.0,Bitel,0,0.0,Bitel,0,0.46359553242152207,0.0,1.0,0.25,1.0,48.36,COBERTURA ALTA,False,False
1507160020,LIMA,HUAROCHIRI,SAN ANTONIO,LA MINA HUAYCOLORO,RURAL,-11.76996,-76.81441,0.0,0.0,0.0,0.0,0.0,0.0,0.0,0.0,0.0,0.0,0.0,0.0,0.0,0.0,0,0.0,0,0.0,0.0,0.0,0,0.0,0.0,0.0,0.0,0.0,0.0,0.0,0.0,0.0,0.0,0.0,0.0,Bitel,0,0.0,Bitel,0,0.0,Bitel,0,0.0,Bitel,0,1.0,1.0,1.0,1.0,1.0,100.0,BRECHA CRITICA,False,False
1507160022,LIMA,HUAROCHIRI,SAN ANTONIO,JICAMARCA ANEXO 2,RURAL,-11.87342,-76.89538,0.0,0.0,0.0,0.0,0.0,0.0,0.0,0.0,0.0,0.0,0.0,0.0,0.0,0.0,0,0.0,0,0.0,0.0,0.0,0,0.0,0.0,0.0,0.0,0.0,0.0,0.0,0.0,0.0,0.0,0.0,0.0,Bitel,0,0.0,Bitel,0,0.0,Bitel,0,0.0,Bitel,0,1.0,1.0,1.0,1.0,1.0,100.0,BRECHA CRITICA,False,False
1507160024,LIMA,HUAROCHIRI,SAN ANTONIO,LA MINA AGUADA DULCE,RURAL,-11.7601,-76.80855,0.0,0.0,0.0,0.0,0.0,0.0,0.0,0.0,0.0,0.0,0.0,0.0,0.0,0.0,0,0.0,0,0.0,0.0,0.0,0,0.0,0.0,0.0,0.0,0.0,0.0,0.0,0.0,0.0,0.0,0.0,0.0,Bitel,0,0.0,Bitel,0,0.0,Bitel,0,0.0,Bitel,0,1.0,1.0,1.0,1.0,1.0,100.0,BRECHA CRITICA,False,False
1507160025,LIMA,HUAROCHIRI,SAN ANTONIO,LA MINA EL BETON,RURAL,-11.84615,-76.84729,0.0,0.0,0.0,0.0,0.0,0.0,0.0,0.0,0.0,0.0,0.0,0.0,0.0,0.0,0,0.0,0,0.0,0.0,0.4922115070489292,0,0.0,0.0,0.0,0.0,0.0,0.0,0.0,0.0,0.0,0.0,0.0,0.0,Bitel,0,0.4922115070489292,Entel,0,0.0,Bitel,0,0.0,Bitel,0,1.0,0.5077884929510708,1.0,1.0,1.0,90.16,COBERTURA PARCIAL,False,False
1507160026,LIMA,HUAROCHIRI,SAN ANTONIO,LA MINA AGUADA SALADA,RURAL,-11.76238,-76.81085,0.0,0.0,0.0,0.0,0.0,0.0,0.0,0.0,0.0,0.0,0.0,0.0,0.0,0.0,0,0.0,0,0.0,0.0,0.0,0,0.0,0.0,0.0,0.0,0.0,0.0,0.0,0.0,0.0,0.0,0.0,0.0,Bitel,0,0.0,Bitel,0,0.0,Bitel,0,0.0,Bitel,0,1.0,1.0,1.0,1.0,1.0,100.0,BRECHA CRITICA,False,False
1507160027,LIMA,HUAROCHIRI,SAN ANTONIO,LA MINA LAJAS,RURAL,-11.76564,-76.69413,0.0,0.0,0.0,0.0,0.0,0.0,0.0,0.0,0.0,0.0,0.0,0.0,0.0,0.0,0,0.0,0,0.0,0.0,0.0,0,0.0,0.0,0.0,0.0,0.0,0.0,0.0,0.0,0.0,0.0,0.0,0.0,Bitel,0,0.0,Bitel,0,0.0,Bitel,0,0.0,Bitel,0,1.0,1.0,1.0,1.0,1.0,100.0,BRECHA CRITICA,False,False
1507160028,LIMA,HUAROCHIRI,SAN ANTONIO,LA MINA CARACOL BAJO,RURAL,-11.75537,-76.80202,0.0,0.0,0.0,0.0,0.0,0.0,0.0,0.000895307600838984,0.0,0.000895307600838984,0.0,0.0,0.0,0.0,0,0.0,0,0.0,0.0,0.2034851472895828,0,0.0,0.0,0.0,0.0,0.0,0.0,0.0,0.0,0.0,0.0,0.0,0.0,Bitel,0,0.2034851472895828,Entel,0,0.0,Bitel,0,0.0,Bitel,0,1.0,0.7965148527104172,1.0,1.0,1.0,95.93,COBERTURA PARCIAL,False,False
1507160029,LIMA,HUAROCHIRI,SAN ANTONIO,LA MINA CARACOL ALTO,RURAL,-11.68451,-76.66574,0.0,0.0,0.0,0.0,0.0,0.0,0.0,0.0,0.0,0.0,0.0,0.0,0.0,0.0,0,0.0,0,0.0,0.0,0.0,0,0.0,0.0,0.0,0.0,0.0,0.0,0.0,0.0,0.0,0.0,0.0,0.0,Bitel,0,0.0,Bitel,0,0.0,Bitel,0,0.0,Bitel,0,1.0,1.0,1.0,1.0,1.0,100.0,BRECHA CRITICA,False,False
1507160030,LIMA,HUAROCHIRI,SAN ANTONIO,PAUCACHA JICAMARCA,RURAL,-11.76634,-76.71988,0.0,0.0,0.0,0.0,0.0,0.0,0.0,0.0,0.0,0.0,0.0,0.0,0.0,0.0,0,0.0,0,0.0,0.0,0.0,0,0.0,0.0,0.0,0.0,0.0,0.0,0.0,0.0,0.0,0.0,0.0,0.0,Bitel,0,0.0,Bitel,0,0.0,Bitel,0,0.0,Bitel,0,1.0,1.0,1.0,1.0,1.0,100.0,BRECHA CRITICA,False,False
1507160031,LIMA,HUAROCHIRI,SAN ANTONIO,TAMBO PARDO JICAMARCA,RURAL,-11.73889,-76.69425,0.0,0.0,0.0,0.0,0.0,0.0,0.0,0.0,0.0,0.0,0.0,0.0,0.0,0.0,0,0.0,0,0.0,0.0,0.0,0,0.0,0.0,0.742288726110641,0.0,0.0,0.0,0.0,0.0,0.0,0.0,0.0,0.0,Bitel,0,0.0,Bitel,0,0.0,Bitel,0,0.0,Bitel,0,1.0,1.0,1.0,1.0,1.0,100.0,BRECHA CRITICA,False,False
1507160032,LIMA,HUAROCHIRI,SAN ANTONIO,LA MINA LA LOMADA,RURAL,-11.75615,-76.80493,0.0,0.0,0.0,0.0,0.0,0.0,0.0,0.0,0.0,0.0,0.0,0.0,0.0,0.0,0,0.0,0,0.0,0.0,0.1526167791716468,0,0.0,0.0,0.0,0.0,0.0,0.0,0.0,0.0,0.0,0.0,0.0,0.0,Bitel,0,0.1526167791716468,Entel,0,0.0,Bitel,0,0.0,Bitel,0,1.0,0.8473832208283532,1.0,1.0,1.0,96.95,BRECHA CRITICA,False,False
1507160033,LIMA,HUAROCHIRI,SAN ANTONIO,LA MINA TIERRA AMARILLA,RURAL,-11.76293,-76.79448,0.0,0.0,0.0,0.0,0.0,0.0,0.0,0.0,0.0,0.0,0.0,0.0,0.0,0.0,0,0.0,0,0.0,0.0,0.0,0,0.0,0.0,0.0,0.0,0.0,0.0,0.0,0.0,0.0,0.0,0.0,0.0,Bitel,0,0.0,Bitel,0,0.0,Bitel,0,0.0,Bitel,0,1.0,1.0,1.0,1.0,1.0,100.0,BRECHA CRITICA,False,False
1507160034,LIMA,HUAROCHIRI,SAN ANTONIO,PAMPA HUASI,RURAL,-11.76474,-76.71895,0.0,0.0,0.0,0.0,0.0,0.0,0.0,0.0,0.0,0.0,0.0,0.0,0.0,0.0,0,0.0,0,0.0,0.0,0.0,0,0.0,0.0,0.0,0.0,0.0,0.0,0.0,0.0,0.0,0.0,0.0,0.0,Bitel,0,0.0,Bitel,0,0.0,Bitel,0,0.0,Bitel,0,1.0,1.0,1.0,1.0,1.0,100.0,BRECHA CRITICA,False,False
1507160035,LIMA,HUAROCHIRI,SAN ANTONIO,LUCHOMARCO,RURAL,-11.7614,-76.73087,0.0,0.0,0.0,0.0,0.0,0.0,0.0,0.0,0.0,0.0,0.0,0.0,0.0,0.0,0,0.0,0,0.0,0.0,0.0,0,0.0,0.0,0.0,0.0,0.0,0.0,0.0,0.0,0.0,0.0,0.0,0.0,Bitel,0,0.0,Bitel,0,0.0,Bitel,0,0.0,Bitel,0,1.0,1.0,1.0,1.0,1.0,100.0,BRECHA CRITICA,False,False
1507160036,LIMA,HUAROCHIRI,SAN ANTONIO,CALLAHUINCO,RURAL,-11.84045,-76.72873,0.0,0.0,0.0,0.0,0.0,0.0,0.0,0.0,0.0,0.0,0.0,0.0,0.0,0.0,0,0.0,0,0.0,0.0,0.0,0,0.0,0.0,0.0,0.0,0.0,0.0,0.0,0.0,0.0,0.0,0.0,0.0,Bitel,0,0.0,Bitel,0,0.0,Bitel,0,0.0,Bitel,0,1.0,1.0,1.0,1.0,1.0,100.0,BRECHA CRITICA,False,False
1507160037,LIMA,HUAROCHIRI,SAN ANTONIO,QUIÑIHUA,RURAL,-11.7278,-76.68961,0.0,0.0,0.0,0.0,0.0,0.0,0.0,0.0,0.0,0.0,0.0,0.0,0.0,0.0,0,0.0,0,0.0,0.0,0.0,0,0.0,0.0,0.3304800292405698,0.0,0.0,0.0,0.0,0.0,0.0,0.0,0.0,0.0,Bitel,0,0.0,Bitel,0,0.0,Bitel,0,0.0,Bitel,0,1.0,1.0,1.0,1.0,1.0,100.0,BRECHA CRITICA,False,False
1507160038,LIMA,HUAROCHIRI,SAN ANTONIO,SICICAYA,RURAL,-11.73892,-76.69415,0.0,0.0,0.0,0.0,0.0,0.0,0.0,0.0,0.0,0.0,0.0,0.0,0.0,0.0,0,0.0,0,0.0,0.0,0.0,0,0.0,0.0,0.7271786270629605,0.0,0.0,0.0,0.0,0.0,0.0,0.0,0.0,0.0,Bitel,0,0.0,Bitel,0,0.0,Bitel,0,0.0,Bitel,0,1.0,1.0,1.0,1.0,1.0,100.0,BRECHA CRITICA,False,False
1507160039,LIMA,HUAROCHIRI,SAN ANTONIO,HUAYRUMA,RURAL,-11.75572,-76.63573,0.0,0.0,0.0,0.0,0.0,0.0,0.0,0.9999999957126718,0.0,0.999999995712705,0.0,0.9973547015929806,0.0,0.0,0,0.0,0,0.0,0.0,0.0,0,0.0,0.09968019719025373,0.9999999957128786,0.0,0.0,0.0,0.9999999957127625,0.0,0.0,0.0,0.0,0.0,Bitel,0,0.9999999957127625,Movistar,2,0.0,Bitel,0,0.0,Bitel,0,1.0,4.2872374539371094e-09,1.0,0.5,1.0,75.0,COBERTURA ALTA,False,False
1507160049,LIMA,HUAROCHIRI,SAN ANTONIO,EMPEDRADO,RURAL,-11.76135,-76.73502,0.0,0.0,0.0,0.0,0.0,0.0,0.0,0.0,0.0,0.0,0.0,0.0,0.0,0.0,0,0.0,0,0.0,0.0,0.0,0,0.0,0.0,0.0,0.0,0.0,0.0,0.0,0.0,0.0,0.0,0.0,0.0,Bitel,0,0.0,Bitel,0,0.0,Bitel,0,0.0,Bitel,0,1.0,1.0,1.0,1.0,1.0,100.0,BRECHA CRITICA,False,False
1507160052,LIMA,HUAROCHIRI,SAN ANTONIO,CALABAZA,RURAL,-11.7209,-76.70959,0.0,0.0,0.0,0.0,0.0,0.0,0.0,0.0,0.0,0.07468150007927292,0.0,0.07468150007927292,0.0,0.0,0,0.0,0,0.0,0.0,0.0,0,0.0,0.0,1.0,0.0,0.0,0.0,0.0,0.0,0.0,0.0,0.0,0.0,Bitel,0,0.07468150007927292,Claro,0,0.0,Bitel,0,0.0,Bitel,0,1.0,0.9253184999207271,1.0,1.0,1.0,98.51,BRECHA CRITICA,False,False
1507160053,LIMA,HUAROCHIRI,SAN ANTONIO,PUCUPUCO,RURAL,-11.70931,-76.6735,0.0,0.0,0.0,0.0,0.0,0.0,0.0,0.0,0.0,0.0,0.0,0.0,0.0,0.0,0,0.0,0,0.0,0.0,0.0,0,0.0,0.0,0.0,0.0,0.0,0.0,0.0,0.0,0.0,0.0,0.0,0.0,Bitel,0,0.0,Bitel,0,0.0,Bitel,0,0.0,Bitel,0,1.0,1.0,1.0,1.0,1.0,100.0,BRECHA CRITICA,False,False
1507160054,LIMA,HUAROCHIRI,SAN ANTONIO,YANINPAMPA,RURAL,-11.75921,-76.61961,0.0,0.04345522855439967,0.0,0.0,0.0,0.0,0.0,0.9826129678303127,0.0,0.9999999891754846,0.0,0.0,0.0,0.0,0,0.0,0,0.0,0.0,0.0,0,0.0,0.0,0.9999999891752914,0.0,0.0,0.0,0.9999999891754846,0.0,0.0,0.0,0.0,0.0,Bitel,0,0.9999999891754846,Movistar,1,0.0,Bitel,0,0.0,Bitel,0,1.0,1.0824515395135847e-08,1.0,0.75,1.0,77.5,COBERTURA ALTA,False,False
1507160055,LIMA,HUAROCHIRI,SAN ANTONIO,VALLECITO,RURAL,-11.77973,-76.6201,0.0,0.0,0.0,0.0,0.0,0.0,0.0,0.0002319148043494238,0.0,0.0,0.0,0.0,0.0,0.0,0,0.0,0,0.0,0.0,0.0,0,0.0,0.0,0.07404252560911166,0.8133826553578134,0.999999996567252,0.0,0.9999999965672287,0.0,0.0,0.0,0.0,0.0,Bitel,0,0.9999999965672287,Movistar,1,0.0,Bitel,0,0.0,Bitel,0,1.0,3.4327712894466345e-09,1.0,0.75,1.0,77.5,COBERTURA ALTA,False,False
1507160056,LIMA,HUAROCHIRI,SAN ANTONIO,MITO DULCE,RURAL,-11.73339,-76.64509,0.0,0.0,0.0,0.0,0.0,0.0,0.0,0.9999999967934898,0.0,0.4366333023834355,0.0,0.9993536035978564,0.0,0.0,0,0.0,0,0.0,0.0,0.0,0,0.0,0.0,0.9999999967933856,0.0,0.0,0.0,0.4070114590395363,0.0,0.0,0.0,0.0,0.0,Bitel,0,0.9993536035978564,Claro,1,0.0,Bitel,0,0.0,Bitel,0,1.0,0.0006463964021435897,1.0,0.75,1.0,77.51,COBERTURA ALTA,False,False
1507160057,LIMA,HUAROCHIRI,SAN ANTONIO,CERRO GRANDE LECLESPAMPA,RURAL,-11.71111,-76.74347,0.0,0.0,0.0,0.0,0.0,0.0,0.0,0.0,0.0,0.0,0.0,0.0,0.0,0.0,0,0.0,0,0.0,0.0,0.0,0,0.0,0.0,0.9999999930825714,0.0,0.0,0.0,0.0,0.0,0.0,0.0,0.0,0.0,Bitel,0,0.0,Bitel,0,0.0,Bitel,0,0.0,Bitel,0,1.0,1.0,1.0,1.0,1.0,100.0,BRECHA CRITICA,False,False
1507160058,LIMA,HUAROCHIRI,SAN ANTONIO,CIUDAD INDUSTRIAL HUACHIPA,RURAL,-11.85187,-76.85131,0.0,0.0,0.0,0.0,0.0,0.0,0.0,0.0,0.0,0.0,0.0,0.0,0.0,0.0,0,0.0,0,0.0,0.0,0.0113306569059634,0,0.0,0.0,0.0,0.0,0.0,0.0,0.0,0.0,0.0,0.0,0.0,0.0,Bitel,0,0.0113306569059634,Entel,0,0.0,Bitel,0,0.0,Bitel,0,1.0,0.9886693430940366,1.0,1.0,1.0,99.77,BRECHA CRITICA,False,False
1507160059,LIMA,HUAROCHIRI,SAN ANTONIO,CHAPARRAL,RURAL,-11.78583,-76.68173,0.0,0.0,0.0,0.0,0.0,0.0,0.0,0.0,0.0,0.0,0.0,0.0,0.0,0.0,0,0.0,0,0.0,0.0,0.0,0,0.0,0.0,0.0,0.0,0.0,0.0,0.0,0.0,0.0,0.0,0.0,0.0,Bitel,0,0.0,Bitel,0,0.0,Bitel,0,0.0,Bitel,0,1.0,1.0,1.0,1.0,1.0,100.0,BRECHA CRITICA,False,False
1507160060,LIMA,HUAROCHIRI,SAN ANTONIO,CERRO COLORADO,RURAL,-11.77034,-76.69263,0.0,0.0,0.0,0.0,0.0,0.0,0.0,0.0,0.0,0.0,0.0,0.0,0.0,0.0,0,0.0,0,0.0,0.0,0.0,0,0.0,0.0,0.0,0.0,0.0,0.0,0.0,0.0,0.0,0.0,0.0,0.0,Bitel,0,0.0,Bitel,0,0.0,Bitel,0,0.0,Bitel,0,1.0,1.0,1.0,1.0,1.0,100.0,BRECHA CRITICA,False,False
1507160061,LIMA,HUAROCHIRI,SAN ANTONIO,CASA TAMBO,RURAL,-11.74016,-76.63442,0.0,0.0,0.0,0.0,0.0,0.0,0.001579729818095637,1.0,0.0,1.0,0.0,0.7424163505348607,0.0,0.0,0,0.0,0,0.0,0.0,0.0,0,0.0,1.0,1.0,0.0,0.0,0.0,1.0,0.0,0.0,0.0,0.0,0.0,Bitel,0,1.0,Movistar,1,0.0,Bitel,0,0.0,Bitel,0,1.0,0.0,1.0,0.75,1.0,77.5,COBERTURA ALTA,False,False
1507170001,LIMA,HUAROCHIRI,SAN BARTOLOME,SAN BARTOLOME,URBANO,-11.91103,-76.52912,0.9996127331082717,0.9999999860828488,0.9999999860824987,0.9999999860825165,0.0,0.0,0.0,0.9734705619955534,0.0,0.7423144060039096,0.0,0.4487706120784966,0.0,0.0,0,0.9999999860824996,0,0.9999999860824996,0.0,0.9999999860824993,0,0.0,0.0,0.0,0.0,0.0,0.0,0.9999999860824961,0.0,0.0,0.0,0.0,0.9999999860824987,Bitel,1,0.9999999860825165,Bitel,3,0.0,Bitel,0,0.0,Bitel,0,1.3917501262561416e-08,1.3917483498993022e-08,1.0,0.25,0.0,17.5,COBERTURA ALTA,True,False
1507170002,LIMA,HUAROCHIRI,SAN BARTOLOME,QUINCHE,RURAL,-11.8931,-76.49183,0.0,0.0,0.0,0.0,0.0,0.0,0.0,0.7932413623683237,0.0,0.3611160355509447,0.0,0.1090564111993151,0.0,0.0,0,1.0,0,1.0,0.0,1.0,0,0.0,0.0,0.0,0.0,0.0,0.0,0.02663818480824059,0.0,0.0,0.0,0.0,0.0,Bitel,0,1.0,Entel,1,0.0,Bitel,0,0.0,Bitel,0,1.0,0.0,1.0,0.75,1.0,77.5,COBERTURA ALTA,False,False
1507170003,LIMA,HUAROCHIRI,SAN BARTOLOME,ARAPAMPA,RURAL,-11.88982,-76.49073,0.0,0.0,0.0,0.0,0.0,0.0,0.0,0.9999999981437885,0.0,0.9162909745205636,0.0,0.7608745577306213,0.0,0.0,0,0.9999999981437901,0,0.9999999981435848,0.0,0.9999999981437885,0,0.0,0.0,0.0,0.0,0.0,0.0,0.04135128095914065,0.0,0.0,0.0,0.0,0.0,Bitel,0,0.9999999981437885,Entel,1,0.0,Bitel,0,0.0,Bitel,0,1.0,1.8562115178255567e-09,1.0,0.75,1.0,77.5,COBERTURA ALTA,False,False
1507170004,LIMA,HUAROCHIRI,SAN BARTOLOME,ESPERANZA,RURAL,-11.90106,-76.5044,0.219462081740971,0.6331892887138895,0.7227810643051831,0.9999999565894996,0.0,0.0,0.0,0.732563524045148,0.0,0.06160047227294034,0.0,0.0,0.0,0.0,0,0.9999999967586655,0,0.9999999967586656,0.0,0.9999999967586655,0,0.0,0.0,0.0,0.0,0.0,0.0,0.0,0.0,0.0,0.0,0.0,0.7227810643051831,Bitel,0,0.9999999967586655,Entel,2,0.0,Bitel,0,0.0,Bitel,0,0.2772189356948169,3.2413345341097966e-09,1.0,0.5,1.0,42.47,COBERTURA ALTA,False,False
1507170005,LIMA,HUAROCHIRI,SAN BARTOLOME,TORNAMEZA,RURAL,-11.9057,-76.52304,1.0,1.0,1.0,1.0,0.0,0.0,0.04890833893467038,1.0,0.0,0.9987153745243991,0.0,0.715502809585966,0.0,0.0,0,1.0,0,1.0,0.0,1.0,0,0.0,0.0,0.0,0.0,0.0,0.0,0.979323772935529,0.0,0.0,0.0,0.0,1.0,Bitel,1,1.0,Bitel,3,0.0,Bitel,0,0.0,Bitel,0,0.0,0.0,1.0,0.25,1.0,27.5,COBERTURA ALTA,True,False
1507170006,LIMA,HUAROCHIRI,SAN BARTOLOME,RUPIA,RURAL,-11.90558,-76.52512,1.0,1.0,1.0,1.0,0.0,0.0,0.02067617977009195,1.0,0.0,0.9793238205836385,0.0,0.7661595491263312,0.0,0.0,0,1.0,0,1.0,0.0,1.0,0,0.0,0.0,0.0,0.0,0.0,0.0,0.981198667527542,0.0,0.0,0.0,0.0,1.0,Bitel,1,1.0,Bitel,3,0.0,Bitel,0,0.0,Bitel,0,0.0,0.0,1.0,0.25,1.0,27.5,COBERTURA ALTA,True,False
1507170008,LIMA,HUAROCHIRI,SAN BARTOLOME,TINTOSA,RURAL,-11.90246,-76.52938,0.9966511313627245,1.0,1.0,1.0,0.0,0.0,0.0,1.0,0.0,0.9793241355202781,0.0,0.4657934403471815,0.0,0.0,0,1.0,0,1.0,0.0,1.0,0,0.0,0.0,0.0,0.0,0.0,0.0,1.0,0.0,0.0,0.0,0.0,1.0,Bitel,1,1.0,Bitel,3,0.0,Bitel,0,0.0,Bitel,0,0.0,0.0,1.0,0.25,1.0,27.5,COBERTURA ALTA,True,False
1507170009,LIMA,HUAROCHIRI,SAN BARTOLOME,HUALLAY,RURAL,-11.91096,-76.52586,1.0,1.0,1.0,1.0,0.0,0.0,0.0,0.9216664829049133,0.0,0.7745447782178267,0.0,0.1280785686999426,0.0,0.0,0,1.0,0,1.0,0.0,1.0,0,0.0,0.0,0.0,0.0,0.0,0.0,1.0,0.0,0.0,0.0,0.0,1.0,Bitel,1,1.0,Bitel,3,0.0,Bitel,0,0.0,Bitel,0,0.0,0.0,1.0,0.25,1.0,27.5,COBERTURA ALTA,True,False
1507170010,LIMA,HUAROCHIRI,SAN BARTOLOME,COSACALLA,RURAL,-11.90485,-76.51748,0.745121955004118,0.8283919996479856,0.8427463877652147,0.9998945650900024,0.0,0.0,0.1743832965190298,0.999999994280648,0.0,0.999999994280548,0.0,0.953490231485601,0.0,0.0,0,0.9999999942805496,0,0.9999999942804931,0.0,0.9999999942805494,0,0.0,0.0,0.0,0.0,0.0,0.0,0.8721944404623421,0.0,0.0,0.0,0.0,0.8427463877652147,Bitel,1,0.9999999942805494,Entel,4,0.0,Bitel,0,0.0,Bitel,0,0.1572536122347853,5.719450579810825e-09,1.0,0.0,1.0,32.08,COBERTURA ALTA,True,False
1507170011,LIMA,HUAROCHIRI,SAN BARTOLOME,CHACRA CHACRA,RURAL,-11.90262,-76.50921,0.0,0.7204395007930573,0.7666861269693181,0.9807814239617832,0.0,0.0,0.0,0.9999999922769576,0.0,0.9973062463765143,0.0,0.8769127163583679,0.0,0.0,0,0.9999999922766148,0,0.9999999922769578,0.0,0.9999999922769577,0,0.0,0.0,0.0,0.0,0.0,0.0,0.0005593995037385174,0.0,0.0,0.0,0.0,0.7666861269693181,Bitel,0,0.9999999922769577,Entel,3,0.0,Bitel,0,0.0,Bitel,0,0.23331387303068185,7.72304231677623e-09,1.0,0.25,1.0,38.0,COBERTURA ALTA,False,False
1507170012,LIMA,HUAROCHIRI,SAN BARTOLOME,LLUJULLUAIQUE,RURAL,-11.90616,-76.49234,0.0,0.0,0.0,3.311867200115229e-05,0.0,0.0,0.03950386094022493,0.8860581347493273,0.0,0.5479213783714184,0.0,0.1249407163842674,0.0,0.0,0,0.9999999954622927,0,0.999999995462201,0.0,0.9999999954622926,0,0.0,0.0,0.0,0.0,0.0,0.0,0.0,0.0,0.0,0.0,0.0,0.0,Bitel,0,0.9999999954622926,Entel,1,0.0,Bitel,0,0.0,Bitel,0,1.0,4.537707432028526e-09,1.0,0.75,1.0,77.5,COBERTURA ALTA,False,False
1507170013,LIMA,HUAROCHIRI,SAN BARTOLOME,CINCO CERROS,RURAL,-11.91062,-76.52429,0.8509243432657262,0.9688621362499288,0.9809310564595402,0.9999999293395455,0.0,0.0,0.1257718054647052,0.9872283608612954,0.0,0.9544476132230826,0.0,0.3518891836332618,0.0,0.0,0,0.9999999996397074,0,0.9999999996397074,0.0,0.9999999996397074,0,0.0,0.0,0.0,0.0,0.0,0.0,0.9999999996397074,0.0,0.0,0.0,0.0,0.9809310564595402,Bitel,1,0.9999999996397074,Entel,3,0.0,Bitel,0,0.0,Bitel,0,0.01906894354045985,3.602925735535223e-10,1.0,0.25,1.0,28.36,COBERTURA ALTA,True,False
1507170015,LIMA,HUAROCHIRI,SAN BARTOLOME,PACAE,RURAL,-11.91842,-76.52378,0.3523858547120745,0.8018253781446782,0.9256504237403396,0.999999967597447,0.0,0.0,0.0,0.699995308765296,0.0,0.540834940118879,0.0,0.0,0.0,0.0,0,0.9999999980141071,0,0.9999999980141071,0.0,0.9999999980141072,0,0.0,0.0,0.0,0.0,0.0,0.0,0.9685092921866513,0.0,0.0,0.0,0.0,0.9256504237403396,Bitel,1,0.9999999980141072,Entel,3,0.0,Bitel,0,0.0,Bitel,0,0.07434957625966043,1.985892783551435e-09,1.0,0.25,1.0,30.85,COBERTURA ALTA,True,False
1507170016,LIMA,HUAROCHIRI,SAN BARTOLOME,RINCON,RURAL,-11.91718,-76.52149,0.0,0.004917856195095032,0.1002942322648534,0.975835133153709,0.0,0.0,0.0,0.8712295442405802,0.0,0.7286541050499635,0.0,0.0,0.0,0.0,0,1.0,0,1.0,0.0,1.0,0,0.0,0.0,0.0,0.0,0.0,0.0,0.9602664586454798,0.0,0.0,0.0,0.0,0.1002942322648534,Bitel,0,1.0,Entel,3,0.0,Bitel,0,0.0,Bitel,0,0.8997057677351465,0.0,1.0,0.25,1.0,67.99,COBERTURA ALTA,False,False
1507170017,LIMA,HUAROCHIRI,SAN BARTOLOME,CHACACHA,RURAL,-11.92443,-76.51564,0.0,0.0,0.0,0.2246049812613236,0.0,0.0,0.0,0.1034685450537341,0.0,0.6117489372388049,0.0,0.0,0.0,0.0,0,1.0,0,1.0,0.0,1.0,0,0.0,0.0,0.0,0.0,0.0,0.0,0.0,0.0,0.0,0.0,0.0,0.0,Bitel,0,1.0,Entel,1,0.0,Bitel,0,0.0,Bitel,0,1.0,0.0,1.0,0.75,1.0,77.5,COBERTURA ALTA,False,False
1507170018,LIMA,HUAROCHIRI,SAN BARTOLOME,LA BANDA,RURAL,-11.91496,-76.52495,0.668916378069676,0.8757628927032796,0.9478072813767783,0.9999998760735745,0.0,0.0,0.0,0.5296143662918381,0.0,0.263441190150526,0.0,0.0,0.0,0.0,0,0.9999999996476122,0,0.9999999996476122,0.0,0.9999999996476121,0,0.0,0.0,0.0,0.0,0.0,0.0,0.9999999996476122,0.0,0.0,0.0,0.0,0.9478072813767783,Bitel,1,0.9999999996476122,Movistar,3,0.0,Bitel,0,0.0,Bitel,0,0.05219271862322172,3.5238778561819117e-10,1.0,0.25,1.0,29.85,COBERTURA ALTA,True,False
1507170019,LIMA,HUAROCHIRI,SAN BARTOLOME,CHACRA ALTA,RURAL,-11.92299,-76.51715,0.0,0.0487007515249639,0.07477151857005059,0.6367971488962547,0.0,0.0,0.0,0.3394809572844649,0.0,0.845963041984661,0.0,0.0,0.0,0.0,0,1.0,0,1.0,0.0,1.0,0,0.0,0.0,0.0,0.0,0.0,0.0,0.0,0.0,0.0,0.0,0.0,0.07477151857005059,Bitel,0,1.0,Entel,1,0.0,Bitel,0,0.0,Bitel,0,0.9252284814299494,0.0,1.0,0.75,1.0,74.14,COBERTURA ALTA,False,False
1507170020,LIMA,HUAROCHIRI,SAN BARTOLOME,PROGRESO,RURAL,-11.91681,-76.52166,0.0,0.01211656376538346,0.09961720325527043,0.9547699928612705,0.0,0.0,0.0,0.8427210382689126,0.0,0.6955086087129968,0.0,0.0,0.0,0.0,0,1.0,0,1.0,0.0,1.0,0,0.0,0.0,0.0,0.0,0.0,0.0,0.9675476294011042,0.0,0.0,0.0,0.0,0.09961720325527043,Bitel,0,1.0,Entel,3,0.0,Bitel,0,0.0,Bitel,0,0.9003827967447295,0.0,1.0,0.25,1.0,68.02,COBERTURA ALTA,False,False
1507170021,LIMA,HUAROCHIRI,SAN BARTOLOME,CHACACHON,RURAL,-11.92193,-76.52143,0.1480947308770038,0.8259304440509172,0.78712626946274,0.9999997405396391,0.0,0.0,0.0,0.9366153631071833,0.0,0.7157830433941945,0.0,0.0,0.0,0.0,0,0.9999999973416588,0,0.9999999973416588,0.0,0.9999999973415806,0,0.0,0.0,0.0,0.0,0.0,0.0,0.3227248137423915,0.0,0.0,0.0,0.0,0.78712626946274,Bitel,0,0.9999999973415806,Entel,2,0.0,Bitel,0,0.0,Bitel,0,0.21287373053726,2.658419373524623e-09,1.0,0.5,1.0,39.58,COBERTURA ALTA,False,False
1507170022,LIMA,HUAROCHIRI,SAN BARTOLOME,CHACRA NUEVA,RURAL,-11.92263,-76.52001,0.0,0.4436305936145893,0.444512557712805,0.9999997736589787,0.0,0.0,0.0,0.6945760148428688,0.0,0.5921767550742715,0.0,0.0,0.0,0.0,0,0.9999999965182761,0,0.999999996518371,0.0,0.9999999965180244,0,0.0,0.0,0.0,0.0,0.0,0.0,0.08289567131049345,0.0,0.0,0.0,0.0,0.444512557712805,Bitel,0,0.9999999965180244,Entel,2,0.0,Bitel,0,0.0,Bitel,0,0.5554874422871949,3.481975596741904e-09,1.0,0.5,1.0,55.0,COBERTURA ALTA,False,False
1507170023,LIMA,HUAROCHIRI,SAN BARTOLOME,MURALLA,RURAL,-11.92316,-76.48892,0.0,0.0,0.0,0.0,0.0,0.0,0.0,0.5425477135580747,0.0,0.0357733906305966,0.0,0.0,0.0,0.0,0,0.9255973554990675,0,0.6451005107780231,0.0,0.7786903766883951,0,0.0,0.0,0.0,0.0,0.0,0.0,0.0,0.0,0.0,0.0,0.0,0.0,Bitel,0,0.7786903766883951,Entel,0,0.0,Bitel,0,0.0,Bitel,0,1.0,0.22130962331160486,1.0,1.0,1.0,84.43,COBERTURA PARCIAL,False,False
1507170024,LIMA,HUAROCHIRI,SAN BARTOLOME,PAITE,RURAL,-11.93214,-76.50343,0.0,0.0,0.0,0.0,0.0,0.0,0.0,0.0006843134976195838,0.0,0.2176963976536719,0.0,0.0,0.0,0.0,0,0.9546093473593092,0,0.8377732744870388,0.0,0.9180247286800506,0,0.0,0.0,0.0,0.0,0.0,0.0,0.0,0.0,0.0,0.0,0.0,0.0,Bitel,0,0.9180247286800506,Entel,1,0.0,Bitel,0,0.0,Bitel,0,1.0,0.08197527131994942,1.0,0.75,1.0,79.14,COBERTURA ALTA,False,False
1507170025,LIMA,HUAROCHIRI,SAN BARTOLOME,MOLLE,RURAL,-11.92882,-76.4949,0.0,0.0,0.0,0.0,0.0,0.0,0.0,0.9999999985493927,0.0,0.9015869783871079,0.0,0.5682117420214265,0.0,0.0,0,0.949357913788179,0,0.9793235571399591,0.0,0.9999999985493871,0,0.0,0.0,0.0,0.0,0.0,0.0,0.0,0.0,0.0,0.0,0.0,0.0,Bitel,0,0.9999999985493871,Entel,1,0.0,Bitel,0,0.0,Bitel,0,1.0,1.4506128520608286e-09,1.0,0.75,1.0,77.5,COBERTURA ALTA,False,False
1507170026,LIMA,HUAROCHIRI,SAN BARTOLOME,VENTANILLA,RURAL,-11.93139,-76.47415,0.0,0.0,0.0,0.0,0.0,0.0,0.0,0.9944547714229994,0.0,0.0,0.0,0.0,0.0,0.0,0,0.9240674320644757,0,0.9999999944539638,0.0,0.9899350356972418,0,0.0,0.0,0.0,0.0,0.0,0.0,0.0,0.0,0.0,0.0,0.0,0.0,Bitel,0,0.9899350356972418,Entel,1,0.0,Bitel,0,0.0,Bitel,0,1.0,0.010064964302758161,1.0,0.75,1.0,77.7,COBERTURA ALTA,False,False
1507170027,LIMA,HUAROCHIRI,SAN BARTOLOME,MAYHUAYQUI,RURAL,-11.93897,-76.46925,0.0,0.0,0.0,0.0,0.0,0.0,0.0,0.0,0.0,0.0,0.0,0.0,0.0,0.0,0,0.0,0,0.0,0.0,0.0,0,0.0,0.0,0.0,0.0,0.0,0.0,0.0,0.0,0.0,0.0,0.0,0.0,Bitel,0,0.0,Bitel,0,0.0,Bitel,0,0.0,Bitel,0,1.0,1.0,1.0,1.0,1.0,100.0,BRECHA CRITICA,False,False
1507170028,LIMA,HUAROCHIRI,SAN BARTOLOME,HACIENDA,RURAL,-11.94133,-76.51363,0.0,0.0,0.0,0.0,0.0,0.0,0.0,0.3174608404869442,0.1615597589479374,0.998591212297011,0.09860579065450638,0.863961950073637,0.0,0.0,0,0.1066561872347983,0,0.0,0.0,0.2205523131228025,0,0.0,0.0,0.0,0.0,0.0,0.0,0.0,0.0,0.0,0.0,0.0,0.09860579065450638,Claro,0,0.863961950073637,Claro,1,0.0,Bitel,0,0.0,Bitel,0,0.9013942093454936,0.13603804992636304,1.0,0.75,1.0,75.78,COBERTURA ALTA,False,False
1507170029,LIMA,HUAROCHIRI,SAN BARTOLOME,LA MERCED DE CHAUTE (CHAUTE),URBANO,-11.94303,-76.50842,0.0,0.0,0.0,0.0,0.0,0.0,0.0,0.6770047949706409,0.5117137007190643,1.0,0.208855030606733,0.9313430828440055,0.0,0.0,0,0.7919853154979447,0,0.2057160265122956,0.0,0.4327802062440512,0,0.0,0.0,0.0,0.0,0.0,0.0,0.0,0.0,0.0,0.0,0.0,0.208855030606733,Claro,0,0.9313430828440055,Claro,1,0.0,Bitel,0,0.0,Bitel,0,0.7911449693932671,0.06865691715599453,1.0,0.75,0.0,59.47,COBERTURA ALTA,False,False
1507170030,LIMA,HUAROCHIRI,SAN BARTOLOME,CUNICHA,RURAL,-11.94124,-76.514,0.0,0.0,0.0,0.0,0.0,0.0,0.0,0.2893712687104799,0.108850745213416,0.9918836919489001,0.07132844132717245,0.8289565905065868,0.0,0.0,0,0.06773687331936502,0,0.0,0.0,0.2098286710564585,0,0.0,0.0,0.0,0.0,0.0,0.0,0.0,0.0,0.0,0.0,0.0,0.07132844132717245,Claro,0,0.8289565905065868,Claro,1,0.0,Bitel,0,0.0,Bitel,0,0.9286715586728276,0.17104340949341323,1.0,0.75,1.0,77.71,COBERTURA ALTA,False,False
1507170032,LIMA,HUAROCHIRI,SAN BARTOLOME,VERRUGAS,RURAL,-11.88792,-76.48883,0.0,0.0,0.0,0.0,0.0,0.0,0.0,0.9999999998961651,0.0,0.9999999998965285,0.0,0.9587602716792222,0.0,0.0,0,0.9999999998961647,0,0.9999999998961654,0.0,0.9999999998961648,0,0.0,0.0,0.0,0.0,0.0,0.0,0.0,0.0,0.0,0.0,0.0,0.0,Bitel,0,0.9999999998961648,Entel,2,0.0,Bitel,0,0.0,Bitel,0,1.0,1.0383516269030224e-10,1.0,0.5,1.0,75.0,COBERTURA ALTA,False,False
1507170033,LIMA,HUAROCHIRI,SAN BARTOLOME,LA CASCADA,RURAL,-11.89668,-76.49919,0.0,0.09598805550155295,0.1486400828719235,0.6392626732169597,0.0,0.0,0.0,0.5133710906046601,0.0,0.3909373938230334,0.0,0.04474125362230803,0.0,0.0,0,0.9999999930692367,0,0.8566788406414586,0.0,0.9999999930692403,0,0.0,0.0,0.0,0.0,0.0,0.0,0.0,0.0,0.0,0.0,0.0,0.1486400828719235,Bitel,0,0.9999999930692403,Entel,1,0.0,Bitel,0,0.0,Bitel,0,0.8513599171280765,6.93075974389501e-09,1.0,0.75,1.0,70.81,COBERTURA ALTA,False,False
1507170034,LIMA,HUAROCHIRI,SAN BARTOLOME,CARIÑITO,RURAL,-11.93963,-76.50588,0.0,0.0,0.0,0.0,0.0,0.0,0.0,0.3114710944853279,0.0,0.8797661814261285,0.0,0.08469154146400412,0.0,0.0,0,0.2296650463321347,0,0.09728017150857302,0.0,0.156677154248911,0,0.0,0.0,0.0,0.0,0.0,0.0,0.0,0.0,0.0,0.0,0.0,0.0,Bitel,0,0.156677154248911,Entel,0,0.0,Bitel,0,0.0,Bitel,0,1.0,0.8433228457510891,1.0,1.0,1.0,96.87,BRECHA CRITICA,False,False
1507170035,LIMA,HUAROCHIRI,SAN BARTOLOME,PAMPA ANDENES,RURAL,-11.88964,-76.49658,0.0,0.0,0.0,0.0,0.0,0.0,0.0,1.0,0.0,1.0,0.0,0.8005611832361441,0.0,0.0,0,1.0,0,1.0,0.0,1.0,0,0.0,0.0,0.0,0.0,0.0,0.0,0.2587755843959673,0.0,0.0,0.0,0.0,0.0,Bitel,0,1.0,Entel,2,0.0,Bitel,0,0.0,Bitel,0,1.0,0.0,1.0,0.5,1.0,75.0,COBERTURA ALTA,False,False
1507170036,LIMA,HUAROCHIRI,SAN BARTOLOME,PURUCHUCO,RURAL,-11.89582,-76.50211,0.0,0.0,0.0,0.001138667150102179,0.0,0.0,0.0,0.939124325974909,0.0,0.8893732916336673,0.0,0.02684376856257436,0.0,0.0,0,1.0,0,1.0,0.0,1.0,0,0.0,0.0,0.0,0.0,0.0,0.0,0.006170438903968149,0.0,0.0,0.0,0.0,0.0,Bitel,0,1.0,Entel,1,0.0,Bitel,0,0.0,Bitel,0,1.0,0.0,1.0,0.75,1.0,77.5,COBERTURA ALTA,False,False
1507170037,LIMA,HUAROCHIRI,SAN BARTOLOME,RUCUTUPE,RURAL,-11.89382,-76.4978,0.0,0.0,0.0,0.08481731161887368,0.0,0.0,0.0,0.4751045445231017,0.0,0.1329164031326633,0.0,0.03226269090110837,0.0,0.0,0,0.9999999961364934,0,0.8784994769101291,0.0,0.9999999961364934,0,0.0,0.0,0.0,0.0,0.0,0.0,0.0,0.0,0.0,0.0,0.0,0.0,Bitel,0,0.9999999961364934,Entel,1,0.0,Bitel,0,0.0,Bitel,0,1.0,3.863506625734203e-09,1.0,0.75,1.0,77.5,COBERTURA ALTA,False,False
1507170038,LIMA,HUAROCHIRI,SAN BARTOLOME,TARITA,RURAL,-11.9045,-76.48693,0.0,0.0,0.0,0.0,0.0,0.0,0.9771255213309302,1.0,0.0,1.0,0.0,1.0,0.0,0.0,0,1.0,0,1.0,0.0,1.0,0,0.0,0.0,0.0,0.0,0.0,0.0,0.9494149739863044,0.0,0.0,0.0,0.0,0.0,Bitel,0,1.0,Claro,3,0.0,Bitel,0,0.0,Bitel,0,1.0,0.0,1.0,0.25,1.0,72.5,COBERTURA ALTA,False,False
1507170039,LIMA,HUAROCHIRI,SAN BARTOLOME,LUCUMO,RURAL,-11.91123,-76.49461,0.0,0.0,0.0,0.0,0.0,0.0,0.0,0.700829405145513,0.0,0.0,0.0,0.0,0.0,0.0,0,0.9976041685976607,0,1.0,0.0,0.9934204011097688,0,0.0,0.0,0.0,0.0,0.0,0.0,0.0,0.0,0.0,0.0,0.0,0.0,Bitel,0,0.9934204011097688,Entel,1,0.0,Bitel,0,0.0,Bitel,0,1.0,0.006579598890231186,1.0,0.75,1.0,77.63,COBERTURA ALTA,False,False
1507170040,LIMA,HUAROCHIRI,SAN BARTOLOME,MITO AMARGO,RURAL,-11.912,-76.49227,0.0,0.0,0.0,0.0,0.0,0.0,0.0,0.931632410410272,0.0,0.0979837360879895,0.0,0.0,0.0,0.0,0,0.9895909872099554,0,1.0,0.0,0.989590973315554,0,0.0,0.0,0.0,0.0,0.0,0.0,0.0,0.0,0.0,0.0,0.0,0.0,Bitel,0,0.989590973315554,Entel,1,0.0,Bitel,0,0.0,Bitel,0,1.0,0.010409026684445988,1.0,0.75,1.0,77.71,COBERTURA ALTA,False,False
1507170041,LIMA,HUAROCHIRI,SAN BARTOLOME,PUNCO,RURAL,-11.92372,-76.48665,0.0,0.0,0.0,0.0,0.0,0.0,0.0,0.6201146947312683,0.0,0.0,0.0,0.0,0.0,0.0,0,0.9469784650418027,0,0.8678005188333099,0.0,0.9128382958227548,0,0.0,0.0,0.0,0.0,0.0,0.0,0.0,0.0,0.0,0.0,0.0,0.0,Bitel,0,0.9128382958227548,Entel,1,0.0,Bitel,0,0.0,Bitel,0,1.0,0.08716170417724523,1.0,0.75,1.0,79.24,COBERTURA ALTA,False,False
1507170042,LIMA,HUAROCHIRI,SAN BARTOLOME,PAMPA DE ZARATE,RURAL,-11.93189,-76.48129,0.0,0.0,0.0,0.0,0.0,0.0,0.0,1.0,0.0,0.1453252612231129,0.0,0.0,0.0,0.0,0,0.9201849070173068,0,0.9563425149251532,0.0,0.9615380175740176,0,0.0,0.0,0.0,0.0,0.0,0.0,0.0,0.0,0.0,0.0,0.0,0.0,Bitel,0,0.9615380175740176,Entel,1,0.0,Bitel,0,0.0,Bitel,0,1.0,0.03846198242598242,1.0,0.75,1.0,78.27,COBERTURA ALTA,False,False
1507170043,LIMA,HUAROCHIRI,SAN BARTOLOME,CUTUAYQUE,RURAL,-11.92026,-76.49959,0.0,0.0,0.0,0.0,0.0,0.0,0.182405043789285,1.0,0.0,0.9446000178772974,0.0,0.2448474173348561,0.0,0.0,0,1.0,0,1.0,0.0,1.0,0,0.0,0.0,0.2470720983009923,0.0,0.0,0.0,0.0,0.0,0.0,0.0,0.0,0.0,Bitel,0,1.0,Entel,1,0.0,Bitel,0,0.0,Bitel,0,1.0,0.0,1.0,0.75,1.0,77.5,COBERTURA ALTA,False,False
1507170044,LIMA,HUAROCHIRI,SAN BARTOLOME,SHUNGA,RURAL,-11.92238,-76.51575,0.0,0.0,0.0107580238342259,0.30896356450987,0.0,0.0,0.0,0.7008836742585656,0.0,0.9957615291860197,0.0,0.0,0.0,0.0,0,0.9999999968484181,0,0.9999999968484181,0.0,0.999999996848418,0,0.0,0.0,0.0,0.0,0.0,0.0,0.0,0.0,0.0,0.0,0.0,0.0107580238342259,Bitel,0,0.999999996848418,Entel,1,0.0,Bitel,0,0.0,Bitel,0,0.9892419761657741,3.151581995375352e-09,1.0,0.75,1.0,77.02,COBERTURA ALTA,False,False
1507170045,LIMA,HUAROCHIRI,SAN BARTOLOME,LA LOMADA (CHUNACA),RURAL,-11.89363,-76.48883,0.0,0.0,0.0,0.0,0.0,0.0,0.0,1.0,0.0,0.8476295739174158,0.0,0.4112647314712427,0.0,0.0,0,1.0,0,1.0,0.0,1.0,0,0.0,0.0,0.0,0.0,0.0,0.0,0.6369127739608155,0.0,0.0,0.0,0.0,0.0,Bitel,0,1.0,Entel,1,0.0,Bitel,0,0.0,Bitel,0,1.0,0.0,1.0,0.75,1.0,77.5,COBERTURA ALTA,False,False
1507170046,LIMA,HUAROCHIRI,SAN BARTOLOME,MALAFACHA,RURAL,-11.91835,-76.5218,0.0,0.308491663494848,0.4448729470355237,0.9999999068333847,0.0,0.0,0.0,0.8630248108057479,0.0,0.7960061481214196,0.0,0.0,0.0,0.0,0,0.9999999978128026,0,0.9999999978128026,0.0,0.9999999978127335,0,0.0,0.0,0.0,0.0,0.0,0.0,0.9930328747265598,0.0,0.0,0.0,0.0,0.4448729470355237,Bitel,0,0.9999999978127335,Entel,3,0.0,Bitel,0,0.0,Bitel,0,0.5551270529644763,2.187266479047878e-09,1.0,0.25,1.0,52.48,COBERTURA ALTA,False,False
1507170047,LIMA,HUAROCHIRI,SAN BARTOLOME,COAPINTA,RURAL,-11.93125,-76.50549,0.0,0.0,0.0,0.0,0.0,0.0,0.0,0.01724285625892161,0.0,0.0,0.0,0.0,0.0,0.0,0,0.9999999988243818,0,0.994367527112862,0.0,0.9999999988243818,0,0.0,0.0,0.0,0.0,0.0,0.0,0.0,0.0,0.0,0.0,0.0,0.0,Bitel,0,0.9999999988243818,Entel,1,0.0,Bitel,0,0.0,Bitel,0,1.0,1.1756181583777447e-09,1.0,0.75,1.0,77.5,COBERTURA ALTA,False,False
1507170048,LIMA,HUAROCHIRI,SAN BARTOLOME,MOSALLA,RURAL,-11.9422,-76.50537,0.0,0.0,0.0,0.0,0.0,0.0,0.0,0.08191206489196573,0.006599418776037358,1.0,0.0,0.1966529241915722,0.0,0.0,0,0.1075551115486093,0,0.01122834245118991,0.0,0.05553741746009098,0,0.0,0.0,0.0,0.0,0.0,0.0,0.0,0.0,0.0,0.0,0.0,0.0,Bitel,0,0.1966529241915722,Claro,0,0.0,Bitel,0,0.0,Bitel,0,1.0,0.8033470758084278,1.0,1.0,1.0,96.07,BRECHA CRITICA,False,False
1507170049,LIMA,HUAROCHIRI,SAN BARTOLOME,CAHUATACHE,RURAL,-11.94025,-76.50424,0.0,0.0,0.0,0.0,0.0,0.0,0.0,0.04024638790614775,0.0,0.9206597161306521,0.0,0.0,0.0,0.0,0,0.05521579894122198,0,0.0,0.0,0.0,0,0.0,0.0,0.0,0.0,0.0,0.0,0.0,0.0,0.0,0.0,0.0,0.0,Bitel,0,0.0,Bitel,0,0.0,Bitel,0,0.0,Bitel,0,1.0,1.0,1.0,1.0,1.0,100.0,BRECHA CRITICA,False,False
1507170050,LIMA,HUAROCHIRI,SAN BARTOLOME,GUITARRA,RURAL,-11.93775,-76.50884,0.0,0.0,0.0,0.3305618090938363,0.0,0.0,0.0,0.9876427488388028,0.0,0.9884563208328987,0.0,0.02067887110213835,0.0,0.0,0,0.7475791115441389,0,0.4602666382948161,0.0,0.8467570117357667,0,0.0,0.0,0.0,0.0,0.0,0.0,0.0,0.0,0.0,0.0,0.0,0.0,Bitel,0,0.8467570117357667,Entel,1,0.0,Bitel,0,0.0,Bitel,0,1.0,0.15324298826423333,1.0,0.75,1.0,80.56,COBERTURA ALTA,False,False
1507170051,LIMA,HUAROCHIRI,SAN BARTOLOME,SALCATUBE,RURAL,-11.93541,-76.50722,0.0,0.0,0.0,0.6437098726392885,0.0,0.0,0.0,0.9909526460496707,0.0,0.3753236374002684,0.0,0.0009627256142261547,0.0,0.0,0,0.8754444289680241,0,0.5950953552756506,0.0,0.6138212353803535,0,0.0,0.0,0.0,0.0,0.0,0.0,0.0,0.0,0.0,0.0,0.0,0.0,Bitel,0,0.6437098726392885,Bitel,0,0.0,Bitel,0,0.0,Bitel,0,1.0,0.35629012736071153,1.0,1.0,1.0,87.13,COBERTURA PARCIAL,False,False
1507170052,LIMA,HUAROCHIRI,SAN BARTOLOME,BARRANCALON,RURAL,-11.93846,-76.5096,0.0,0.0,0.0,0.1430821487351787,0.0,0.0,0.0,0.9874998637975849,0.02103245389158294,0.9999999968547731,0.0,0.02675215776208485,0.0,0.0,0,0.7257206308044535,0,0.2142577359992952,0.0,0.7116883480908239,0,0.0,0.0,0.0,0.0,0.0,0.0,0.0,0.0,0.0,0.0,0.0,0.0,Bitel,0,0.7116883480908239,Entel,0,0.0,Bitel,0,0.0,Bitel,0,1.0,0.28831165190917607,1.0,1.0,1.0,85.77,COBERTURA PARCIAL,False,False
1507170053,LIMA,HUAROCHIRI,SAN BARTOLOME,LLAUCALLA,RURAL,-11.94186,-76.51072,0.0,0.0,0.0,0.0,0.0,0.0,0.0,0.4650242899316096,0.8215313891960313,1.0,0.1187899363341454,0.7779263508579521,0.0,0.0,0,0.5544908218918824,0,0.0,0.0,0.6387069722095068,0,0.0,0.0,0.0,0.0,0.0,0.0,0.0,0.0,0.0,0.0,0.0,0.1187899363341454,Claro,0,0.7779263508579521,Claro,0,0.0,Bitel,0,0.0,Bitel,0,0.8812100636658546,0.22207364914204786,1.0,1.0,1.0,79.1,COBERTURA PARCIAL,False,False
1507170054,LIMA,HUAROCHIRI,SAN BARTOLOME,OTRA BANDA,RURAL,-11.91551,-76.52446,0.4393255078679429,0.7528866842311072,0.8593414606634674,0.9999997591801285,0.0,0.0,0.0,0.4964387995193692,0.0,0.2767564977047965,0.0,0.0,0.0,0.0,0,0.9999999923338517,0,0.9999999923338517,0.0,0.9999999923338518,0,0.0,0.0,0.0,0.0,0.0,0.0,0.9999999923338517,0.0,0.0,0.0,0.0,0.8593414606634674,Bitel,1,0.9999999923338518,Entel,3,0.0,Bitel,0,0.0,Bitel,0,0.1406585393365326,7.666148160723196e-09,1.0,0.25,1.0,33.83,COBERTURA ALTA,True,False
1507170055,LIMA,HUAROCHIRI,SAN BARTOLOME,SHICA,RURAL,-11.93978,-76.50754,0.0,0.0,0.0,0.0,0.0,0.0,0.0,0.7772400669297096,0.172124729585035,0.9869600977965802,0.0,0.3378211474096249,0.0,0.0,0,0.5584255707179091,0,0.3291232276006065,0.0,0.6888762990699515,0,0.0,0.0,0.0,0.0,0.0,0.0,0.0,0.0,0.0,0.0,0.0,0.0,Bitel,0,0.6888762990699515,Entel,0,0.0,Bitel,0,0.0,Bitel,0,1.0,0.3111237009300485,1.0,1.0,1.0,86.22,COBERTURA PARCIAL,False,False
1507180001,LIMA,HUAROCHIRI,SAN DAMIAN,SAN DAMIAN,URBANO,-12.01765,-76.39188,0.0,0.0,0.0,0.0,0.0,0.0,1.0,1.0,0.8618191535366709,1.0,0.3178436584237047,0.9940596537565669,0.0,0.0,0,0.0,0,0.0,0.0,0.0,0,0.0,1.0,1.0,0.0,0.0,0.0,0.0,0.0,0.0,0.0,0.0,0.3178436584237047,Claro,0,0.9940596537565669,Claro,1,0.0,Bitel,0,0.0,Bitel,0,0.6821563415762952,0.005940346243433092,1.0,0.75,0.0,53.32,COBERTURA ALTA,False,False
1507180002,LIMA,HUAROCHIRI,SAN DAMIAN,RECRICA,RURAL,-11.93778,-76.38681,0.0,0.0,0.0,0.0,0.0,0.0,0.0,0.0,0.0,0.0,0.0,0.0,0.0,0.0,0,0.0,0,0.0,0.0,0.0,0,0.0,0.0,0.0,0.0,0.0,0.0,0.0,0.0,0.0,0.0,0.0,0.0,Bitel,0,0.0,Bitel,0,0.0,Bitel,0,0.0,Bitel,0,1.0,1.0,1.0,1.0,1.0,100.0,BRECHA CRITICA,False,False
1507180003,LIMA,HUAROCHIRI,SAN DAMIAN,CHANAPE,RURAL,-11.93274,-76.28445,0.0,0.0,0.0,0.0,0.0,0.0,0.0,0.0,0.0,0.0,0.0,0.0,0.0,0.0,0,0.0,0,0.0,0.0,0.0,0,0.0,0.0,0.0,0.0,0.0,0.0,0.0,0.0,0.0,0.0,0.0,0.0,Bitel,0,0.0,Bitel,0,0.0,Bitel,0,0.0,Bitel,0,1.0,1.0,1.0,1.0,1.0,100.0,BRECHA CRITICA,False,False
1507180004,LIMA,HUAROCHIRI,SAN DAMIAN,HUARASCANCHA,RURAL,-11.95025,-76.27673,0.0,0.0,0.0,0.0,0.0,0.0,0.0,0.0,0.0,0.0,0.0,0.0,0.0,0.0,0,0.0,0,0.0,0.0,0.0,0,0.0,0.0,0.0,0.0,0.0,0.0,0.0,0.0,0.0,0.0,0.0,0.0,Bitel,0,0.0,Bitel,0,0.0,Bitel,0,0.0,Bitel,0,1.0,1.0,1.0,1.0,1.0,100.0,BRECHA CRITICA,False,False
1507180005,LIMA,HUAROCHIRI,SAN DAMIAN,PUMAMAZA,RURAL,-11.94777,-76.34637,0.0,0.0,0.0,0.0,0.0,0.0,0.0,0.0,0.0,0.0,0.0,0.0,0.0,0.0,0,0.0,0,0.0,0.0,0.0,0,0.0,0.0,0.0,0.0,0.0,0.0,0.0,0.0,0.0,0.0,0.0,0.0,Bitel,0,0.0,Bitel,0,0.0,Bitel,0,0.0,Bitel,0,1.0,1.0,1.0,1.0,1.0,100.0,BRECHA CRITICA,False,False
1507180006,LIMA,HUAROCHIRI,SAN DAMIAN,HUALLAURURI,RURAL,-11.97644,-76.32979,0.0,0.0,0.0,0.0,0.0,0.0,0.0,0.0,0.0,0.0,0.0,0.0,0.0,0.0,0,0.0,0,0.0,0.0,0.0,0,0.0,0.0,0.0,0.0,0.0,0.0,0.0,0.0,0.0,0.0,0.0,0.0,Bitel,0,0.0,Bitel,0,0.0,Bitel,0,0.0,Bitel,0,1.0,1.0,1.0,1.0,1.0,100.0,BRECHA CRITICA,False,False
1507180007,LIMA,HUAROCHIRI,SAN DAMIAN,COMPUNCO,RURAL,-11.97953,-76.33579,0.0,0.0,0.0,0.0,0.0,0.0,0.0,0.0,0.0,0.0,0.0,0.0,0.0,0.0,0,0.0,0,0.0,0.0,0.0,0,0.0,0.0,0.0,0.0,0.0,0.0,0.0,0.0,0.0,0.0,0.0,0.0,Bitel,0,0.0,Bitel,0,0.0,Bitel,0,0.0,Bitel,0,1.0,1.0,1.0,1.0,1.0,100.0,BRECHA CRITICA,False,False
1507180008,LIMA,HUAROCHIRI,SAN DAMIAN,CANTAGA,RURAL,-11.96263,-76.38258,0.0,0.0,0.0,0.0,0.0,0.0,0.0,0.05720948270634781,0.0,0.02305069585797424,0.0,0.00863710316283935,0.0,0.0,0,0.0,0,0.0,0.0,0.0,0,0.0,0.0,0.0,0.0,0.0,0.0,0.0,0.0,0.0,0.0,0.0,0.0,Bitel,0,0.00863710316283935,Claro,0,0.0,Bitel,0,0.0,Bitel,0,1.0,0.9913628968371606,1.0,1.0,1.0,99.83,BRECHA CRITICA,False,False
1507180009,LIMA,HUAROCHIRI,SAN DAMIAN,PALIA,RURAL,-11.94732,-76.359,0.0,0.0,0.0,0.0,0.0,0.0,0.0,0.0,0.0,0.0,0.0,0.0,0.0,0.0,0,0.0,0,0.0,0.0,0.0,0,0.0,0.0,0.0,0.0,0.0,0.0,0.0,0.0,0.0,0.0,0.0,0.0,Bitel,0,0.0,Bitel,0,0.0,Bitel,0,0.0,Bitel,0,1.0,1.0,1.0,1.0,1.0,100.0,BRECHA CRITICA,False,False
1507180011,LIMA,HUAROCHIRI,SAN DAMIAN,CHALILLA,RURAL,-11.96021,-76.38626,0.0,0.0,0.0,0.0,0.0,0.0,0.0,0.5315512555373095,0.0,0.329205203008725,0.0,0.06918066820340582,0.0,0.0,0,0.0,0,0.0,0.0,0.0,0,0.0,0.0,0.0,0.0,0.0,0.0,0.0,0.0,0.0,0.0,0.0,0.0,Bitel,0,0.06918066820340582,Claro,0,0.0,Bitel,0,0.0,Bitel,0,1.0,0.9308193317965942,1.0,1.0,1.0,98.62,BRECHA CRITICA,False,False
1507180012,LIMA,HUAROCHIRI,SAN DAMIAN,SAN MARCELO,RURAL,-11.96294,-76.37611,0.0,0.0,0.0,0.0,0.0,0.0,0.0,0.0,0.0,0.0,0.0,0.0,0.0,0.0,0,0.0,0,0.0,0.0,0.0,0,0.0,0.0,0.0,0.0,0.0,0.0,0.0,0.0,0.0,0.0,0.0,0.0,Bitel,0,0.0,Bitel,0,0.0,Bitel,0,0.0,Bitel,0,1.0,1.0,1.0,1.0,1.0,100.0,BRECHA CRITICA,False,False
1507180013,LIMA,HUAROCHIRI,SAN DAMIAN,CHAUCHIQUILA,RURAL,-11.96957,-76.3589,0.0,0.0,0.0,0.0,0.0,0.0,0.0,0.5517810711511206,0.0,0.2685461847218993,0.0,0.0,0.0,0.0,0,0.0,0,0.0,0.0,0.0,0,0.0,0.0,0.0,0.0,0.0,0.0,0.0,0.0,0.0,0.0,0.0,0.0,Bitel,0,0.0,Bitel,0,0.0,Bitel,0,0.0,Bitel,0,1.0,1.0,1.0,1.0,1.0,100.0,BRECHA CRITICA,False,False
1507180014,LIMA,HUAROCHIRI,SAN DAMIAN,TAMPUCANCHI,RURAL,-11.97579,-76.34337,0.0,0.0,0.0,0.0,0.0,0.0,0.0,0.0,0.0,0.0,0.0,0.0,0.0,0.0,0,0.0,0,0.0,0.0,0.0,0,0.0,0.0,0.0,0.0,0.0,0.0,0.0,0.0,0.0,0.0,0.0,0.0,Bitel,0,0.0,Bitel,0,0.0,Bitel,0,0.0,Bitel,0,1.0,1.0,1.0,1.0,1.0,100.0,BRECHA CRITICA,False,False
1507180015,LIMA,HUAROCHIRI,SAN DAMIAN,PIEDRA LEON,RURAL,-11.97034,-76.31008,0.0,0.0,0.0,0.0,0.0,0.0,0.0,0.0,0.0,0.0,0.0,0.0,0.0,0.0,0,0.0,0,0.0,0.0,0.0,0,0.0,0.0,0.0,0.0,0.0,0.0,0.0,0.0,0.0,0.0,0.0,0.0,Bitel,0,0.0,Bitel,0,0.0,Bitel,0,0.0,Bitel,0,1.0,1.0,1.0,1.0,1.0,100.0,BRECHA CRITICA,False,False
1507180016,LIMA,HUAROCHIRI,SAN DAMIAN,PICHCAMARCA,RURAL,-11.96789,-76.29913,0.0,0.0,0.0,0.0,0.0,0.0,0.0,0.0,0.0,0.0,0.0,0.0,0.0,0.0,0,0.0,0,0.0,0.0,0.0,0,0.0,0.0,0.0,0.0,0.0,0.0,0.0,0.0,0.0,0.0,0.0,0.0,Bitel,0,0.0,Bitel,0,0.0,Bitel,0,0.0,Bitel,0,1.0,1.0,1.0,1.0,1.0,100.0,BRECHA CRITICA,False,False
1507180017,LIMA,HUAROCHIRI,SAN DAMIAN,SACALLANA,RURAL,-11.97078,-76.34324,0.0,0.0,0.0,0.0,0.0,0.0,0.0,0.0,0.0,0.0,0.0,0.0,0.0,0.0,0,0.0,0,0.0,0.0,0.0,0,0.0,0.0,0.0,0.0,0.0,0.0,0.0,0.0,0.0,0.0,0.0,0.0,Bitel,0,0.0,Bitel,0,0.0,Bitel,0,0.0,Bitel,0,1.0,1.0,1.0,1.0,1.0,100.0,BRECHA CRITICA,False,False
1507180018,LIMA,HUAROCHIRI,SAN DAMIAN,PICACHAHURE,RURAL,-11.97614,-76.32562,0.0,0.0,0.0,0.0,0.0,0.0,0.0,0.0,0.0,0.0,0.0,0.0,0.0,0.0,0,0.0,0,0.0,0.0,0.0,0,0.0,0.0,0.0,0.0,0.0,0.0,0.0,0.0,0.0,0.0,0.0,0.0,Bitel,0,0.0,Bitel,0,0.0,Bitel,0,0.0,Bitel,0,1.0,1.0,1.0,1.0,1.0,100.0,BRECHA CRITICA,False,False
1507180019,LIMA,HUAROCHIRI,SAN DAMIAN,SHISHICANCHI,RURAL,-11.96481,-76.3734,0.0,0.0,0.0,0.0,0.0,0.0,0.0,0.002203015621893054,0.0,0.0,0.0,0.0,0.0,0.0,0,0.0,0,0.0,0.0,0.0,0,0.0,0.0,0.0,0.0,0.0,0.0,0.0,0.0,0.0,0.0,0.0,0.0,Bitel,0,0.0,Bitel,0,0.0,Bitel,0,0.0,Bitel,0,1.0,1.0,1.0,1.0,1.0,100.0,BRECHA CRITICA,False,False
1507180020,LIMA,HUAROCHIRI,SAN DAMIAN,ARHUARA,RURAL,-11.97684,-76.35321,0.0,0.0,0.0,0.0,0.0,0.0,0.0,0.0,0.0,0.0,0.0,0.0,0.0,0.0,0,0.0,0,0.0,0.0,0.0,0,0.0,0.0,0.0,0.0,0.0,0.0,0.0,0.0,0.0,0.0,0.0,0.0,Bitel,0,0.0,Bitel,0,0.0,Bitel,0,0.0,Bitel,0,1.0,1.0,1.0,1.0,1.0,100.0,BRECHA CRITICA,False,False
1507180021,LIMA,HUAROCHIRI,SAN DAMIAN,SHAJSHA,RURAL,-11.97524,-76.36707,0.0,0.0,0.0,0.0,0.0,0.0,0.0,0.9377063410086278,0.0,0.4382699833292223,0.0,0.149695156289739,0.0,0.0,0,0.0,0,0.0,0.0,0.0,0,0.0,0.0,0.0,0.0,0.0,0.0,0.0,0.0,0.0,0.0,0.0,0.0,Bitel,0,0.149695156289739,Claro,0,0.0,Bitel,0,0.0,Bitel,0,1.0,0.8503048437102609,1.0,1.0,1.0,97.01,BRECHA CRITICA,False,False
1507180022,LIMA,HUAROCHIRI,SAN DAMIAN,EUQUIPA,RURAL,-11.97351,-76.38598,0.0,0.0,0.0,0.0,0.0,0.0,0.0,0.2306206788260507,0.0,0.1645299090672907,0.0,0.0003560008211122446,0.0,0.0,0,0.0,0,0.0,0.0,0.0,0,0.0,0.0,0.09311614277735318,0.0,0.0,0.0,0.0,0.0,0.0,0.0,0.0,0.0,Bitel,0,0.0003560008211122446,Claro,0,0.0,Bitel,0,0.0,Bitel,0,1.0,0.9996439991788878,1.0,1.0,1.0,99.99,BRECHA CRITICA,False,False
1507180023,LIMA,HUAROCHIRI,SAN DAMIAN,CHUTUHUARACA,RURAL,-11.97549,-76.36701,0.0,0.0,0.0,0.0,0.0,0.0,0.0,0.8823824976017047,0.0,0.3579141131136184,0.0,0.1195346960109715,0.0,0.0,0,0.0,0,0.0,0.0,0.0,0,0.0,0.0,0.0,0.0,0.0,0.0,0.0,0.0,0.0,0.0,0.0,0.0,Bitel,0,0.1195346960109715,Claro,0,0.0,Bitel,0,0.0,Bitel,0,1.0,0.8804653039890284,1.0,1.0,1.0,97.61,BRECHA CRITICA,False,False
1507180024,LIMA,HUAROCHIRI,SAN DAMIAN,ORCULLA,RURAL,-11.97581,-76.38638,0.0,0.0,0.0,0.0,0.0,0.0,0.0,0.7574473416297424,0.0,0.7008016887233283,0.0,0.3087359069396859,0.0,0.0,0,0.0,0,0.0,0.0,0.0,0,0.0,0.0,0.405989785561241,0.0,0.0,0.0,0.0,0.0,0.0,0.0,0.0,0.0,Bitel,0,0.3087359069396859,Claro,0,0.0,Bitel,0,0.0,Bitel,0,1.0,0.6912640930603141,1.0,1.0,1.0,93.83,COBERTURA PARCIAL,False,False
1507180025,LIMA,HUAROCHIRI,SAN DAMIAN,CATAVILLA,RURAL,-11.97404,-76.3964,0.0,0.0,0.0,0.0,0.0,0.0,0.0,0.999510059965876,0.0,0.5459725158582142,0.0,0.0988518217861739,0.0,0.0,0,0.0,0,0.0,0.0,0.0,0,0.0,0.0,0.0706989833723391,0.0,0.0,0.0,0.0,0.0,0.0,0.0,0.0,0.0,Bitel,0,0.0988518217861739,Claro,0,0.0,Bitel,0,0.0,Bitel,0,1.0,0.9011481782138261,1.0,1.0,1.0,98.02,BRECHA CRITICA,False,False
1507180026,LIMA,HUAROCHIRI,SAN DAMIAN,TAUCATA,RURAL,-11.97762,-76.3751,0.0,0.0,0.0,0.0,0.0,0.0,0.0,1.0,0.0,0.8287871394792149,0.0,0.265057970202281,0.0,0.0,0,0.0,0,0.0,0.0,0.0,0,0.0,0.0,0.0,0.0,0.0,0.0,0.0,0.0,0.0,0.0,0.0,0.0,Bitel,0,0.265057970202281,Claro,0,0.0,Bitel,0,0.0,Bitel,0,1.0,0.7349420297977189,1.0,1.0,1.0,94.7,COBERTURA PARCIAL,False,False
1507180027,LIMA,HUAROCHIRI,SAN DAMIAN,PANCAURURE,RURAL,-11.9794,-76.36136,0.0,0.0,0.0,0.0,0.0,0.0,0.0,0.0,0.0,0.0,0.0,0.0,0.0,0.0,0,0.0,0,0.0,0.0,0.0,0,0.0,0.0,0.0,0.0,0.0,0.0,0.0,0.0,0.0,0.0,0.0,0.0,Bitel,0,0.0,Bitel,0,0.0,Bitel,0,0.0,Bitel,0,1.0,1.0,1.0,1.0,1.0,100.0,BRECHA CRITICA,False,False
1507180028,LIMA,HUAROCHIRI,SAN DAMIAN,CHAUCALLA (CHAUCALLE),RURAL,-11.97678,-76.36142,0.0,0.0,0.0,0.0,0.0,0.0,0.0,0.0,0.0,0.0,0.0,0.0,0.0,0.0,0,0.0,0,0.0,0.0,0.0,0,0.0,0.0,0.0,0.0,0.0,0.0,0.0,0.0,0.0,0.0,0.0,0.0,Bitel,0,0.0,Bitel,0,0.0,Bitel,0,0.0,Bitel,0,1.0,1.0,1.0,1.0,1.0,100.0,BRECHA CRITICA,False,False
1507180029,LIMA,HUAROCHIRI,SAN DAMIAN,CUEVACEL,RURAL,-11.97204,-76.34555,0.0,0.0,0.0,0.0,0.0,0.0,0.0,0.0,0.0,0.0,0.0,0.0,0.0,0.0,0,0.0,0,0.0,0.0,0.0,0,0.0,0.0,0.0,0.0,0.0,0.0,0.0,0.0,0.0,0.0,0.0,0.0,Bitel,0,0.0,Bitel,0,0.0,Bitel,0,0.0,Bitel,0,1.0,1.0,1.0,1.0,1.0,100.0,BRECHA CRITICA,False,False
1507180030,LIMA,HUAROCHIRI,SAN DAMIAN,SALAPUCRO,RURAL,-11.97902,-76.36805,0.0,0.0,0.0,0.0,0.0,0.0,0.0,0.2391365888094347,0.0,0.0,0.0,0.0,0.0,0.0,0,0.0,0,0.0,0.0,0.0,0,0.0,0.0,0.0,0.0,0.0,0.0,0.0,0.0,0.0,0.0,0.0,0.0,Bitel,0,0.0,Bitel,0,0.0,Bitel,0,0.0,Bitel,0,1.0,1.0,1.0,1.0,1.0,100.0,BRECHA CRITICA,False,False
1507180031,LIMA,HUAROCHIRI,SAN DAMIAN,CACHIGOSA,RURAL,-11.98139,-76.36764,0.0,0.0,0.0,0.0,0.0,0.0,0.0,0.06238761834262169,0.0,0.0,0.0,0.0,0.0,0.0,0,0.0,0,0.0,0.0,0.0,0,0.0,0.0,0.0,0.0,0.0,0.0,0.0,0.0,0.0,0.0,0.0,0.0,Bitel,0,0.0,Bitel,0,0.0,Bitel,0,0.0,Bitel,0,1.0,1.0,1.0,1.0,1.0,100.0,BRECHA CRITICA,False,False
1507180032,LIMA,HUAROCHIRI,SAN DAMIAN,CUNCHUPUNCO,RURAL,-11.98237,-76.37334,0.0,0.0,0.0,0.0,0.0,0.0,0.0,0.2473460843684993,0.0,0.0,0.0,0.0,0.0,0.0,0,0.0,0,0.0,0.0,0.0,0,0.0,0.0,0.0,0.0,0.0,0.0,0.0,0.0,0.0,0.0,0.0,0.0,Bitel,0,0.0,Bitel,0,0.0,Bitel,0,0.0,Bitel,0,1.0,1.0,1.0,1.0,1.0,100.0,BRECHA CRITICA,False,False
1507180033,LIMA,HUAROCHIRI,SAN DAMIAN,TAQUIA,RURAL,-11.9824,-76.37323,0.0,0.0,0.0,0.0,0.0,0.0,0.0,0.2293060599898613,0.0,0.0,0.0,0.0,0.0,0.0,0,0.0,0,0.0,0.0,0.0,0,0.0,0.0,0.0,0.0,0.0,0.0,0.0,0.0,0.0,0.0,0.0,0.0,Bitel,0,0.0,Bitel,0,0.0,Bitel,0,0.0,Bitel,0,1.0,1.0,1.0,1.0,1.0,100.0,BRECHA CRITICA,False,False
1507180034,LIMA,HUAROCHIRI,SAN DAMIAN,HUATA CANCHI,RURAL,-11.98083,-76.39073,0.0,0.0,0.0,0.0,0.0,0.0,0.0,0.9966825673673531,0.0,0.966944650071251,0.0,0.7183075249303438,0.0,0.0,0,0.0,0,0.0,0.0,0.0,0,0.0,0.0,0.4075175593144975,0.0,0.0,0.0,0.0,0.0,0.0,0.0,0.0,0.0,Bitel,0,0.7183075249303438,Claro,0,0.0,Bitel,0,0.0,Bitel,0,1.0,0.2816924750696562,1.0,1.0,1.0,85.63,COBERTURA PARCIAL,False,False
1507180035,LIMA,HUAROCHIRI,SAN DAMIAN,TAGALSICA,RURAL,-11.98999,-76.40204,0.0,0.0,0.0,0.0,0.0,0.0,0.0,0.999885298972863,0.0,0.9174884721395667,0.0,0.2420894106234309,0.0,0.0,0,0.0,0,0.0,0.0,0.0,0,0.0,0.0,1.0,0.0,0.0,0.0,0.0,0.0,0.0,0.0,0.0,0.0,Bitel,0,0.2420894106234309,Claro,0,0.0,Bitel,0,0.0,Bitel,0,1.0,0.7579105893765691,1.0,1.0,1.0,95.16,COBERTURA PARCIAL,False,False
1507180036,LIMA,HUAROCHIRI,SAN DAMIAN,QUILQUICHACA,RURAL,-11.99323,-76.3987,0.0,0.0,0.0,0.0,0.0,0.0,0.0,0.9657313136491935,0.0,0.5930291328207398,0.0,0.1936656438854804,0.0,0.0,0,0.0,0,0.0,0.0,0.0,0,0.0,0.0,0.9933808122122567,0.0,0.0,0.0,0.0,0.0,0.0,0.0,0.0,0.0,Bitel,0,0.1936656438854804,Claro,0,0.0,Bitel,0,0.0,Bitel,0,1.0,0.8063343561145195,1.0,1.0,1.0,96.13,BRECHA CRITICA,False,False
1507180037,LIMA,HUAROCHIRI,SAN DAMIAN,CHINCHILLA,RURAL,-11.98999,-76.39023,0.0,0.0,0.0,0.0,0.0,0.0,0.0,0.5969469020714522,0.0,0.03993305559370157,0.0,0.0,0.0,0.0,0,0.0,0,0.0,0.0,0.0,0,0.0,0.0,0.0,0.0,0.0,0.0,0.0,0.0,0.0,0.0,0.0,0.0,Bitel,0,0.0,Bitel,0,0.0,Bitel,0,0.0,Bitel,0,1.0,1.0,1.0,1.0,1.0,100.0,BRECHA CRITICA,False,False
1507180038,LIMA,HUAROCHIRI,SAN DAMIAN,LA CHABANA (LABANA),RURAL,-11.98636,-76.38626,0.0,0.0,0.0,0.0,0.0,0.0,0.0,0.8046377671610616,0.0,0.2250098686664275,0.0,0.06690079671512994,0.0,0.0,0,0.0,0,0.0,0.0,0.0,0,0.0,0.0,0.0,0.0,0.0,0.0,0.0,0.0,0.0,0.0,0.0,0.0,Bitel,0,0.06690079671512994,Claro,0,0.0,Bitel,0,0.0,Bitel,0,1.0,0.9330992032848701,1.0,1.0,1.0,98.66,BRECHA CRITICA,False,False
1507180039,LIMA,HUAROCHIRI,SAN DAMIAN,LLACRATAMBO,RURAL,-11.99009,-76.39024,0.0,0.0,0.0,0.0,0.0,0.0,0.0,0.5928888161533338,0.0,0.03628921195452563,0.0,0.0,0.0,0.0,0,0.0,0,0.0,0.0,0.0,0,0.0,0.0,0.0,0.0,0.0,0.0,0.0,0.0,0.0,0.0,0.0,0.0,Bitel,0,0.0,Bitel,0,0.0,Bitel,0,0.0,Bitel,0,1.0,1.0,1.0,1.0,1.0,100.0,BRECHA CRITICA,False,False
1507180040,LIMA,HUAROCHIRI,SAN DAMIAN,YAMATE QUILQUICHACA (YAMATE),RURAL,-11.97402,-76.39638,0.0,0.0,0.0,0.0,0.0,0.0,0.0,0.9988334889013162,0.0,0.5494096218380806,0.0,0.1028869361777244,0.0,0.0,0,0.0,0,0.0,0.0,0.0,0,0.0,0.0,0.0674106511320333,0.0,0.0,0.0,0.0,0.0,0.0,0.0,0.0,0.0,Bitel,0,0.1028869361777244,Claro,0,0.0,Bitel,0,0.0,Bitel,0,1.0,0.8971130638222756,1.0,1.0,1.0,97.94,BRECHA CRITICA,False,False
1507180041,LIMA,HUAROCHIRI,SAN DAMIAN,MALAYPUNCO,RURAL,-11.99142,-76.40726,0.0,0.0,0.0,0.0,0.0,0.0,0.0,0.9902872535968904,0.0,0.6919384893206482,0.0,0.4323709655803348,0.0,0.0,0,0.0,0,0.0,0.0,0.0,0,0.0,0.0,1.0,0.0,0.0,0.0,0.0,0.0,0.0,0.0,0.0,0.0,Bitel,0,0.4323709655803348,Claro,0,0.0,Bitel,0,0.0,Bitel,0,1.0,0.5676290344196653,1.0,1.0,1.0,91.35,COBERTURA PARCIAL,False,False
1507180042,LIMA,HUAROCHIRI,SAN DAMIAN,PIEDRA TORO,RURAL,-11.99439,-76.38717,0.0,0.0,0.0,0.0,0.0,0.0,0.007454965191278536,0.8852663318801278,0.0,0.7430875978340578,0.0,0.4012912398487492,0.0,0.0,0,0.0,0,0.0,0.0,0.0,0,0.0,0.0,0.3996461199187556,0.0,0.0,0.0,0.0,0.0,0.0,0.0,0.0,0.0,Bitel,0,0.4012912398487492,Claro,0,0.0,Bitel,0,0.0,Bitel,0,1.0,0.5987087601512509,1.0,1.0,1.0,91.97,COBERTURA PARCIAL,False,False
1507180043,LIMA,HUAROCHIRI,SAN DAMIAN,SHICA CHICA,RURAL,-12.00267,-76.38546,0.0,0.0,0.0,0.0,0.0,0.0,0.374266628801632,1.0,0.0,1.0,0.0,0.9391086917794131,0.0,0.0,0,0.0,0,0.0,0.0,0.0,0,0.0,0.0,0.518010479224373,0.0,0.0,0.0,0.0,0.0,0.0,0.0,0.0,0.0,Bitel,0,0.9391086917794131,Claro,1,0.0,Bitel,0,0.0,Bitel,0,1.0,0.06089130822058686,1.0,0.75,1.0,78.72,COBERTURA ALTA,False,False
1507180044,LIMA,HUAROCHIRI,SAN DAMIAN,SANTA ROSA,RURAL,-12.00139,-76.40143,0.0,0.0,0.0,0.0,0.0,0.0,0.0,0.8931786184063244,0.0,0.5184300968145263,0.0,0.001069380841221337,0.0,0.0,0,0.0,0,0.0,0.0,0.0,0,0.0,4.609534421949693e-05,0.9999999990084572,0.0,0.0,0.0,0.0,0.0,0.0,0.0,0.0,0.0,Bitel,0,0.001069380841221337,Claro,0,0.0,Bitel,0,0.0,Bitel,0,1.0,0.9989306191587787,1.0,1.0,1.0,99.98,BRECHA CRITICA,False,False
1507180045,LIMA,HUAROCHIRI,SAN DAMIAN,ÑIQUITA,RURAL,-12.00031,-76.4024,0.0,0.0,0.0,0.0,0.0,0.0,0.0,0.9334951771579311,0.0,0.478387723511256,0.0,0.0008007888938873296,0.0,0.0,0,0.0,0,0.0,0.0,0.0,0,0.0,0.0,1.0,0.0,0.0,0.0,0.0,0.0,0.0,0.0,0.0,0.0,Bitel,0,0.0008007888938873296,Claro,0,0.0,Bitel,0,0.0,Bitel,0,1.0,0.9991992111061127,1.0,1.0,1.0,99.98,BRECHA CRITICA,False,False
1507180046,LIMA,HUAROCHIRI,SAN DAMIAN,CHOGA,RURAL,-12.00879,-76.40524,0.0,0.0,0.0,0.0,0.0,0.0,0.7053446270378385,0.9999999966917956,0.0,0.9999999966918027,0.0,0.7104975194144986,0.0,0.0,0,0.0,0,0.0,0.0,0.0,0,0.0,0.7632577223127895,0.9999999966916211,0.0,0.0,0.0,0.0,0.0,0.0,0.0,0.0,0.0,Bitel,0,0.7104975194144986,Claro,0,0.0,Bitel,0,0.0,Bitel,0,1.0,0.28950248058550143,1.0,1.0,1.0,85.79,COBERTURA PARCIAL,False,False
1507180047,LIMA,HUAROCHIRI,SAN DAMIAN,QUISERHUAYQUI,RURAL,-12.01254,-76.38824,0.0,0.0,0.0,0.0,0.0,0.0,0.7688464527151636,1.0,0.0,1.0,0.0,0.8810710395714639,0.0,0.0,0,0.0,0,0.0,0.0,0.0,0,0.0,0.5930988990966215,1.0,0.0,0.0,0.0,0.0,0.0,0.0,0.0,0.0,0.0,Bitel,0,0.8810710395714639,Claro,1,0.0,Bitel,0,0.0,Bitel,0,1.0,0.11892896042853607,1.0,0.75,1.0,79.88,COBERTURA ALTA,False,False
1507180048,LIMA,HUAROCHIRI,SAN DAMIAN,OSHUNA (OSUNA),RURAL,-12.01315,-76.38573,0.0,0.0,0.0,0.0,0.0,0.0,0.930758832142451,1.0,0.0,1.0,0.0,0.948299968478885,0.0,0.0,0,0.0,0,0.0,0.0,0.0,0,0.0,0.10665149823084,1.0,0.0,0.0,0.0,0.0,0.0,0.0,0.0,0.0,0.0,Bitel,0,0.948299968478885,Claro,1,0.0,Bitel,0,0.0,Bitel,0,1.0,0.05170003152111502,1.0,0.75,1.0,78.53,COBERTURA ALTA,False,False
1507180049,LIMA,HUAROCHIRI,SAN DAMIAN,CHUBARACA,RURAL,-12.01522,-76.3933,0.0,0.0,0.0,0.0,0.0,0.0,0.9508578879680964,0.9999999941223453,0.2961613634463992,0.9999999941221445,0.003336495256693423,0.9459390168201871,0.0,0.0,0,0.0,0,0.0,0.0,0.0,0,0.0,0.9247826230782898,0.9999999941220052,0.0,0.0,0.0,0.0,0.0,0.0,0.0,0.0,0.003336495256693423,Claro,0,0.9459390168201871,Claro,1,0.0,Bitel,0,0.0,Bitel,0,0.9966635047433066,0.054060983179812894,1.0,0.75,1.0,78.43,COBERTURA ALTA,False,False
1507180050,LIMA,HUAROCHIRI,SAN DAMIAN,MASCHACRA,RURAL,-12.02279,-76.3879,0.0,0.0,0.0,0.0,0.0,0.0,0.7755331233766537,1.0,0.0,1.0,0.0,0.7020058315719897,0.0,0.0,0,0.0,0,0.0,0.0,0.0,0,0.0,0.9606891966826688,1.0,0.0,0.0,0.0,0.0,0.0,0.0,0.0,0.0,0.0,Bitel,0,0.7020058315719897,Claro,0,0.0,Bitel,0,0.0,Bitel,0,1.0,0.2979941684280103,1.0,1.0,1.0,85.96,COBERTURA PARCIAL,False,False
1507180051,LIMA,HUAROCHIRI,SAN DAMIAN,MITO PAMPA,RURAL,-12.01694,-76.40324,0.0,0.0,0.0,0.0,0.0,0.0,0.0,0.9999999959539484,0.0,0.9999999959539488,0.0,0.08044699440745358,0.0,0.0,0,0.0,0,0.0,0.0,0.0,0,0.0,0.1398322982637478,0.9999999959542141,0.0,0.0,0.0,0.0,0.0,0.0,0.0,0.0,0.0,Bitel,0,0.08044699440745358,Claro,0,0.0,Bitel,0,0.0,Bitel,0,1.0,0.9195530055925464,1.0,1.0,1.0,98.39,BRECHA CRITICA,False,False
1507180052,LIMA,HUAROCHIRI,SAN DAMIAN,YANASERI,RURAL,-12.02015,-76.42248,0.0,0.0,0.0,0.0,0.0,0.0,0.9391752843797376,0.9999999990175849,0.0,0.9999999990173724,0.0,0.9999999990173726,0.0,0.0,0,0.0,0,0.0,0.0,0.0,0,0.0,0.0,0.9997266346931013,0.0,0.0,0.0,0.0,0.0,0.0,0.0,0.0,0.0,Bitel,0,0.9999999990173726,Claro,1,0.0,Bitel,0,0.0,Bitel,0,1.0,9.82627423873339e-10,1.0,0.75,1.0,77.5,COBERTURA ALTA,False,False
1507180053,LIMA,HUAROCHIRI,SAN DAMIAN,PAHUAYQUE,RURAL,-12.03734,-76.42702,0.0,0.0,0.0,0.0,0.0,0.0,0.9999999944954876,0.9999999944954912,0.0,0.9999999944953313,0.0,0.9999999944954876,0.0,0.0,0,0.0,0,0.0,0.0,0.0,0,0.0,0.0,0.9999999944954875,0.0,0.0,0.0,0.0,0.0,0.0,0.0,0.0,0.0,Bitel,0,0.9999999944954876,Claro,1,0.0,Bitel,0,0.0,Bitel,0,1.0,5.504512401444117e-09,1.0,0.75,1.0,77.5,COBERTURA ALTA,False,False
1507180054,LIMA,HUAROCHIRI,SAN DAMIAN,PUCHAPUCHA,RURAL,-12.04084,-76.42552,0.0,0.0,0.0,0.0,0.0,0.0,0.9268159197640106,1.0,0.0,1.0,0.0,0.9427330407262303,0.0,0.0,0,0.0,0,0.0,0.0,0.0,0,0.0,0.003310090527117111,1.0,0.0,0.0,0.0,0.0,0.0,0.0,0.0,0.0,0.0,Bitel,0,0.9427330407262303,Claro,1,0.0,Bitel,0,0.0,Bitel,0,1.0,0.05726695927376968,1.0,0.75,1.0,78.65,COBERTURA ALTA,False,False
1507180055,LIMA,HUAROCHIRI,SAN DAMIAN,SANQUE,RURAL,-12.05023,-76.41756,0.0,0.0,0.0,0.0,0.0,0.0,0.0,0.9869602174498195,0.0,0.6328242712564187,0.0,0.1830804756852095,0.0,0.0,0,0.0,0,0.0,0.0,0.0,0,0.0,0.0004588075021701462,0.9387816296201329,0.0,0.0,0.0,0.0,0.0,0.0,0.0,0.0,0.0,Bitel,0,0.1830804756852095,Claro,0,0.0,Bitel,0,0.0,Bitel,0,1.0,0.8169195243147905,1.0,1.0,1.0,96.34,BRECHA CRITICA,False,False
1507180056,LIMA,HUAROCHIRI,SAN DAMIAN,CONCHASICA,RURAL,-12.03949,-76.38066,0.0,0.03243179495505674,0.0,0.0,0.0,0.0,0.0,0.982871657517275,0.0,0.673644895553207,0.0,0.0,0.0,0.0,0,0.0,0,0.0,0.0,0.0,0,0.0,0.0,0.5273967290087752,0.0,0.0,0.0,0.0,0.0,0.0,0.0,0.0,0.0,Bitel,0,0.0,Bitel,0,0.0,Bitel,0,0.0,Bitel,0,1.0,1.0,1.0,1.0,1.0,100.0,BRECHA CRITICA,False,False
1507180057,LIMA,HUAROCHIRI,SAN DAMIAN,SANTA CATALINA,RURAL,-12.05042,-76.3987,0.0,0.0001926134346122533,0.0,0.0001926134346122533,0.0,0.0,0.0,0.5570058159653098,0.0,0.05875815090227711,0.0,0.0,0.0,0.0,0,0.0,0,0.0,0.0,0.0,0,0.0,0.0,0.0,0.0,0.0,0.0,0.0,0.0,0.0,0.0,0.0,0.0,Bitel,0,0.0001926134346122533,Bitel,0,0.0,Bitel,0,0.0,Bitel,0,1.0,0.9998073865653877,1.0,1.0,1.0,100.0,BRECHA CRITICA,False,False
1507180058,LIMA,HUAROCHIRI,SAN DAMIAN,TINGO,RURAL,-12.05175,-76.41571,0.0,0.0,0.0,0.0,0.0,0.0,0.0,0.6178955221268303,0.0,0.1201928180566534,0.0,0.0,0.0,0.0,0,0.0,0,0.0,0.0,0.0,0,0.0,0.0,0.7489093788024193,0.0,0.0,0.0,0.0,0.0,0.0,0.0,0.0,0.0,Bitel,0,0.0,Bitel,0,0.0,Bitel,0,0.0,Bitel,0,1.0,1.0,1.0,1.0,1.0,100.0,BRECHA CRITICA,False,False
1507180059,LIMA,HUAROCHIRI,SAN DAMIAN,SUNICANCHA,URBANO,-12.04713,-76.37458,0.9999999573163443,0.9999999573163445,0.9864245191997606,0.9999999573163445,0.0,0.0,0.0,0.3494456070276106,0.0,0.02401424518879093,0.0,0.0,0.0,0.0,0,0.0,0,0.0,0.0,0.0,0,0.0,0.0,0.0,0.0,0.0,0.0,0.0,0.0,0.0,0.0,0.0,0.9864245191997606,Bitel,1,0.9999999573163445,Bitel,1,0.0,Bitel,0,0.0,Bitel,0,0.013575480800239403,4.2683655498976236e-08,1.0,0.75,0.0,23.11,COBERTURA ALTA,True,False
1507180060,LIMA,HUAROCHIRI,SAN DAMIAN,BOLICHE,RURAL,-12.0394,-76.38068,0.0,0.01807277690532024,0.0,0.0,0.0,0.0,0.0,0.9867372029554511,0.0,0.703472569303099,0.0,0.0,0.0,0.0,0,0.0,0,0.0,0.0,0.0,0,0.0,0.0,0.5553242130774958,0.0,0.0,0.0,0.0,0.0,0.0,0.0,0.0,0.0,Bitel,0,0.0,Bitel,0,0.0,Bitel,0,0.0,Bitel,0,1.0,1.0,1.0,1.0,1.0,100.0,BRECHA CRITICA,False,False
1507180061,LIMA,HUAROCHIRI,SAN DAMIAN,SHINSHO,RURAL,-12.05154,-76.37458,0.9151292969517326,1.0,0.8065007052130732,1.0,0.0,0.0,0.0,0.9646342631247907,0.0,0.2284081871745551,0.0,0.0,0.0,0.0,0,0.0,0,0.0,0.0,0.0,0,0.0,0.0,0.0,0.0,0.0,0.0,0.0,0.0,0.0,0.0,0.0,0.8065007052130732,Bitel,1,1.0,Bitel,1,0.0,Bitel,0,0.0,Bitel,0,0.19349929478692685,0.0,1.0,0.75,1.0,41.21,COBERTURA ALTA,True,False
1507180062,LIMA,HUAROCHIRI,SAN DAMIAN,PAMPACANCHE,RURAL,-11.93874,-76.3358,0.0,0.0,0.0,0.0,0.0,0.0,0.0,0.0,0.0,0.0,0.0,0.0,0.0,0.0,0,0.0,0,0.0,0.0,0.0,0,0.0,0.0,0.0,0.0,0.0,0.0,0.0,0.0,0.0,0.0,0.0,0.0,Bitel,0,0.0,Bitel,0,0.0,Bitel,0,0.0,Bitel,0,1.0,1.0,1.0,1.0,1.0,100.0,BRECHA CRITICA,False,False
1507180063,LIMA,HUAROCHIRI,SAN DAMIAN,DOS RIOS SUNICANCHA,RURAL,-12.04976,-76.35939,0.0,0.1577622794244581,0.0,0.09169174430024708,0.0,0.0,0.0,0.4169752891821724,0.0,0.07991159445581188,0.0,0.0,0.0,0.0,0,0.0,0,0.0,0.0,0.0,0,0.0,0.0,0.0,0.0,0.0,0.0,0.0,0.0,0.0,0.0,0.0,0.0,Bitel,0,0.09169174430024708,Bitel,0,0.0,Bitel,0,0.0,Bitel,0,1.0,0.9083082556997529,1.0,1.0,1.0,98.17,BRECHA CRITICA,False,False
1507180067,LIMA,HUAROCHIRI,SAN DAMIAN,INTIQA,RURAL,-12.02338,-76.38734,0.0,0.0,0.0,0.0,0.0,0.0,0.7523634279150471,0.9999999997964972,0.0,0.999999999796498,0.0,0.6811614451061077,0.0,0.0,0,0.0,0,0.0,0.0,0.0,0,0.0,0.8878928178935216,0.9999999997968102,0.0,0.0,0.0,0.0,0.0,0.0,0.0,0.0,0.0,Bitel,0,0.6811614451061077,Claro,0,0.0,Bitel,0,0.0,Bitel,0,1.0,0.31883855489389235,1.0,1.0,1.0,86.38,COBERTURA PARCIAL,False,False
1507180068,LIMA,HUAROCHIRI,SAN DAMIAN,CHUBARIA,RURAL,-11.98077,-76.37193,0.0,0.0,0.0,0.0,0.0,0.0,0.0,0.5962345479840396,0.0,0.0,0.0,0.0,0.0,0.0,0,0.0,0,0.0,0.0,0.0,0,0.0,0.0,0.0,0.0,0.0,0.0,0.0,0.0,0.0,0.0,0.0,0.0,Bitel,0,0.0,Bitel,0,0.0,Bitel,0,0.0,Bitel,0,1.0,1.0,1.0,1.0,1.0,100.0,BRECHA CRITICA,False,False
1507180069,LIMA,HUAROCHIRI,SAN DAMIAN,ANDAHUAYCO ALTO,RURAL,-11.91866,-76.3398,0.0,0.0,0.0,0.0,0.0,0.0,0.0,0.0,0.0,0.0,0.0,0.0,0.0,0.0,0,0.0,0,0.0,0.0,0.0,0,0.0,0.0,0.0,0.0,0.0,0.0,0.0,0.0,0.0,0.0,0.0,0.0,Bitel,0,0.0,Bitel,0,0.0,Bitel,0,0.0,Bitel,0,1.0,1.0,1.0,1.0,1.0,100.0,BRECHA CRITICA,False,False
1507180070,LIMA,HUAROCHIRI,SAN DAMIAN,ANDAHUAYCO BAJO,RURAL,-11.93008,-76.33316,0.0,0.0,0.0,0.0,0.0,0.0,0.0,0.0,0.0,0.0,0.0,0.0,0.0,0.0,0,0.0,0,0.0,0.0,0.0,0,0.0,0.0,0.0,0.0,0.0,0.0,0.0,0.0,0.0,0.0,0.0,0.0,Bitel,0,0.0,Bitel,0,0.0,Bitel,0,0.0,Bitel,0,1.0,1.0,1.0,1.0,1.0,100.0,BRECHA CRITICA,False,False
1507180071,LIMA,HUAROCHIRI,SAN DAMIAN,CALLICASA,RURAL,-11.96141,-76.26237,0.0,0.0,0.0,0.0,0.0,0.0,0.0,0.0,0.0,0.0,0.0,0.0,0.0,0.0,0,0.0,0,0.0,0.0,0.0,0,0.0,0.0,0.0,0.0,0.0,0.0,0.0,0.0,0.0,0.0,0.0,0.0,Bitel,0,0.0,Bitel,0,0.0,Bitel,0,0.0,Bitel,0,1.0,1.0,1.0,1.0,1.0,100.0,BRECHA CRITICA,False,False
1507180072,LIMA,HUAROCHIRI,SAN DAMIAN,CARHUACA,RURAL,-11.97212,-76.30391,0.0,0.0,0.0,0.0,0.0,0.0,0.0,0.0,0.0,0.0,0.0,0.0,0.0,0.0,0,0.0,0,0.0,0.0,0.0,0,0.0,0.0,0.0,0.0,0.0,0.0,0.0,0.0,0.0,0.0,0.0,0.0,Bitel,0,0.0,Bitel,0,0.0,Bitel,0,0.0,Bitel,0,1.0,1.0,1.0,1.0,1.0,100.0,BRECHA CRITICA,False,False
1507180073,LIMA,HUAROCHIRI,SAN DAMIAN,CHUPALLA,RURAL,-11.92064,-76.36525,0.0,0.0,0.0,0.0,0.0,0.0,0.0,0.0,0.0,0.0,0.0,0.0,0.0,0.0,0,0.0,0,0.0,0.0,0.0,0,0.0,0.0,0.0,0.0,0.0,0.0,0.0,0.0,0.0,0.0,0.0,0.0,Bitel,0,0.0,Bitel,0,0.0,Bitel,0,0.0,Bitel,0,1.0,1.0,1.0,1.0,1.0,100.0,BRECHA CRITICA,False,False
1507180074,LIMA,HUAROCHIRI,SAN DAMIAN,HUALLEMULLE,RURAL,-11.91823,-76.31329,0.0,0.0,0.0,0.0,0.0,0.0,0.0,0.0,0.0,0.0,0.0,0.0,0.0,0.0,0,0.0,0,0.0,0.0,0.0,0,0.0,0.0,0.0,0.0,0.0,0.0,0.0,0.0,0.0,0.0,0.0,0.0,Bitel,0,0.0,Bitel,0,0.0,Bitel,0,0.0,Bitel,0,1.0,1.0,1.0,1.0,1.0,100.0,BRECHA CRITICA,False,False
1507180075,LIMA,HUAROCHIRI,SAN DAMIAN,HUANCUAYKE,RURAL,-11.92286,-76.32956,0.0,0.0,0.0,0.0,0.0,0.0,0.0,0.0,0.0,0.0,0.0,0.0,0.0,0.0,0,0.0,0,0.0,0.0,0.0,0,0.0,0.0,0.0,0.0,0.0,0.0,0.0,0.0,0.0,0.0,0.0,0.0,Bitel,0,0.0,Bitel,0,0.0,Bitel,0,0.0,Bitel,0,1.0,1.0,1.0,1.0,1.0,100.0,BRECHA CRITICA,False,False
1507180076,LIMA,HUAROCHIRI,SAN DAMIAN,HUARAZCANCHI,RURAL,-11.92711,-76.23679,0.0,0.0,0.0,0.0,0.0,0.0,0.0,0.0,0.0,0.0,0.0,0.0,0.0,0.0,0,0.0,0,0.0,0.0,0.0,0,0.0,0.0,0.0,0.0,0.0,0.0,0.0,0.0,0.0,0.0,0.0,0.0,Bitel,0,0.0,Bitel,0,0.0,Bitel,0,0.0,Bitel,0,1.0,1.0,1.0,1.0,1.0,100.0,BRECHA CRITICA,False,False
1507180077,LIMA,HUAROCHIRI,SAN DAMIAN,MININTRINCANCHE,RURAL,-11.91238,-76.27306,0.0,0.0,0.0,0.0,0.0,0.0,0.0,0.0,0.0,0.0,0.0,0.0,0.0,0.0,0,0.0,0,0.0,0.0,0.0,0,0.0,0.0,0.0,0.0,0.0,0.0,0.0,0.0,0.0,0.0,0.0,0.0,Bitel,0,0.0,Bitel,0,0.0,Bitel,0,0.0,Bitel,0,1.0,1.0,1.0,1.0,1.0,100.0,BRECHA CRITICA,False,False
1507180078,LIMA,HUAROCHIRI,SAN DAMIAN,MOSOPUCLO,RURAL,-11.97918,-76.29049,0.0,0.0,0.0,0.0,0.0,0.0,0.0,0.0,0.0,0.0,0.0,0.0,0.0,0.0,0,0.0,0,0.0,0.0,0.0,0,0.0,0.0,0.0,0.0,0.0,0.0,0.0,0.0,0.0,0.0,0.0,0.0,Bitel,0,0.0,Bitel,0,0.0,Bitel,0,0.0,Bitel,0,1.0,1.0,1.0,1.0,1.0,100.0,BRECHA CRITICA,False,False
1507180079,LIMA,HUAROCHIRI,SAN DAMIAN,PACHUAYLE,RURAL,-11.99842,-76.31246,0.0,0.0,0.0,0.0,0.0,0.0,0.0,0.0,0.0,0.0,0.0,0.0,0.0,0.0,0,0.0,0,0.0,0.0,0.0,0,0.0,0.0,0.0,0.0,0.0,0.0,0.0,0.0,0.0,0.0,0.0,0.0,Bitel,0,0.0,Bitel,0,0.0,Bitel,0,0.0,Bitel,0,1.0,1.0,1.0,1.0,1.0,100.0,BRECHA CRITICA,False,False
1507180080,LIMA,HUAROCHIRI,SAN DAMIAN,SHAMPURA,RURAL,-11.97376,-76.28471,0.0,0.0,0.0,0.0,0.0,0.0,0.0,0.0,0.0,0.0,0.0,0.0,0.0,0.0,0,0.0,0,0.0,0.0,0.0,0,0.0,0.0,0.0,0.0,0.0,0.0,0.0,0.0,0.0,0.0,0.0,0.0,Bitel,0,0.0,Bitel,0,0.0,Bitel,0,0.0,Bitel,0,1.0,1.0,1.0,1.0,1.0,100.0,BRECHA CRITICA,False,False
1507180081,LIMA,HUAROCHIRI,SAN DAMIAN,SIYESA,RURAL,-11.95297,-76.3096,0.0,0.0,0.0,0.0,0.0,0.0,0.0,0.0,0.0,0.0,0.0,0.0,0.0,0.0,0,0.0,0,0.0,0.0,0.0,0,0.0,0.0,0.0,0.0,0.0,0.0,0.0,0.0,0.0,0.0,0.0,0.0,Bitel,0,0.0,Bitel,0,0.0,Bitel,0,0.0,Bitel,0,1.0,1.0,1.0,1.0,1.0,100.0,BRECHA CRITICA,False,False
1507180082,LIMA,HUAROCHIRI,SAN DAMIAN,SUIPUNCO,RURAL,-11.98304,-76.32775,0.0,0.0,0.0,0.0,0.0,0.0,0.0,0.0,0.0,0.0,0.0,0.0,0.0,0.0,0,0.0,0,0.0,0.0,0.0,0,0.0,0.0,0.0,0.0,0.0,0.0,0.0,0.0,0.0,0.0,0.0,0.0,Bitel,0,0.0,Bitel,0,0.0,Bitel,0,0.0,Bitel,0,1.0,1.0,1.0,1.0,1.0,100.0,BRECHA CRITICA,False,False
1507190001,LIMA,HUAROCHIRI,SAN JUAN DE IRIS,SAN JUAN DE IRIS,URBANO,-11.68355,-76.52517,0.0,0.0,0.0,0.0,0.0,0.0,0.9044881002405548,1.0,0.4416932059156672,1.0,0.3740728030549454,1.0,0.0,0.0,0,0.0,0,0.0,0.0,0.0,0,0.0,0.868123844259909,1.0,0.0,0.0,0.0,0.0,0.0,0.0,0.0,0.0,0.3740728030549454,Claro,0,1.0,Claro,1,0.0,Bitel,0,0.0,Bitel,0,0.6259271969450546,0.0,1.0,0.75,0.0,50.67,COBERTURA ALTA,False,False
1507190002,LIMA,HUAROCHIRI,SAN JUAN DE IRIS,TURIAYI,RURAL,-11.67778,-76.52698,0.0,0.0,0.0,0.0,0.0,0.0,0.380330970532619,1.0,0.0,0.8192017308398125,0.0,0.5255754931469007,0.0,0.0,0,0.0,0,0.0,0.0,0.0,0,0.0,0.06576451251498984,1.0,0.0,0.0,0.0,0.0,0.0,0.0,0.0,0.0,0.0,Bitel,0,0.5255754931469007,Claro,0,0.0,Bitel,0,0.0,Bitel,0,1.0,0.47442450685309934,1.0,1.0,1.0,89.49,COBERTURA PARCIAL,False,False
1507190003,LIMA,HUAROCHIRI,SAN JUAN DE IRIS,YACO,RURAL,-11.67865,-76.50875,0.0,0.0,0.0,0.0,0.0,0.0,0.0,0.9999999972191029,0.0,0.9999999972191029,0.0,0.9146763208274885,0.0,0.0,0,0.0,0,0.0,0.0,0.0,0,0.0,0.6884879003162151,0.9999999972189147,0.0,0.0,0.0,0.0,0.0,0.0,0.0,0.0,0.0,Bitel,0,0.9146763208274885,Claro,1,0.0,Bitel,0,0.0,Bitel,0,1.0,0.08532367917251149,1.0,0.75,1.0,79.21,COBERTURA ALTA,False,False
1507190004,LIMA,HUAROCHIRI,SAN JUAN DE IRIS,MALAMBO,RURAL,-11.68146,-76.52222,0.0,0.0,0.0,0.0,0.0,0.0,0.2503639315234084,0.9999999957947984,0.0,0.9999999957945808,0.001723128457495835,0.9999999957946352,0.0,0.0,0,0.0,0,0.0,0.0,0.0,0,0.0,0.4769828722186111,0.9999999957948931,0.0,0.0,0.0,0.0,0.0,0.0,0.0,0.0,0.001723128457495835,Claro,0,0.9999999957946352,Claro,1,0.0,Bitel,0,0.0,Bitel,0,0.9982768715425042,4.2053648341422445e-09,1.0,0.75,1.0,77.42,COBERTURA ALTA,False,False
1507190009,LIMA,HUAROCHIRI,SAN JUAN DE IRIS,TINGO,RURAL,-11.71465,-76.42373,0.0,0.0,0.0,0.0,0.0,0.0,0.0,0.0,0.0,0.0,0.0,0.0,0.0,0.0,0,0.0,0,0.0,0.0,0.0,0,0.0,0.0,0.0,0.0,0.0,0.0,0.0,0.0,0.0,0.0,0.0,0.0,Bitel,0,0.0,Bitel,0,0.0,Bitel,0,0.0,Bitel,0,1.0,1.0,1.0,1.0,1.0,100.0,BRECHA CRITICA,False,False
1507190010,LIMA,HUAROCHIRI,SAN JUAN DE IRIS,TAMBILLO,RURAL,-11.73902,-76.45262,0.0,0.0,0.0,0.0,0.0,0.0,0.0,0.0,0.0,0.0,0.0,0.0,0.0,0.0,0,0.0,0,0.0,0.0,0.0,0,0.0,0.0,0.0,0.0,0.0,0.0,0.0,0.0,0.0,0.0,0.0,0.0,Bitel,0,0.0,Bitel,0,0.0,Bitel,0,0.0,Bitel,0,1.0,1.0,1.0,1.0,1.0,100.0,BRECHA CRITICA,False,False
1507190012,LIMA,HUAROCHIRI,SAN JUAN DE IRIS,CACHIL,RURAL,-11.74412,-76.45074,0.0,0.0,0.0,0.0,0.0,0.0,0.0,0.0,0.0,0.0,0.0,0.0,0.0,0.0,0,0.0,0,0.0,0.0,0.0,0,0.0,0.0,0.0,0.0,0.0,0.0,0.0,0.0,0.0,0.0,0.0,0.0,Bitel,0,0.0,Bitel,0,0.0,Bitel,0,0.0,Bitel,0,1.0,1.0,1.0,1.0,1.0,100.0,BRECHA CRITICA,False,False
1507190013,LIMA,HUAROCHIRI,SAN JUAN DE IRIS,PAMPACANCHA,RURAL,-11.71482,-76.45564,0.0,0.0,0.0,0.0,0.0,0.0,0.0,0.0,0.0,0.0,0.0,0.0,0.0,0.0,0,0.0,0,0.0,0.0,0.0,0,0.0,0.0,0.0,0.0,0.0,0.0,0.0,0.0,0.0,0.0,0.0,0.0,Bitel,0,0.0,Bitel,0,0.0,Bitel,0,0.0,Bitel,0,1.0,1.0,1.0,1.0,1.0,100.0,BRECHA CRITICA,False,False
1507200001,LIMA,HUAROCHIRI,SAN JUAN DE TANTARANCHE,SAN JUAN DE TANTARANCHE,URBANO,-12.11374,-76.1826,0.0,0.0,0.0,0.0,0.0,0.0,0.0,0.4519047230466371,0.0,0.9999999494279485,0.0,0.999999949427937,0.0,0.0,0,0.0,0,0.9999999494279402,0.3650017333446046,0.9999999494283603,0,0.0,0.9921929736605622,0.9999999494283982,0.8178646800995354,0.9968740486486264,0.303093594719177,0.9999999494279485,0.0,0.0,0.0,0.0,0.3650017333446046,Entel,0,0.9999999494283603,Entel,3,0.0,Bitel,0,0.0,Bitel,0,0.6349982666553954,5.057163965371814e-08,1.0,0.25,0.0,46.07,COBERTURA ALTA,False,False
1507200002,LIMA,HUAROCHIRI,SAN JUAN DE TANTARANCHE,CULLICPATA,RURAL,-11.9707,-76.19208,0.0,0.0,0.0,0.0,0.0,0.0,0.0,0.0,0.0,0.0,0.0,0.0,0.0,0.0,0,0.0,0,0.0,0.0,0.0,0,0.0,0.0,0.0,0.0,0.0,0.0,0.0,0.0,0.0,0.0,0.0,0.0,Bitel,0,0.0,Bitel,0,0.0,Bitel,0,0.0,Bitel,0,1.0,1.0,1.0,1.0,1.0,100.0,BRECHA CRITICA,False,False
1507200003,LIMA,HUAROCHIRI,SAN JUAN DE TANTARANCHE,CHUMPICOCHA,RURAL,-11.96336,-76.16738,0.0,0.0,0.0,0.0,0.0,0.0,0.0,0.0,0.0,0.0,0.0,0.0,0.0,0.0,0,0.0,0,0.0,0.0,0.0,0,0.0,0.0,0.0,0.0,0.0,0.0,0.0,0.0,0.0,0.0,0.0,0.0,Bitel,0,0.0,Bitel,0,0.0,Bitel,0,0.0,Bitel,0,1.0,1.0,1.0,1.0,1.0,100.0,BRECHA CRITICA,False,False
1507200004,LIMA,HUAROCHIRI,SAN JUAN DE TANTARANCHE,MACUAYQUE,RURAL,-11.99595,-76.21722,0.0,0.0,0.0,0.0,0.0,0.0,0.0,0.0,0.0,0.0,0.0,0.0,0.0,0.0,0,0.0,0,0.0,0.0,0.0,0,0.0,0.0,0.0,0.0,0.0,0.0,0.0,0.0,0.0,0.0,0.0,0.0,Bitel,0,0.0,Bitel,0,0.0,Bitel,0,0.0,Bitel,0,1.0,1.0,1.0,1.0,1.0,100.0,BRECHA CRITICA,False,False
1507200005,LIMA,HUAROCHIRI,SAN JUAN DE TANTARANCHE,AGUACANCHA,RURAL,-11.98617,-76.21876,0.0,0.0,0.0,0.0,0.0,0.0,0.0,0.0,0.0,0.0,0.0,0.0,0.0,0.0,0,0.0,0,0.0,0.0,0.0,0,0.0,0.0,0.0,0.0,0.0,0.0,0.0,0.0,0.0,0.0,0.0,0.0,Bitel,0,0.0,Bitel,0,0.0,Bitel,0,0.0,Bitel,0,1.0,1.0,1.0,1.0,1.0,100.0,BRECHA CRITICA,False,False
1507200006,LIMA,HUAROCHIRI,SAN JUAN DE TANTARANCHE,HUACARCO,RURAL,-12.04905,-76.12967,0.0,0.0,0.0,0.0,0.0,0.0,0.0,0.0,0.0,0.0,0.0,0.0,0.0,0.0,0,0.0,0,0.0,0.0,0.0,0,0.0,0.0,0.0,0.0,0.0,0.0,0.0,0.0,0.0,0.0,0.0,0.0,Bitel,0,0.0,Bitel,0,0.0,Bitel,0,0.0,Bitel,0,1.0,1.0,1.0,1.0,1.0,100.0,BRECHA CRITICA,False,False
1507200008,LIMA,HUAROCHIRI,SAN JUAN DE TANTARANCHE,PACCHA,RURAL,-11.9471,-76.11681,0.0,0.0,0.0,0.0,0.0,0.0,0.0,0.0,0.0,0.0,0.0,0.0,0.0,0.0,0,0.0,0,0.0,0.0,0.0,0,0.0,0.0,0.0,0.0,0.0,0.0,0.0,0.0,0.0,0.0,0.0,0.0,Bitel,0,0.0,Bitel,0,0.0,Bitel,0,0.0,Bitel,0,1.0,1.0,1.0,1.0,1.0,100.0,BRECHA CRITICA,False,False
1507200009,LIMA,HUAROCHIRI,SAN JUAN DE TANTARANCHE,CARHUAPAMPA DE PARIAC,URBANO,-12.03907,-76.11985,0.0,0.0,0.0,0.0,0.0,0.0,0.2489753089348009,1.0,0.0,1.0,0.0,1.0,0.0,0.0,0,0.0,0,0.0,0.0,0.0,0,0.0,0.0,0.0,0.0,0.0,0.0,0.0,0.0,0.0,0.0,0.0,0.0,Bitel,0,1.0,Claro,1,0.0,Bitel,0,0.0,Bitel,0,1.0,0.0,1.0,0.75,0.0,67.5,COBERTURA ALTA,False,False
1507200010,LIMA,HUAROCHIRI,SAN JUAN DE TANTARANCHE,LLULLUCHE,RURAL,-12.07404,-76.15084,0.0,0.0,0.0,0.0,0.0,0.0,0.0,0.0,0.0,0.0,0.0,0.0,0.0,0.0,0,0.0,0,0.0,0.0,0.0,0,0.0,0.0,0.0,0.0,0.0,0.0,0.0,0.0,0.0,0.0,0.0,0.0,Bitel,0,0.0,Bitel,0,0.0,Bitel,0,0.0,Bitel,0,1.0,1.0,1.0,1.0,1.0,100.0,BRECHA CRITICA,False,False
1507200011,LIMA,HUAROCHIRI,SAN JUAN DE TANTARANCHE,LLILLIMATE,RURAL,-12.08289,-76.16401,0.0,0.0,0.0,0.0,0.0,0.0,0.0,0.0,0.0,0.0,0.0,0.0,0.0,0.0,0,0.0,0,0.0,0.0,0.0,0,0.0,0.0,0.0,0.0,0.0,0.0,0.0,0.0,0.0,0.0,0.0,0.0,Bitel,0,0.0,Bitel,0,0.0,Bitel,0,0.0,Bitel,0,1.0,1.0,1.0,1.0,1.0,100.0,BRECHA CRITICA,False,False
1507200012,LIMA,HUAROCHIRI,SAN JUAN DE TANTARANCHE,HUALLACANCHA,RURAL,-12.0952,-76.17004,0.0,0.0,0.0,0.0,0.0,0.0,0.0,0.0,0.0,0.0,0.0,0.0,0.0,0.0,0,0.0,0,0.7017111110252979,0.0,0.5439822802124589,0,0.0,0.0,0.0,0.0,0.0,0.0,0.0,0.0,0.0,0.0,0.0,0.0,Bitel,0,0.5439822802124589,Entel,0,0.0,Bitel,0,0.0,Bitel,0,1.0,0.45601771978754113,1.0,1.0,1.0,89.12,COBERTURA PARCIAL,False,False
1507200013,LIMA,HUAROCHIRI,SAN JUAN DE TANTARANCHE,PACACHANCHE,RURAL,-12.09895,-76.18188,0.0,0.0,0.0,0.0,0.0,0.0,0.0,0.0,0.0,0.0,0.0,0.0,0.0,0.0,0,0.0,0,0.8067539331229046,0.0,0.9315481436167814,0,0.0,0.0,0.00993422262020911,0.0,0.0,0.0,0.01458970649827422,0.0,0.0,0.0,0.0,0.0,Bitel,0,0.9315481436167814,Entel,1,0.0,Bitel,0,0.0,Bitel,0,1.0,0.0684518563832186,1.0,0.75,1.0,78.87,COBERTURA ALTA,False,False
1507200015,LIMA,HUAROCHIRI,SAN JUAN DE TANTARANCHE,LAPSA,RURAL,-12.09809,-76.178,0.0,0.0,0.0,0.0,0.0,0.0,0.0,0.0,0.0,0.0,0.0,0.0,0.0,0.0,0,0.0,0,0.9999999965074258,0.0,0.999999996507426,0,0.0,0.0,0.0,0.0,0.0,0.0,0.0,0.0,0.0,0.0,0.0,0.0,Bitel,0,0.999999996507426,Entel,1,0.0,Bitel,0,0.0,Bitel,0,1.0,3.492574007779581e-09,1.0,0.75,1.0,77.5,COBERTURA ALTA,False,False
1507200016,LIMA,HUAROCHIRI,SAN JUAN DE TANTARANCHE,HUANCANANA,RURAL,-12.10532,-76.16457,0.0,0.0,0.0,0.0,0.0,0.0,0.0,0.0,0.0,0.1422809951978279,0.0,0.08302592979329462,0.0,0.0,0,0.0,0,0.9362354197582845,0.0,0.9569113686862781,0,0.0,0.2817354547473025,1.0,0.0,0.1568487846534949,0.0,0.9071610791865963,0.0,0.0,0.0,0.0,0.0,Bitel,0,0.9569113686862781,Entel,2,0.0,Bitel,0,0.0,Bitel,0,1.0,0.04308863131372187,1.0,0.5,1.0,75.86,COBERTURA ALTA,False,False
1507200018,LIMA,HUAROCHIRI,SAN JUAN DE TANTARANCHE,CRUZ ALTA,RURAL,-12.1079,-76.1876,0.0,0.0,0.0,0.0,0.0,0.0,0.0,0.0,0.0,0.4727804376051533,0.0,0.4002433603143246,0.0,0.0,0,0.0,0,0.9999999969549901,0.0,0.9999999969549899,0,0.0,0.0,0.1677794256867478,0.0,0.0,0.0,0.3338840005516414,0.0,0.0,0.0,0.0,0.0,Bitel,0,0.9999999969549899,Entel,1,0.0,Bitel,0,0.0,Bitel,0,1.0,3.045010132929349e-09,1.0,0.75,1.0,77.5,COBERTURA ALTA,False,False
1507200019,LIMA,HUAROCHIRI,SAN JUAN DE TANTARANCHE,AYLLAPUQUIO,RURAL,-12.05423,-76.13263,0.0,0.0,0.0,0.0,0.0,0.0,0.0,0.0,0.0,0.0,0.0,0.0,0.0,0.0,0,0.0,0,0.0,0.0,0.0,0,0.0,0.0,0.0,0.0,0.0,0.0,0.0,0.0,0.0,0.0,0.0,0.0,Bitel,0,0.0,Bitel,0,0.0,Bitel,0,0.0,Bitel,0,1.0,1.0,1.0,1.0,1.0,100.0,BRECHA CRITICA,False,False
1507200021,LIMA,HUAROCHIRI,SAN JUAN DE TANTARANCHE,LINCHICANCHA,RURAL,-12.07108,-76.13038,0.0,0.0,0.0,0.0,0.0,0.0,0.0,0.4826657190282331,0.0,0.2018625561586292,0.0,0.2225574741652125,0.0,0.0,0,0.0,0,0.0,0.0,0.0,0,0.0,0.0,0.0,0.0,0.0,0.0,0.0,0.0,0.0,0.0,0.0,0.0,Bitel,0,0.2225574741652125,Claro,0,0.0,Bitel,0,0.0,Bitel,0,1.0,0.7774425258347875,1.0,1.0,1.0,95.55,COBERTURA PARCIAL,False,False
1507200022,LIMA,HUAROCHIRI,SAN JUAN DE TANTARANCHE,HUANAHUANA,RURAL,-12.09503,-76.16656,0.0,0.0,0.0,0.0,0.0,0.0,0.0,0.0,0.0,0.0,0.0,0.0,0.0,0.0,0,0.0,0,0.3534173082500164,0.0,0.1103588843838606,0,0.0,0.0,0.0,0.0,0.0,0.0,0.0,0.0,0.0,0.0,0.0,0.0,Bitel,0,0.1103588843838606,Entel,0,0.0,Bitel,0,0.0,Bitel,0,1.0,0.8896411156161395,1.0,1.0,1.0,97.79,BRECHA CRITICA,False,False
1507200023,LIMA,HUAROCHIRI,SAN JUAN DE TANTARANCHE,PUCLLAHUASHI,RURAL,-12.09622,-76.15305,0.0,0.0,0.0,0.0,0.0,0.0,0.0,0.0,0.0,0.0,0.0,0.0,0.0,0.0,0,0.0,0,0.0,0.0,0.0,0,0.0,0.0,0.003481879599510775,0.0,0.0,0.0,0.0,0.0,0.0,0.0,0.0,0.0,Bitel,0,0.0,Bitel,0,0.0,Bitel,0,0.0,Bitel,0,1.0,1.0,1.0,1.0,1.0,100.0,BRECHA CRITICA,False,False
1507200024,LIMA,HUAROCHIRI,SAN JUAN DE TANTARANCHE,ANDAYACHE,RURAL,-12.10031,-76.15736,0.0,0.0,0.0,0.0,0.0,0.0,0.0,0.0,0.0,0.005939084131685952,0.0,0.0,0.0,0.0,0,0.0,0,0.9167359951666635,0.0,0.8533989988416005,0,0.0,0.0,0.6338899255325254,0.0,0.0,0.0,0.4344172412680015,0.0,0.0,0.0,0.0,0.0,Bitel,0,0.8533989988416005,Entel,1,0.0,Bitel,0,0.0,Bitel,0,1.0,0.14660100115839947,1.0,0.75,1.0,80.43,COBERTURA ALTA,False,False
1507200025,LIMA,HUAROCHIRI,SAN JUAN DE TANTARANCHE,CULLPA,RURAL,-12.10443,-76.16345,0.0,0.0,0.0,0.0,0.0,0.0,0.0,0.0,0.0,0.002927362615605126,0.0,0.002927362615605126,0.0,0.0,0,0.0,0,0.94861338936201,0.0,0.9434975093277784,0,0.0,0.07103505346552401,0.9999999995270943,0.0,0.01154219989026253,0.0,0.860399942893788,0.0,0.0,0.0,0.0,0.0,Bitel,0,0.9434975093277784,Entel,2,0.0,Bitel,0,0.0,Bitel,0,1.0,0.05650249067222157,1.0,0.5,1.0,76.13,COBERTURA ALTA,False,False
1507200026,LIMA,HUAROCHIRI,SAN JUAN DE TANTARANCHE,TUCTUPATA,RURAL,-11.92316,-76.18695,0.0,0.0,0.0,0.0,0.0,0.0,0.0,0.0,0.0,0.0,0.0,0.0,0.0,0.0,0,0.0,0,0.0,0.0,0.0,0,0.0,0.0,0.0,0.0,0.0,0.0,0.0,0.0,0.0,0.0,0.0,0.0,Bitel,0,0.0,Bitel,0,0.0,Bitel,0,0.0,Bitel,0,1.0,1.0,1.0,1.0,1.0,100.0,BRECHA CRITICA,False,False
1507200027,LIMA,HUAROCHIRI,SAN JUAN DE TANTARANCHE,JULLPA,RURAL,-12.02713,-76.11943,0.0,0.0,0.0,0.0,0.0,0.0,0.0,0.8066820145419402,0.0,0.7267492992271645,0.0,0.9616491526495768,0.0,0.0,0,0.0,0,0.0,0.0,0.0,0,0.0,0.0,0.0,0.0,0.0,0.0,0.0,0.0,0.0,0.0,0.0,0.0,Bitel,0,0.9616491526495768,Claro,1,0.0,Bitel,0,0.0,Bitel,0,1.0,0.038350847350423156,1.0,0.75,1.0,78.27,COBERTURA ALTA,False,False
1507200028,LIMA,HUAROCHIRI,SAN JUAN DE TANTARANCHE,AYARHUAYQUE,RURAL,-11.98474,-76.195,0.0,0.0,0.0,0.0,0.0,0.0,0.0,0.0,0.0,0.0,0.0,0.0,0.0,0.0,0,0.0,0,0.0,0.0,0.0,0,0.0,0.0,0.0,0.0,0.0,0.0,0.0,0.0,0.0,0.0,0.0,0.0,Bitel,0,0.0,Bitel,0,0.0,Bitel,0,0.0,Bitel,0,1.0,1.0,1.0,1.0,1.0,100.0,BRECHA CRITICA,False,False
1507200029,LIMA,HUAROCHIRI,SAN JUAN DE TANTARANCHE,SHURURUMA,RURAL,-12.13256,-76.19535,0.0,0.0,0.0,0.0,0.0,0.0,0.0,0.8053373347786223,0.0,0.9999999953198472,0.0,0.9999999953194809,0.0,0.0,0,0.0,0,0.9999999953194809,0.0,0.9999999953194809,0,0.0,0.005971860498005132,0.9761284104819743,0.0,0.0,0.0,0.659972212347432,0.0,0.0,0.0,0.0,0.0,Bitel,0,0.9999999953194809,Claro,2,0.0,Bitel,0,0.0,Bitel,0,1.0,4.680519083422041e-09,1.0,0.5,1.0,75.0,COBERTURA ALTA,False,False
1507200030,LIMA,HUAROCHIRI,SAN JUAN DE TANTARANCHE,LLACAVINE,RURAL,-12.1319,-76.19602,0.0,0.0,0.0,0.0,0.0,0.0,0.0,0.5144014103197941,0.0,0.9166202603752931,0.0,0.8966085020532379,0.0,0.0,0,0.0,0,0.99999999964962,0.0,0.99999999964962,0,0.0,0.0,0.9635704898182923,0.0,0.0,0.0,0.5453536140293405,0.0,0.0,0.0,0.0,0.0,Bitel,0,0.99999999964962,Entel,2,0.0,Bitel,0,0.0,Bitel,0,1.0,3.503799472781566e-10,1.0,0.5,1.0,75.0,COBERTURA ALTA,False,False
1507200031,LIMA,HUAROCHIRI,SAN JUAN DE TANTARANCHE,CULLICANCHE,RURAL,-12.12958,-76.19728,0.0,0.0,0.0,0.0,0.0,0.0,0.0,0.05720206313432595,0.0,0.7062863467185084,0.0,0.3687899554003911,0.0,0.0,0,0.0,0,1.0,0.0,1.0,0,0.0,0.0,0.4955951172460192,0.0,0.0,0.0,0.1426577534271267,0.0,0.0,0.0,0.0,0.0,Bitel,0,1.0,Entel,1,0.0,Bitel,0,0.0,Bitel,0,1.0,0.0,1.0,0.75,1.0,77.5,COBERTURA ALTA,False,False
1507200032,LIMA,HUAROCHIRI,SAN JUAN DE TANTARANCHE,PAMPAGAYA,RURAL,-12.12351,-76.19347,0.0,0.0,0.0,0.0,0.0,0.0,0.0,0.7566717676612036,0.0,0.8674943447820975,0.0,0.7728750106603379,0.0,0.0,0,0.0,0,0.9999999947901066,0.0,0.9999999947901062,0,0.0,0.0,0.0,0.0,0.0,0.0,0.007561194794646012,0.0,0.0,0.0,0.0,0.0,Bitel,0,0.9999999947901062,Entel,1,0.0,Bitel,0,0.0,Bitel,0,1.0,5.209893849666969e-09,1.0,0.75,1.0,77.5,COBERTURA ALTA,False,False
1507200033,LIMA,HUAROCHIRI,SAN JUAN DE TANTARANCHE,HUAYQUICANCHA,RURAL,-12.08717,-76.18259,0.0,0.0,0.0,0.0,0.0,0.0,0.0,0.0,0.0,0.0,0.0,0.0,0.0,0.0,0,0.0,0,0.2003217785912485,0.0,0.1768345090267825,0,0.0,0.0,0.0,0.0,0.0,0.0,0.0,0.0,0.0,0.0,0.0,0.0,Bitel,0,0.1768345090267825,Entel,0,0.0,Bitel,0,0.0,Bitel,0,1.0,0.8231654909732176,1.0,1.0,1.0,96.46,BRECHA CRITICA,False,False
1507200034,LIMA,HUAROCHIRI,SAN JUAN DE TANTARANCHE,COCHANCHE,RURAL,-12.09846,-76.19245,0.0,0.0,0.0,0.0,0.0,0.0,0.0,0.0,0.0,0.0,0.0,0.0,0.0,0.0,0,0.0,0,0.2349454804550839,0.0,0.2205018732753835,0,0.0,0.0,0.0,0.0,0.0,0.0,0.0,0.0,0.0,0.0,0.0,0.0,Bitel,0,0.2205018732753835,Entel,0,0.0,Bitel,0,0.0,Bitel,0,1.0,0.7794981267246165,1.0,1.0,1.0,95.59,COBERTURA PARCIAL,False,False
1507200035,LIMA,HUAROCHIRI,SAN JUAN DE TANTARANCHE,PUTANA,RURAL,-12.01411,-76.12041,0.0,0.0,0.0,0.0,0.0,0.0,0.0,0.7184540914421326,0.0,0.9255756292042779,0.0,0.9824990760363683,0.0,0.0,0,0.0,0,0.0,0.0,0.0,0,0.0,0.0,0.0,0.0,0.0,0.0,0.0,0.0,0.0,0.0,0.0,0.0,Bitel,0,0.9824990760363683,Claro,1,0.0,Bitel,0,0.0,Bitel,0,1.0,0.017500923963631676,1.0,0.75,1.0,77.85,COBERTURA ALTA,False,False
1507200036,LIMA,HUAROCHIRI,SAN JUAN DE TANTARANCHE,ATUJAPA,RURAL,-11.96739,-76.11464,0.0,0.0,0.0,0.0,0.0,0.0,0.0,0.0,0.0,0.0,0.0,0.0,0.0,0.0,0,0.0,0,0.0,0.0,0.0,0,0.0,0.0,0.0,0.0,0.0,0.0,0.0,0.0,0.0,0.0,0.0,0.0,Bitel,0,0.0,Bitel,0,0.0,Bitel,0,0.0,Bitel,0,1.0,1.0,1.0,1.0,1.0,100.0,BRECHA CRITICA,False,False
1507200037,LIMA,HUAROCHIRI,SAN JUAN DE TANTARANCHE,ATUNGO,RURAL,-12.08497,-76.14373,0.0,0.0,0.0,0.0,0.0,0.0,0.0,0.0,0.0,0.0,0.0,0.0,0.0,0.0,0,0.0,0,0.0,0.0,0.0,0,0.0,0.0,0.00331132489991726,0.0,0.0,0.0,0.0,0.0,0.0,0.0,0.0,0.0,Bitel,0,0.0,Bitel,0,0.0,Bitel,0,0.0,Bitel,0,1.0,1.0,1.0,1.0,1.0,100.0,BRECHA CRITICA,False,False
1507200038,LIMA,HUAROCHIRI,SAN JUAN DE TANTARANCHE,TUCTOCOCHA,RURAL,-11.9189,-76.18355,0.0,0.0,0.0,0.0,0.0,0.0,0.0,0.0,0.0,0.0,0.0,0.0,0.0,0.0,0,0.0,0,0.0,0.0,0.0,0,0.0,0.0,0.0,0.0,0.0,0.0,0.0,0.0,0.0,0.0,0.0,0.0,Bitel,0,0.0,Bitel,0,0.0,Bitel,0,0.0,Bitel,0,1.0,1.0,1.0,1.0,1.0,100.0,BRECHA CRITICA,False,False
1507210001,LIMA,HUAROCHIRI,SAN LORENZO DE QUINTI,SAN LORENZO DE QUINTI,URBANO,-12.14533,-76.21259,0.0,0.0,0.0,0.0,0.0,0.0,0.941189421013599,1.0,0.6958166893810228,1.0,0.732244614905243,1.0,0.0,0.0,0,0.0,0,1.0,0.0,1.0,0,0.0,0.9957249263540143,1.0,0.0,0.9903553458798624,0.0,1.0,0.0,0.0,0.0,0.0,0.732244614905243,Claro,0,1.0,Claro,3,0.0,Bitel,0,0.0,Bitel,0,0.26775538509475705,0.0,1.0,0.25,0.0,29.55,COBERTURA ALTA,False,False
1507210002,LIMA,HUAROCHIRI,SAN LORENZO DE QUINTI,PACCHA,RURAL,-11.9321,-76.0976,0.0,0.0,0.0,0.0,0.0,0.0,0.0,0.0,0.0,0.0,0.0,0.0,0.0,0.0,0,0.0,0,0.0,0.0,0.0,0,0.0,0.0,0.0,0.0,0.0,0.0,0.0,0.0,0.0,0.0,0.0,0.0,Bitel,0,0.0,Bitel,0,0.0,Bitel,0,0.0,Bitel,0,1.0,1.0,1.0,1.0,1.0,100.0,BRECHA CRITICA,False,False
1507210003,LIMA,HUAROCHIRI,SAN LORENZO DE QUINTI,SUIRICOCHA,RURAL,-11.95569,-76.06707,0.0,0.0,0.0,0.0,0.0,0.0,0.0,0.0,0.0,0.0,0.0,0.0,0.0,0.0,0,0.0,0,0.0,0.0,0.0,0,0.0,0.0,0.0,0.0,0.0,0.0,0.0,0.0,0.0,0.0,0.0,0.0,Bitel,0,0.0,Bitel,0,0.0,Bitel,0,0.0,Bitel,0,1.0,1.0,1.0,1.0,1.0,100.0,BRECHA CRITICA,False,False
1507210004,LIMA,HUAROCHIRI,SAN LORENZO DE QUINTI,HUARRA RAYO,RURAL,-11.97818,-76.11156,0.0,0.0,0.0,0.0,0.0,0.0,0.0,0.0,0.0,0.0,0.0,0.0,0.0,0.0,0,0.0,0,0.0,0.0,0.0,0,0.0,0.0,0.0,0.0,0.0,0.0,0.0,0.0,0.0,0.0,0.0,0.0,Bitel,0,0.0,Bitel,0,0.0,Bitel,0,0.0,Bitel,0,1.0,1.0,1.0,1.0,1.0,100.0,BRECHA CRITICA,False,False
1507210005,LIMA,HUAROCHIRI,SAN LORENZO DE QUINTI,COLLQUEPUCRO,RURAL,-12.02552,-76.0664,0.0,0.0,0.0,0.0,0.0,0.0,0.0,0.0,0.0,0.0,0.0,0.0,0.0,0.0,0,0.0,0,0.0,0.0,0.0,0,0.0,0.0,0.0,0.0,0.0,0.0,0.0,0.0,0.0,0.0,0.0,0.0,Bitel,0,0.0,Bitel,0,0.0,Bitel,0,0.0,Bitel,0,1.0,1.0,1.0,1.0,1.0,100.0,BRECHA CRITICA,False,False
1507210006,LIMA,HUAROCHIRI,SAN LORENZO DE QUINTI,LIMACTAMBO,RURAL,-11.99293,-76.10877,0.0,0.0,0.0,0.0,0.0,0.0,0.0,0.0,0.0,0.0,0.0,0.0,0.0,0.0,0,0.0,0,0.0,0.0,0.0,0,0.0,0.0,0.0,0.0,0.0,0.0,0.0,0.0,0.0,0.0,0.0,0.0,Bitel,0,0.0,Bitel,0,0.0,Bitel,0,0.0,Bitel,0,1.0,1.0,1.0,1.0,1.0,100.0,BRECHA CRITICA,False,False
1507210007,LIMA,HUAROCHIRI,SAN LORENZO DE QUINTI,TOTORAL,RURAL,-12.02536,-76.07911,0.0,0.0,0.0,0.0,0.0,0.0,0.0,0.0,0.0,0.0,0.0,0.0,0.0,0.0,0,0.0,0,0.0,0.0,0.0,0,0.0,0.0,0.0,0.0,0.0,0.0,0.0,0.0,0.0,0.0,0.0,0.0,Bitel,0,0.0,Bitel,0,0.0,Bitel,0,0.0,Bitel,0,1.0,1.0,1.0,1.0,1.0,100.0,BRECHA CRITICA,False,False
1507210008,LIMA,HUAROCHIRI,SAN LORENZO DE QUINTI,SUYO,RURAL,-12.02616,-76.06801,0.0,0.0,0.0,0.0,0.0,0.0,0.0,0.0,0.0,0.0,0.0,0.0,0.0,0.0,0,0.0,0,0.0,0.0,0.0,0,0.0,0.0,0.0,0.0,0.0,0.0,0.0,0.0,0.0,0.0,0.0,0.0,Bitel,0,0.0,Bitel,0,0.0,Bitel,0,0.0,Bitel,0,1.0,1.0,1.0,1.0,1.0,100.0,BRECHA CRITICA,False,False
1507210009,LIMA,HUAROCHIRI,SAN LORENZO DE QUINTI,CHAPLACO,RURAL,-12.0552,-76.1108,0.0,0.0,0.0,0.0,0.0,0.0,0.1862459014456899,0.9642202899496697,0.2167018486783203,0.9954276009216373,0.2397308121769496,0.9954859642424899,0.0,0.0,0,0.0,0,0.0,0.0,0.0,0,0.0,0.0,0.0,0.0,0.0,0.0,0.0,0.0,0.0,0.0,0.0,0.2397308121769496,Claro,0,0.9954859642424899,Claro,1,0.0,Bitel,0,0.0,Bitel,0,0.7602691878230504,0.004514035757510082,1.0,0.75,1.0,66.8,COBERTURA ALTA,False,False
1507210010,LIMA,HUAROCHIRI,SAN LORENZO DE QUINTI,RANRACANCHA,RURAL,-12.04279,-76.09019,0.0,0.0,0.0,0.0,0.0,0.0,0.0,0.0,0.0,0.0,0.0,0.0,0.0,0.0,0,0.0,0,0.0,0.0,0.0,0,0.0,0.0,0.0,0.0,0.0,0.0,0.0,0.0,0.0,0.0,0.0,0.0,Bitel,0,0.0,Bitel,0,0.0,Bitel,0,0.0,Bitel,0,1.0,1.0,1.0,1.0,1.0,100.0,BRECHA CRITICA,False,False
1507210012,LIMA,HUAROCHIRI,SAN LORENZO DE QUINTI,AGUASNIV,RURAL,-12.03589,-76.04286,0.0,0.0,0.0,0.0,0.0,0.0,0.0,0.0,0.0,0.0,0.0,0.0,0.0,0.0,0,0.0,0,0.0,0.0,0.0,0,0.0,0.0,0.0,0.0,0.0,0.0,0.0,0.0,0.0,0.0,0.0,0.0,Bitel,0,0.0,Bitel,0,0.0,Bitel,0,0.0,Bitel,0,1.0,1.0,1.0,1.0,1.0,100.0,BRECHA CRITICA,False,False
1507210013,LIMA,HUAROCHIRI,SAN LORENZO DE QUINTI,PITICOCHA,RURAL,-12.04747,-76.03827,0.0,0.0,0.0,0.0,0.0,0.0,0.0,0.0,0.0,0.0,0.0,0.0,0.0,0.0,0,0.0,0,0.0,0.0,0.0,0,0.0,0.0,0.0,0.0,0.0,0.0,0.0,0.0,0.0,0.0,0.0,0.0,Bitel,0,0.0,Bitel,0,0.0,Bitel,0,0.0,Bitel,0,1.0,1.0,1.0,1.0,1.0,100.0,BRECHA CRITICA,False,False
1507210014,LIMA,HUAROCHIRI,SAN LORENZO DE QUINTI,YACUPIANA,RURAL,-12.06382,-76.02553,0.0,0.0,0.0,0.0,0.0,0.0,0.0,0.0,0.0,0.0,0.0,0.0,0.0,0.0,0,0.0,0,0.0,0.0,0.0,0,0.0,0.0,0.0,0.0,0.0,0.0,0.0,0.0,0.0,0.0,0.0,0.0,Bitel,0,0.0,Bitel,0,0.0,Bitel,0,0.0,Bitel,0,1.0,1.0,1.0,1.0,1.0,100.0,BRECHA CRITICA,False,False
1507210016,LIMA,HUAROCHIRI,SAN LORENZO DE QUINTI,HUACHIPAMPA,RURAL,-12.06085,-76.04491,0.0,0.0,0.0,0.0,0.0,0.0,0.0,0.0,0.0,0.0,0.0,0.0,0.0,0.0,0,0.0,0,0.0,0.0,0.0,0,0.0,0.0,0.0,0.0,0.0,0.0,0.0,0.0,0.0,0.0,0.0,0.0,Bitel,0,0.0,Bitel,0,0.0,Bitel,0,0.0,Bitel,0,1.0,1.0,1.0,1.0,1.0,100.0,BRECHA CRITICA,False,False
1507210017,LIMA,HUAROCHIRI,SAN LORENZO DE QUINTI,LLACUASMACHAC,RURAL,-12.05562,-76.06566,0.0,0.0,0.0,0.0,0.0,0.0,0.0,0.0,0.0,0.0,0.0,0.0,0.0,0.0,0,0.0,0,0.0,0.0,0.0,0,0.0,0.0,0.0,0.0,0.0,0.0,0.0,0.0,0.0,0.0,0.0,0.0,Bitel,0,0.0,Bitel,0,0.0,Bitel,0,0.0,Bitel,0,1.0,1.0,1.0,1.0,1.0,100.0,BRECHA CRITICA,False,False
1507210018,LIMA,HUAROCHIRI,SAN LORENZO DE QUINTI,PAMPANYA,RURAL,-12.05659,-76.09391,0.0,0.0,0.0,0.0,0.0,0.0,0.0,0.0,0.0,0.0,0.0,0.0,0.0,0.0,0,0.0,0,0.0,0.0,0.0,0,0.0,0.0,0.0,0.0,0.0,0.0,0.0,0.0,0.0,0.0,0.0,0.0,Bitel,0,0.0,Bitel,0,0.0,Bitel,0,0.0,Bitel,0,1.0,1.0,1.0,1.0,1.0,100.0,BRECHA CRITICA,False,False
1507210019,LIMA,HUAROCHIRI,SAN LORENZO DE QUINTI,MOYA,RURAL,-12.06792,-76.12018,0.0,0.0,0.0,0.0,0.0,0.0,0.0,0.04138963868761331,0.0,0.0,0.0,0.01928395176510429,0.0,0.0,0,0.0,0,0.0,0.0,0.0,0,0.0,0.0,0.0,0.0,0.0,0.0,0.0,0.0,0.0,0.0,0.0,0.0,Bitel,0,0.01928395176510429,Claro,0,0.0,Bitel,0,0.0,Bitel,0,1.0,0.9807160482348957,1.0,1.0,1.0,99.61,BRECHA CRITICA,False,False
1507210020,LIMA,HUAROCHIRI,SAN LORENZO DE QUINTI,MARGA,RURAL,-12.07697,-76.07048,0.0,0.0,0.0,0.0,0.0,0.0,0.0,0.0,0.0,0.0,0.0,0.0,0.0,0.0,0,0.0,0,0.0,0.0,0.0,0,0.0,0.0,0.0,0.0,0.0,0.0,0.0,0.0,0.0,0.0,0.0,0.0,Bitel,0,0.0,Bitel,0,0.0,Bitel,0,0.0,Bitel,0,1.0,1.0,1.0,1.0,1.0,100.0,BRECHA CRITICA,False,False
1507210021,LIMA,HUAROCHIRI,SAN LORENZO DE QUINTI,CASERHUANCA,RURAL,-12.07608,-76.12751,0.0,0.0,0.0,0.0,0.0,0.0,0.0,0.0,0.0,0.0,0.0,0.0,0.0,0.0,0,0.0,0,0.0,0.0,0.0,0,0.0,0.0,0.0,0.0,0.0,0.0,0.0,0.0,0.0,0.0,0.0,0.0,Bitel,0,0.0,Bitel,0,0.0,Bitel,0,0.0,Bitel,0,1.0,1.0,1.0,1.0,1.0,100.0,BRECHA CRITICA,False,False
1507210022,LIMA,HUAROCHIRI,SAN LORENZO DE QUINTI,SHAULLA,RURAL,-12.0892,-76.11737,0.0,0.0,0.0,0.0,0.0,0.0,0.0,0.0,0.0,0.0,0.0,0.0,0.0,0.0,0,0.0,0,0.135420162446151,0.0,0.05962020256386343,0,0.0,0.0,0.0,0.0,0.0,0.0,0.0,0.0,0.0,0.0,0.0,0.0,Bitel,0,0.05962020256386343,Entel,0,0.0,Bitel,0,0.0,Bitel,0,1.0,0.9403797974361365,1.0,1.0,1.0,98.81,BRECHA CRITICA,False,False
1507210023,LIMA,HUAROCHIRI,SAN LORENZO DE QUINTI,MESA REDONDA,RURAL,-12.08798,-76.11672,0.0,0.0,0.0,0.0,0.0,0.0,0.0,0.0,0.0,0.0,0.0,0.0,0.0,0.0,0,0.0,0,0.4681666718538985,0.0,0.3774545723712297,0,0.0,0.0,0.0,0.0,0.0,0.0,0.0,0.0,0.0,0.0,0.0,0.0,Bitel,0,0.3774545723712297,Entel,0,0.0,Bitel,0,0.0,Bitel,0,1.0,0.6225454276287703,1.0,1.0,1.0,92.45,COBERTURA PARCIAL,False,False
1507210024,LIMA,HUAROCHIRI,SAN LORENZO DE QUINTI,PISGUPIANA,RURAL,-12.08677,-76.10665,0.0,0.0,0.0,0.0,0.0,0.0,0.0,0.0,0.0,0.0,0.0,0.0,0.0,0.0,0,0.0,0,0.0,0.0,0.0,0,0.0,0.0,0.0,0.0,0.0,0.0,0.0,0.0,0.0,0.0,0.0,0.0,Bitel,0,0.0,Bitel,0,0.0,Bitel,0,0.0,Bitel,0,1.0,1.0,1.0,1.0,1.0,100.0,BRECHA CRITICA,False,False
1507210027,LIMA,HUAROCHIRI,SAN LORENZO DE QUINTI,HUARAGUÑE,RURAL,-12.09343,-76.11684,0.0,0.0,0.0,0.0,0.0,0.0,0.0,0.0,0.0,0.0,0.0,0.0,0.0,0.0,0,0.0,0,0.0,0.0,0.0,0,0.0,0.0,0.0,0.0,0.0,0.0,0.0,0.0,0.0,0.0,0.0,0.0,Bitel,0,0.0,Bitel,0,0.0,Bitel,0,0.0,Bitel,0,1.0,1.0,1.0,1.0,1.0,100.0,BRECHA CRITICA,False,False
1507210028,LIMA,HUAROCHIRI,SAN LORENZO DE QUINTI,CANCHAPAGA,RURAL,-12.09971,-76.13266,0.0,0.0,0.0,0.0,0.0,0.0,0.0,0.0,0.0,0.0,0.0,0.0,0.0,0.0,0,0.0,0,0.1819701931969028,0.0,0.2854316628657041,0,0.0,0.0,0.0,0.0,0.0,0.0,0.0,0.0,0.0,0.0,0.0,0.0,Bitel,0,0.2854316628657041,Entel,0,0.0,Bitel,0,0.0,Bitel,0,1.0,0.7145683371342959,1.0,1.0,1.0,94.29,COBERTURA PARCIAL,False,False
1507210029,LIMA,HUAROCHIRI,SAN LORENZO DE QUINTI,SAHUASAHUA,RURAL,-12.09599,-76.15056,0.0,0.0,0.0,0.0,0.0,0.0,0.0,0.0,0.0,0.0,0.0,0.0,0.0,0.0,0,0.0,0,0.0,0.0,0.0,0,0.0,0.0,0.0,0.0,0.0,0.0,0.0,0.0,0.0,0.0,0.0,0.0,Bitel,0,0.0,Bitel,0,0.0,Bitel,0,0.0,Bitel,0,1.0,1.0,1.0,1.0,1.0,100.0,BRECHA CRITICA,False,False
1507210031,LIMA,HUAROCHIRI,SAN LORENZO DE QUINTI,CHAICHACA,RURAL,-12.11028,-76.1688,0.0,0.0,0.0,0.0,0.0,0.0,0.0,0.3602189702246121,0.0,0.9999999972688013,0.0,0.9999999972688013,0.0,0.0,0,0.0,0,0.9999999972687997,0.0,0.9999999972688003,0,0.0,0.9627515204474485,0.9999999972690198,0.0,0.8631024633885062,0.0,0.9999999972688008,0.0,0.0,0.0,0.0,0.0,Bitel,0,0.9999999972688013,Claro,3,0.0,Bitel,0,0.0,Bitel,0,1.0,2.7311987116362957e-09,1.0,0.25,1.0,72.5,COBERTURA ALTA,False,False
1507210032,LIMA,HUAROCHIRI,SAN LORENZO DE QUINTI,COLLOTACHI,RURAL,-12.12203,-76.17738,0.0,0.0,0.0,0.0,0.0,0.0,0.0,0.9982943979326246,0.0,0.923892236352148,0.0,0.5664294635452344,0.0,0.0,0,0.0,0,0.9999999997574868,0.0,0.9999999997574869,0,0.0,0.0,0.6459666210566112,0.0,0.0,0.0,0.1082172079114052,0.0,0.0,0.0,0.0,0.0,Bitel,0,0.9999999997574869,Entel,1,0.0,Bitel,0,0.0,Bitel,0,1.0,2.4251312069623054e-10,1.0,0.75,1.0,77.5,COBERTURA ALTA,False,False
1507210034,LIMA,HUAROCHIRI,SAN LORENZO DE QUINTI,MANCACOCHA,RURAL,-12.13301,-76.1476,0.0,0.0,0.0,0.0,0.0,0.0,0.0,0.0,0.0,0.0,0.0,0.0,0.0,0.0,0,0.0,0,0.0,0.0,0.0,0,0.0,0.0,0.0,0.0,0.0,0.0,0.0,0.0,0.0,0.0,0.0,0.0,Bitel,0,0.0,Bitel,0,0.0,Bitel,0,0.0,Bitel,0,1.0,1.0,1.0,1.0,1.0,100.0,BRECHA CRITICA,False,False
1507210036,LIMA,HUAROCHIRI,SAN LORENZO DE QUINTI,SHINGUIA,RURAL,-12.17829,-76.09601,0.0,0.0,0.0,0.0,0.0,0.0,0.0,0.0,0.0,0.0,0.0,0.0,0.0,0.0,0,0.0,0,0.0,0.0,0.0,0,0.0,0.0,0.0,0.0,0.0,0.0,0.0,0.0,0.0,0.0,0.0,0.0,Bitel,0,0.0,Bitel,0,0.0,Bitel,0,0.0,Bitel,0,1.0,1.0,1.0,1.0,1.0,100.0,BRECHA CRITICA,False,False
1507210037,LIMA,HUAROCHIRI,SAN LORENZO DE QUINTI,PATIO,RURAL,-12.16784,-76.12774,0.0,0.0,0.0,0.0,0.0,0.0,0.0,0.0,0.0,0.0,0.0,0.0,0.0,0.0,0,0.0,0,0.0,0.0,0.0,0,0.0,0.0,0.0,0.0,0.0,0.0,0.0,0.0,0.0,0.0,0.0,0.0,Bitel,0,0.0,Bitel,0,0.0,Bitel,0,0.0,Bitel,0,1.0,1.0,1.0,1.0,1.0,100.0,BRECHA CRITICA,False,False
1507210038,LIMA,HUAROCHIRI,SAN LORENZO DE QUINTI,MURGO,RURAL,-12.15905,-76.15375,0.0,0.0,0.0,0.0,0.0,0.0,0.0,0.0,0.0,0.0,0.0,0.0,0.0,0.0,0,0.0,0,0.0,0.0,0.0,0,0.0,0.0,0.0,0.0,0.0,0.0,0.0,0.0,0.0,0.0,0.0,0.0,Bitel,0,0.0,Bitel,0,0.0,Bitel,0,0.0,Bitel,0,1.0,1.0,1.0,1.0,1.0,100.0,BRECHA CRITICA,False,False
1507210039,LIMA,HUAROCHIRI,SAN LORENZO DE QUINTI,AMPICANCHA,RURAL,-12.15867,-76.15777,0.0,0.0,0.0,0.0,0.0,0.0,0.0,0.0,0.0,0.0,0.0,0.0,0.0,0.0,0,0.0,0,0.0,0.0,0.0,0,0.0,0.0,0.0,0.0,0.0,0.0,0.0,0.0,0.0,0.0,0.0,0.0,Bitel,0,0.0,Bitel,0,0.0,Bitel,0,0.0,Bitel,0,1.0,1.0,1.0,1.0,1.0,100.0,BRECHA CRITICA,False,False
1507210040,LIMA,HUAROCHIRI,SAN LORENZO DE QUINTI,HUANAGAYAN,RURAL,-12.16138,-76.16788,0.0,0.0,0.0,0.0,0.0,0.0,0.0,0.0,0.0,0.0,0.0,0.0,0.0,0.0,0,0.0,0,0.0,0.0,0.0,0,0.0,0.0,0.0,0.0,0.0,0.0,0.0,0.0,0.0,0.0,0.0,0.0,Bitel,0,0.0,Bitel,0,0.0,Bitel,0,0.0,Bitel,0,1.0,1.0,1.0,1.0,1.0,100.0,BRECHA CRITICA,False,False
1507210041,LIMA,HUAROCHIRI,SAN LORENZO DE QUINTI,CHACAHUARA,RURAL,-12.16302,-76.17512,0.0,0.0,0.0,0.0,0.0,0.0,0.0,0.0,0.0,0.0,0.0,0.0,0.0,0.0,0,0.0,0,0.0,0.0,0.0,0,0.0,0.0,0.0,0.0,0.0,0.0,0.0,0.0,0.0,0.0,0.0,0.0,Bitel,0,0.0,Bitel,0,0.0,Bitel,0,0.0,Bitel,0,1.0,1.0,1.0,1.0,1.0,100.0,BRECHA CRITICA,False,False
1507210042,LIMA,HUAROCHIRI,SAN LORENZO DE QUINTI,PIRA,RURAL,-12.16212,-76.17034,0.0,0.0,0.0,0.0,0.0,0.0,0.0,0.0,0.0,0.0,0.0,0.0,0.0,0.0,0,0.0,0,0.0,0.0,0.0,0,0.0,0.0,0.0,0.0,0.0,0.0,0.0,0.0,0.0,0.0,0.0,0.0,Bitel,0,0.0,Bitel,0,0.0,Bitel,0,0.0,Bitel,0,1.0,1.0,1.0,1.0,1.0,100.0,BRECHA CRITICA,False,False
1507210043,LIMA,HUAROCHIRI,SAN LORENZO DE QUINTI,VILLANANCHI,RURAL,-12.15379,-76.21003,0.0,0.0,0.0,0.0,0.0,0.0,0.0,0.99999999544931,0.1713474577535744,0.9999999954493655,0.6865845893816235,0.9999999954493266,0.0,0.0,0,0.0,0,0.99999999544931,0.0,0.9999999954493101,0,0.0,0.99999999544931,0.9999999954493101,0.0,0.99999999544931,0.0,0.99999999544931,0.0,0.0,0.0,0.0,0.6865845893816235,Claro,0,0.9999999954493266,Claro,3,0.0,Bitel,0,0.0,Bitel,0,0.3134154106183765,4.550673393666216e-09,1.0,0.25,1.0,41.6,COBERTURA ALTA,False,False
1507210044,LIMA,HUAROCHIRI,SAN LORENZO DE QUINTI,CHACHA,RURAL,-12.15837,-76.21039,0.0,0.0,0.0,0.0,0.0,0.0,0.0,0.9999999878410121,0.5961978983403832,0.9999999878414304,0.9999999878410002,0.9999999878410121,0.0,0.0,0,0.0,0,0.9999999878410121,0.0,0.9999999878410122,0,0.0,0.9999999878410142,0.9999999878410137,0.0,0.999999987841007,0.0,0.9999999878410121,0.0,0.0,0.0,0.0,0.9999999878410002,Claro,1,0.9999999878410122,Entel,3,0.0,Bitel,0,0.0,Bitel,0,1.2158999806999304e-08,1.2158987816590638e-08,1.0,0.25,1.0,27.5,COBERTURA ALTA,True,False
1507210045,LIMA,HUAROCHIRI,SAN LORENZO DE QUINTI,CHANI,RURAL,-12.165,-76.21209,0.0,0.0,0.0,0.0,0.0,0.0,0.0,1.0,0.5753721572279381,1.0,0.8384386566311686,1.0,0.0,0.0,0,0.0,0,1.0,0.0,1.0,0,0.0,1.0,1.0,0.0,1.0,0.0,1.0,0.0,0.0,0.0,0.0,0.8384386566311686,Claro,1,1.0,Claro,3,0.0,Bitel,0,0.0,Bitel,0,0.16156134336883143,0.0,1.0,0.25,1.0,34.77,COBERTURA ALTA,True,False
1507210046,LIMA,HUAROCHIRI,SAN LORENZO DE QUINTI,MARHUAYQUE,RURAL,-12.16371,-76.20742,0.0,0.0,0.0,0.0,0.0,0.0,0.05664073460112481,1.0,0.1817773671996475,1.0,0.7364544348312475,1.0,0.0,0.0,0,0.0,0,1.0,0.0,1.0,0,0.0,1.0,1.0,0.0,1.0,0.0,1.0,0.0,0.0,0.0,0.0,0.7364544348312475,Claro,0,1.0,Claro,3,0.0,Bitel,0,0.0,Bitel,0,0.2635455651687525,0.0,1.0,0.25,1.0,39.36,COBERTURA ALTA,False,False
1507210047,LIMA,HUAROCHIRI,SAN LORENZO DE QUINTI,RAQUIPA,RURAL,-12.16834,-76.21703,0.0,0.0,0.0,0.0,0.0,0.0,0.0,1.0,0.0,1.0,0.2228710694376854,1.0,0.0,0.0,0,0.0,0,1.0,0.0,1.0,0,0.0,1.0,1.0,0.0,0.9538021627238575,0.0,1.0,0.0,0.0,0.0,0.0,0.2228710694376854,Claro,0,1.0,Claro,3,0.0,Bitel,0,0.0,Bitel,0,0.7771289305623146,0.0,1.0,0.25,1.0,62.47,COBERTURA ALTA,False,False
1507210048,LIMA,HUAROCHIRI,SAN LORENZO DE QUINTI,AGANTE,RURAL,-12.17596,-76.22239,0.0,0.0,0.0,0.0,0.0,0.0,0.0,1.0,0.0,1.0,0.0,1.0,0.0,0.0,0,0.0,0,1.0,0.0,1.0,0,0.0,0.5371401153040245,1.0,0.0,0.2106489111446369,0.0,1.0,0.0,0.0,0.0,0.0,0.0,Bitel,0,1.0,Claro,3,0.0,Bitel,0,0.0,Bitel,0,1.0,0.0,1.0,0.25,1.0,72.5,COBERTURA ALTA,False,False
1507210049,LIMA,HUAROCHIRI,SAN LORENZO DE QUINTI,CHOCTA,RURAL,-12.19359,-76.22825,0.0,0.0,0.0,0.0,0.0,0.0,0.06239815068678715,0.9999999985863175,0.0,0.99999999858629,0.0,0.99999999858629,0.0,0.0,0,0.0,0,0.8422162549891166,0.0,0.871328132812471,0,0.0,0.0,0.9977718123153122,0.0,0.0,0.0,0.993494258809294,0.0,0.0,0.0,0.0,0.0,Bitel,0,0.99999999858629,Claro,3,0.0,Bitel,0,0.0,Bitel,0,1.0,1.4137100379230105e-09,1.0,0.25,1.0,72.5,COBERTURA ALTA,False,False
1507210050,LIMA,HUAROCHIRI,SAN LORENZO DE QUINTI,PUMAPUNCO,RURAL,-12.20858,-76.22745,0.0,0.0,0.0,0.0,0.0,0.0,0.7984801105982656,0.9999999994250851,0.0,0.9999999994249112,0.0,0.9999999994249112,0.0,0.0,0,0.0,0,0.99999999942491,0.0,0.9999999994249112,0,0.0,0.0,0.9999999994249149,0.0,0.0,0.0,0.999999999424911,0.0,0.0,0.0,0.0,0.0,Bitel,0,0.9999999994249112,Claro,3,0.0,Bitel,0,0.0,Bitel,0,1.0,5.750887543953809e-10,1.0,0.25,1.0,72.5,COBERTURA ALTA,False,False
1507210051,LIMA,HUAROCHIRI,SAN LORENZO DE QUINTI,YUHUAMBRE,RURAL,-12.20934,-76.2231,0.0,0.0,0.0,0.0,0.0,0.0,0.2352368648629165,1.0,0.0,1.0,0.0,1.0,0.0,0.0,0,0.0,0,1.0,0.0,1.0,0,0.0,0.0,1.0,0.0,0.0,0.0,1.0,0.0,0.0,0.0,0.0,0.0,Bitel,0,1.0,Claro,3,0.0,Bitel,0,0.0,Bitel,0,1.0,0.0,1.0,0.25,1.0,72.5,COBERTURA ALTA,False,False
1507210052,LIMA,HUAROCHIRI,SAN LORENZO DE QUINTI,HUANCHAC,URBANO,-12.22112,-76.22582,0.0,0.0,0.0,0.0,0.0,0.0,0.9999999527660021,0.9999999527660024,0.9532267672295112,0.9999999527673915,0.9324964164868229,0.9999999527665525,0.0,0.0,0,0.0,0,0.9999999527660021,0.0,0.9999999527660022,0,0.0,0.0,0.9999999527659988,0.0,0.0,0.0,0.9999999527659974,0.0,0.0,0.0,0.0,0.9324964164868229,Claro,1,0.9999999527665525,Claro,3,0.0,Bitel,0,0.0,Bitel,0,0.06750358351317709,4.72334474865832e-08,1.0,0.25,0.0,20.54,COBERTURA ALTA,True,False
1507210053,LIMA,HUAROCHIRI,SAN LORENZO DE QUINTI,PALERMO,RURAL,-12.19806,-76.21834,0.0,0.0,0.0,0.0,0.0,0.0,0.06715336222856644,1.0,0.0,1.0,0.0,1.0,0.0,0.0,0,0.0,0,1.0,0.0,1.0,0,0.0,0.7622522523794958,1.0,0.0,0.01325483722201972,0.0,1.0,0.0,0.0,0.0,0.0,0.0,Bitel,0,1.0,Claro,3,0.0,Bitel,0,0.0,Bitel,0,1.0,0.0,1.0,0.25,1.0,72.5,COBERTURA ALTA,False,False
1507210054,LIMA,HUAROCHIRI,SAN LORENZO DE QUINTI,LUCMAPATA,RURAL,-12.1913,-76.21282,0.0,0.0,0.0,0.0,0.0,0.0,0.0,0.99999999189577,0.0,0.99999999189577,0.1068395222037077,0.99999999189577,0.0,0.0,0,0.0,0,0.9999999918957713,0.0,0.9999999918957674,0,0.0,0.3400721840612103,0.9999999918956656,0.0,0.3639529055654451,0.0,0.9999999918956101,0.0,0.0,0.0,0.0,0.1068395222037077,Claro,0,0.99999999189577,Claro,3,0.0,Bitel,0,0.0,Bitel,0,0.8931604777962923,8.104229953787012e-09,1.0,0.25,1.0,67.69,COBERTURA ALTA,False,False
1507210055,LIMA,HUAROCHIRI,SAN LORENZO DE QUINTI,QUITAPALTA,RURAL,-12.19139,-76.21574,0.0,0.0,0.0,0.0,0.0,0.0,0.0,0.9999999968377947,0.0,0.9999999968377947,0.1765420605903573,0.999999996837756,0.0,0.0,0,0.0,0,0.9999999968377961,0.0,0.9999999968377877,0,0.0,0.2916123158596055,0.9999999968374533,0.0,0.2482901830535014,0.0,0.9999999968377731,0.0,0.0,0.0,0.0,0.1765420605903573,Claro,0,0.9999999968377877,Entel,3,0.0,Bitel,0,0.0,Bitel,0,0.8234579394096427,3.1622122698138355e-09,1.0,0.25,1.0,64.56,COBERTURA ALTA,False,False
1507210056,LIMA,HUAROCHIRI,SAN LORENZO DE QUINTI,AMPE,RURAL,-12.19143,-76.20396,0.0,0.0,0.0,0.0,0.0,0.0,0.0,1.0,0.0,0.9911896131706557,0.0,1.0,0.0,0.0,0,0.0,0,0.9793239157499581,0.0,1.0,0,0.0,0.941548653546936,1.0,0.0,0.9395639015182494,0.0,1.0,0.0,0.0,0.0,0.0,0.0,Bitel,0,1.0,Claro,3,0.0,Bitel,0,0.0,Bitel,0,1.0,0.0,1.0,0.25,1.0,72.5,COBERTURA ALTA,False,False
1507210058,LIMA,HUAROCHIRI,SAN LORENZO DE QUINTI,CANCHARAN,RURAL,-12.19257,-76.20201,0.0,0.0,0.0,0.0,0.0,0.0,0.0,0.9999999920633005,0.0,0.9999999920630341,0.0,0.9999999920630342,0.0,0.0,0,0.0,0,0.9999999920629968,0.0,0.9999999920630303,0,0.0,0.643275955106971,0.9999999920630244,0.0,0.5384429587633693,0.0,0.9999999920630341,0.0,0.0,0.0,0.0,0.0,Bitel,0,0.9999999920630342,Claro,3,0.0,Bitel,0,0.0,Bitel,0,1.0,7.93696575129843e-09,1.0,0.25,1.0,72.5,COBERTURA ALTA,False,False
1507210059,LIMA,HUAROCHIRI,SAN LORENZO DE QUINTI,HUANCAYA,RURAL,-12.18234,-76.18586,0.0,0.0,0.0,0.0,0.0,0.0,0.0,0.8443791796066064,0.0,0.3691790628905827,0.0,0.5441533301119788,0.0,0.0,0,0.0,0,0.0,0.0,0.0,0,0.0,0.0,0.0,0.0,0.0,0.0,0.0,0.0,0.0,0.0,0.0,0.0,Bitel,0,0.5441533301119788,Claro,0,0.0,Bitel,0,0.0,Bitel,0,1.0,0.45584666988802125,1.0,1.0,1.0,89.12,COBERTURA PARCIAL,False,False
1507210060,LIMA,HUAROCHIRI,SAN LORENZO DE QUINTI,PUNGUTO,RURAL,-12.16141,-76.16486,0.0,0.0,0.0,0.0,0.0,0.0,0.0,0.0,0.0,0.0,0.0,0.0,0.0,0.0,0,0.0,0,0.0,0.0,0.0,0,0.0,0.0,0.0,0.0,0.0,0.0,0.0,0.0,0.0,0.0,0.0,0.0,Bitel,0,0.0,Bitel,0,0.0,Bitel,0,0.0,Bitel,0,1.0,1.0,1.0,1.0,1.0,100.0,BRECHA CRITICA,False,False
1507210063,LIMA,HUAROCHIRI,SAN LORENZO DE QUINTI,ACOCANCHA,RURAL,-12.19916,-76.13954,0.0,0.0,0.0,0.0,0.0,0.0,0.0,0.0,0.0,0.0,0.0,0.0,0.0,0.0,0,0.0,0,0.0,0.0,0.0,0,0.0,0.0,0.0,0.0,0.0,0.0,0.0,0.0,0.0,0.0,0.0,0.0,Bitel,0,0.0,Bitel,0,0.0,Bitel,0,0.0,Bitel,0,1.0,1.0,1.0,1.0,1.0,100.0,BRECHA CRITICA,False,False
1507210064,LIMA,HUAROCHIRI,SAN LORENZO DE QUINTI,PILLUYA,RURAL,-12.21343,-76.12729,0.0,0.0,0.0,0.0,0.0,0.0,0.0,0.0,0.0,0.0,0.0,0.0,0.0,0.0,0,0.0,0,0.0,0.0,0.0,0,0.0,0.0,0.0,0.0,0.0,0.0,0.0,0.0,0.0,0.0,0.0,0.0,Bitel,0,0.0,Bitel,0,0.0,Bitel,0,0.0,Bitel,0,1.0,1.0,1.0,1.0,1.0,100.0,BRECHA CRITICA,False,False
1507210065,LIMA,HUAROCHIRI,SAN LORENZO DE QUINTI,HUAQUIAJULLPA,RURAL,-12.21379,-76.15448,0.0,0.0,0.0,0.0,0.0,0.0,0.0,0.0,0.0,0.0,0.0,0.0,0.0,0.0,0,0.0,0,0.0,0.0,0.0,0,0.0,0.0,0.0,0.0,0.0,0.0,0.0,0.0,0.0,0.0,0.0,0.0,Bitel,0,0.0,Bitel,0,0.0,Bitel,0,0.0,Bitel,0,1.0,1.0,1.0,1.0,1.0,100.0,BRECHA CRITICA,False,False
1507210066,LIMA,HUAROCHIRI,SAN LORENZO DE QUINTI,COLLOTACANCHA,RURAL,-12.2213,-76.14741,0.0,0.0,0.0,0.0,0.0,0.0,0.0,0.0,0.0,0.0,0.0,0.0,0.0,0.0,0,0.0,0,0.0,0.0,0.0,0,0.0,0.0,0.0,0.0,0.0,0.0,0.0,0.0,0.0,0.0,0.0,0.0,Bitel,0,0.0,Bitel,0,0.0,Bitel,0,0.0,Bitel,0,1.0,1.0,1.0,1.0,1.0,100.0,BRECHA CRITICA,False,False
1507210067,LIMA,HUAROCHIRI,SAN LORENZO DE QUINTI,CORMACHAY,RURAL,-12.21261,-76.16254,0.0,0.0,0.0,0.0,0.0,0.0,0.0,0.0,0.0,0.0,0.0,0.0,0.0,0.0,0,0.0,0,0.0,0.0,0.0,0,0.0,0.0,0.0,0.0,0.0,0.0,0.0,0.0,0.0,0.0,0.0,0.0,Bitel,0,0.0,Bitel,0,0.0,Bitel,0,0.0,Bitel,0,1.0,1.0,1.0,1.0,1.0,100.0,BRECHA CRITICA,False,False
1507210069,LIMA,HUAROCHIRI,SAN LORENZO DE QUINTI,LARAN,RURAL,-12.23331,-76.17511,0.0,0.0,0.0,0.0,0.0,0.0,0.0,0.0,0.0,0.0,0.0,0.0,0.0,0.0,0,0.0,0,0.0,0.0,0.0,0,0.0,0.0,0.0,0.0,0.0,0.0,0.0,0.0,0.0,0.0,0.0,0.0,Bitel,0,0.0,Bitel,0,0.0,Bitel,0,0.0,Bitel,0,1.0,1.0,1.0,1.0,1.0,100.0,BRECHA CRITICA,False,False
1507210070,LIMA,HUAROCHIRI,SAN LORENZO DE QUINTI,MALAMPE,RURAL,-12.22919,-76.18256,0.0,0.0,0.0,0.0,0.0,0.0,0.0,0.0,0.0,0.0,0.0,0.0,0.0,0.0,0,0.0,0,0.0,0.0,0.0,0,0.0,0.0,0.0,0.0,0.0,0.0,0.0,0.0,0.0,0.0,0.0,0.0,Bitel,0,0.0,Bitel,0,0.0,Bitel,0,0.0,Bitel,0,1.0,1.0,1.0,1.0,1.0,100.0,BRECHA CRITICA,False,False
1507210071,LIMA,HUAROCHIRI,SAN LORENZO DE QUINTI,HUANQUILLITA,RURAL,-12.23326,-76.19316,0.0,0.0,0.0,0.0,0.0,0.0,0.0,0.0,0.0,0.0,0.0,0.0,0.0,0.0,0,0.0,0,0.0,0.0,0.0,0,0.0,0.0,0.0,0.0,0.0,0.0,0.0,0.0,0.0,0.0,0.0,0.0,Bitel,0,0.0,Bitel,0,0.0,Bitel,0,0.0,Bitel,0,1.0,1.0,1.0,1.0,1.0,100.0,BRECHA CRITICA,False,False
1507210072,LIMA,HUAROCHIRI,SAN LORENZO DE QUINTI,QUIRIPUCO,RURAL,-12.23268,-76.19927,0.0,0.0,0.0,0.0,0.0,0.0,0.0,0.0,0.0,0.0,0.0,0.0,0.0,0.0,0,0.0,0,0.0,0.0,0.0,0,0.0,0.0,0.0397559121101464,0.0,0.0,0.0,0.0,0.0,0.0,0.0,0.0,0.0,Bitel,0,0.0,Bitel,0,0.0,Bitel,0,0.0,Bitel,0,1.0,1.0,1.0,1.0,1.0,100.0,BRECHA CRITICA,False,False
1507210073,LIMA,HUAROCHIRI,SAN LORENZO DE QUINTI,CUPE,RURAL,-12.23337,-76.20407,0.0,0.0,0.0,0.0,0.0,0.0,0.0,0.0,0.0,0.0,0.0,0.0,0.0,0.0,0,0.0,0,0.0,0.0,0.0,0,0.0,0.0,0.3099657878655015,0.0,0.0,0.0,0.0,0.0,0.0,0.0,0.0,0.0,Bitel,0,0.0,Bitel,0,0.0,Bitel,0,0.0,Bitel,0,1.0,1.0,1.0,1.0,1.0,100.0,BRECHA CRITICA,False,False
1507210074,LIMA,HUAROCHIRI,SAN LORENZO DE QUINTI,SHAQUILLA,RURAL,-12.23239,-76.20983,0.0,0.0,0.0,0.0,0.0,0.0,0.0,0.0,0.0,0.0,0.0,0.0,0.0,0.0,0,0.0,0,0.0,0.0,0.0,0,0.0,0.0,0.9435276374909132,0.0,0.0,0.0,0.03071750464446986,0.0,0.0,0.0,0.0,0.0,Bitel,0,0.03071750464446986,Movistar,0,0.0,Bitel,0,0.0,Bitel,0,1.0,0.9692824953555301,1.0,1.0,1.0,99.39,BRECHA CRITICA,False,False
1507210075,LIMA,HUAROCHIRI,SAN LORENZO DE QUINTI,PACLITO,RURAL,-12.24284,-76.22385,0.0,0.0,0.0,0.0,0.0,0.0,0.0,0.895717300366101,0.0,0.5885082103797413,0.0,0.5047567054558345,0.0,0.0,0,0.0,0,0.0,0.0,0.0,0,0.0,0.0,0.9386217304001914,0.0,0.0,0.0,0.6146251488385126,0.0,0.0,0.0,0.0,0.0,Bitel,0,0.6146251488385126,Movistar,0,0.0,Bitel,0,0.0,Bitel,0,1.0,0.3853748511614874,1.0,1.0,1.0,87.71,COBERTURA PARCIAL,False,False
1507210076,LIMA,HUAROCHIRI,SAN LORENZO DE QUINTI,URACAYAN,RURAL,-12.20005,-76.2267,0.0,0.0,0.0,0.0,0.0,0.0,0.0,0.9999999974974575,0.0,0.9999999974974575,0.0,0.9999999974974573,0.0,0.0,0,0.0,0,0.9999999974974573,0.0,0.9999999974974575,0,0.0,0.0,0.9999999974974528,0.0,0.0,0.0,0.9999999974974573,0.0,0.0,0.0,0.0,0.0,Bitel,0,0.9999999974974575,Entel,3,0.0,Bitel,0,0.0,Bitel,0,1.0,2.5025425065550166e-09,1.0,0.25,1.0,72.5,COBERTURA ALTA,False,False
1507210077,LIMA,HUAROCHIRI,SAN LORENZO DE QUINTI,PATENTE,RURAL,-12.23187,-76.23257,0.0,0.0,0.0,0.0,0.0,0.0,0.0,1.0,0.0,0.7023327446656573,0.0,0.03582064864205058,0.0,0.0,0,0.0,0,0.0,0.0,0.0,0,0.0,0.0,0.6722866370940344,0.0,0.0,0.0,0.6877917883423157,0.0,0.0,0.0,0.0,0.0,Bitel,0,0.6877917883423157,Movistar,0,0.0,Bitel,0,0.0,Bitel,0,1.0,0.3122082116576843,1.0,1.0,1.0,86.24,COBERTURA PARCIAL,False,False
1507210078,LIMA,HUAROCHIRI,SAN LORENZO DE QUINTI,PUCLLUCANCHI,RURAL,-12.24071,-76.23527,0.0,0.0,0.0,0.0,0.0,0.0,0.0,0.8063767978877425,0.0,0.8416990207050851,0.0,0.4471131824795215,0.0,0.0,0,0.0,0,0.0,0.0,0.02517332900223765,0,0.0,0.0,0.7158466479235651,0.0,0.0,0.0,0.7242993998037605,0.0,0.0,0.0,0.0,0.0,Bitel,0,0.7242993998037605,Movistar,0,0.0,Bitel,0,0.0,Bitel,0,1.0,0.27570060019623954,1.0,1.0,1.0,85.51,COBERTURA PARCIAL,False,False
1507210079,LIMA,HUAROCHIRI,SAN LORENZO DE QUINTI,LLIPATA,RURAL,-12.24946,-76.23764,0.0,0.0,0.0,0.0,0.0,0.0,0.0,1.0,0.0,1.0,0.0,1.0,0.0,0.0,0,0.0,0,0.0,0.0,0.8227012688929286,0,0.0,0.0,0.925264967389699,0.0,0.0,0.0,0.951350387060362,0.0,0.0,0.0,0.0,0.0,Bitel,0,1.0,Claro,3,0.0,Bitel,0,0.0,Bitel,0,1.0,0.0,1.0,0.25,1.0,72.5,COBERTURA ALTA,False,False
1507210080,LIMA,HUAROCHIRI,SAN LORENZO DE QUINTI,TUPILLA,RURAL,-12.25797,-76.24165,0.0,0.0,0.0,0.0,0.0,0.0,0.2658735961701384,0.9999999969713582,0.0,0.9999999969713561,0.0,0.9999999969713341,0.0,0.0,0,0.0,0,0.0,0.0,0.134763746134771,0,0.0,0.0,0.5066542014052765,0.0,0.0,0.0,0.5235734469642326,0.0,0.0,0.0,0.0,0.0,Bitel,0,0.9999999969713341,Claro,1,0.0,Bitel,0,0.0,Bitel,0,1.0,3.028665873650027e-09,1.0,0.75,1.0,77.5,COBERTURA ALTA,False,False
1507210082,LIMA,HUAROCHIRI,SAN LORENZO DE QUINTI,SHAJILPA,RURAL,-12.18595,-76.18059,0.0,0.0,0.0,0.0,0.0,0.0,0.0,0.9999999978764874,0.0,0.2052942264903144,0.0,0.1845913160173376,0.0,0.0,0,0.0,0,0.0,0.0,0.0,0,0.0,0.0,0.0,0.0,0.0,0.0,0.0,0.0,0.0,0.0,0.0,0.0,Bitel,0,0.1845913160173376,Claro,0,0.0,Bitel,0,0.0,Bitel,0,1.0,0.8154086839826624,1.0,1.0,1.0,96.31,BRECHA CRITICA,False,False
1507210088,LIMA,HUAROCHIRI,SAN LORENZO DE QUINTI,OCSHA,RURAL,-12.07587,-76.05627,0.0,0.0,0.0,0.0,0.0,0.0,0.0,0.0,0.0,0.0,0.0,0.0,0.0,0.0,0,0.0,0,0.0,0.0,0.0,0,0.0,0.0,0.0,0.0,0.0,0.0,0.0,0.0,0.0,0.0,0.0,0.0,Bitel,0,0.0,Bitel,0,0.0,Bitel,0,0.0,Bitel,0,1.0,1.0,1.0,1.0,1.0,100.0,BRECHA CRITICA,False,False
1507210089,LIMA,HUAROCHIRI,SAN LORENZO DE QUINTI,YASCANCHA,RURAL,-12.06602,-76.03445,0.0,0.0,0.0,0.0,0.0,0.0,0.0,0.0,0.0,0.0,0.0,0.0,0.0,0.0,0,0.0,0,0.0,0.0,0.0,0,0.0,0.0,0.0,0.0,0.0,0.0,0.0,0.0,0.0,0.0,0.0,0.0,Bitel,0,0.0,Bitel,0,0.0,Bitel,0,0.0,Bitel,0,1.0,1.0,1.0,1.0,1.0,100.0,BRECHA CRITICA,False,False
1507210090,LIMA,HUAROCHIRI,SAN LORENZO DE QUINTI,PARIACACHA,RURAL,-12.03475,-76.02355,0.0,0.0,0.0,0.0,0.0,0.0,0.0,0.0,0.0,0.0,0.0,0.0,0.0,0.0,0,0.0,0,0.0,0.0,0.0,0,0.0,0.0,0.0,0.0,0.0,0.0,0.0,0.0,0.0,0.0,0.0,0.0,Bitel,0,0.0,Bitel,0,0.0,Bitel,0,0.0,Bitel,0,1.0,1.0,1.0,1.0,1.0,100.0,BRECHA CRITICA,False,False
1507210091,LIMA,HUAROCHIRI,SAN LORENZO DE QUINTI,JIGA,RURAL,-12.03069,-76.05635,0.0,0.0,0.0,0.0,0.0,0.0,0.0,0.0,0.0,0.0,0.0,0.0,0.0,0.0,0,0.0,0,0.0,0.0,0.0,0,0.0,0.0,0.0,0.0,0.0,0.0,0.0,0.0,0.0,0.0,0.0,0.0,Bitel,0,0.0,Bitel,0,0.0,Bitel,0,0.0,Bitel,0,1.0,1.0,1.0,1.0,1.0,100.0,BRECHA CRITICA,False,False
1507210092,LIMA,HUAROCHIRI,SAN LORENZO DE QUINTI,CHUSPI,RURAL,-12.0184,-76.01992,0.0,0.0,0.0,0.0,0.0,0.0,0.0,0.0,0.0,0.0,0.0,0.0,0.0,0.0,0,0.0,0,0.0,0.0,0.0,0,0.0,0.0,0.0,0.0,0.0,0.0,0.0,0.0,0.0,0.0,0.0,0.0,Bitel,0,0.0,Bitel,0,0.0,Bitel,0,0.0,Bitel,0,1.0,1.0,1.0,1.0,1.0,100.0,BRECHA CRITICA,False,False
1507210094,LIMA,HUAROCHIRI,SAN LORENZO DE QUINTI,ALLAGA,RURAL,-12.23085,-76.22639,0.0,0.0,0.0,0.0,0.0,0.0,0.3780672123188197,0.9999999976209563,0.0,0.9431597471560175,0.0,0.9054270070478889,0.0,0.0,0,0.0,0,0.1098243461571705,0.0,0.1578294616521144,0,0.0,0.0,0.8575450166823605,0.0,0.0,0.0,0.8113607380881902,0.0,0.0,0.0,0.0,0.0,Bitel,0,0.9054270070478889,Claro,2,0.0,Bitel,0,0.0,Bitel,0,1.0,0.09457299295211108,1.0,0.5,1.0,76.89,COBERTURA ALTA,False,False
1507210095,LIMA,HUAROCHIRI,SAN LORENZO DE QUINTI,WASEMANTA,RURAL,-12.23401,-76.206,0.0,0.0,0.0,0.0,0.0,0.0,0.0,0.0,0.0,0.0,0.0,0.0,0.0,0.0,0,0.0,0,0.0,0.0,0.0,0,0.0,0.0,0.6294448568776693,0.0,0.0,0.0,0.0,0.0,0.0,0.0,0.0,0.0,Bitel,0,0.0,Bitel,0,0.0,Bitel,0,0.0,Bitel,0,1.0,1.0,1.0,1.0,1.0,100.0,BRECHA CRITICA,False,False
1507210096,LIMA,HUAROCHIRI,SAN LORENZO DE QUINTI,WILLANGOTA,RURAL,-12.2325,-76.20202,0.0,0.0,0.0,0.0,0.0,0.0,0.0,0.0,0.0,0.0,0.0,0.0,0.0,0.0,0,0.0,0,0.0,0.0,0.0,0,0.0,0.0,0.1736870928452235,0.0,0.0,0.0,0.0,0.0,0.0,0.0,0.0,0.0,Bitel,0,0.0,Bitel,0,0.0,Bitel,0,0.0,Bitel,0,1.0,1.0,1.0,1.0,1.0,100.0,BRECHA CRITICA,False,False
1507210097,LIMA,HUAROCHIRI,SAN LORENZO DE QUINTI,SHUGUTO PUQUIO,RURAL,-12.23016,-76.20622,0.0,0.0,0.0,0.0,0.0,0.0,0.0,0.0,0.0,0.0,0.0,0.0,0.0,0.0,0,0.0,0,0.0,0.0,0.0,0,0.0,0.0,0.5536069989105422,0.0,0.0,0.0,0.0,0.0,0.0,0.0,0.0,0.0,Bitel,0,0.0,Bitel,0,0.0,Bitel,0,0.0,Bitel,0,1.0,1.0,1.0,1.0,1.0,100.0,BRECHA CRITICA,False,False
1507210098,LIMA,HUAROCHIRI,SAN LORENZO DE QUINTI,PARI PARI,RURAL,-12.2297,-76.18186,0.0,0.0,0.0,0.0,0.0,0.0,0.0,0.0,0.0,0.0,0.0,0.0,0.0,0.0,0,0.0,0,0.0,0.0,0.0,0,0.0,0.0,0.0,0.0,0.0,0.0,0.0,0.0,0.0,0.0,0.0,0.0,Bitel,0,0.0,Bitel,0,0.0,Bitel,0,0.0,Bitel,0,1.0,1.0,1.0,1.0,1.0,100.0,BRECHA CRITICA,False,False
1507210099,LIMA,HUAROCHIRI,SAN LORENZO DE QUINTI,ORAPE,RURAL,-12.19249,-76.1957,0.0,0.0,0.0,0.0,0.0,0.0,0.0,0.9999999989513907,0.0,0.958593617288027,0.0,0.9999999989513908,0.0,0.0,0,0.0,0,0.99999999895139,0.0,0.9999999989513984,0,0.0,0.0,0.9999999989513805,0.0,0.0,0.0,0.9999999989514005,0.0,0.0,0.0,0.0,0.0,Bitel,0,0.9999999989514005,Movistar,3,0.0,Bitel,0,0.0,Bitel,0,1.0,1.048599540531825e-09,1.0,0.25,1.0,72.5,COBERTURA ALTA,False,False
1507210100,LIMA,HUAROCHIRI,SAN LORENZO DE QUINTI,MASHINSHE,RURAL,-12.2329,-76.18704,0.0,0.0,0.0,0.0,0.0,0.0,0.0,0.0,0.0,0.0,0.0,0.0,0.0,0.0,0,0.0,0,0.0,0.0,0.0,0,0.0,0.0,0.0,0.0,0.0,0.0,0.0,0.0,0.0,0.0,0.0,0.0,Bitel,0,0.0,Bitel,0,0.0,Bitel,0,0.0,Bitel,0,1.0,1.0,1.0,1.0,1.0,100.0,BRECHA CRITICA,False,False
1507210102,LIMA,HUAROCHIRI,SAN LORENZO DE QUINTI,ANGARA,RURAL,-12.11343,-76.16941,0.0,0.0,0.0,0.0,0.0,0.0,0.0,0.03204173524837664,0.0,1.0,0.0,1.0,0.0,0.0,0,0.0,0,1.0,0.0,1.0,0,0.0,0.811553692825017,1.0,0.0,0.7214330806047201,0.0,1.0,0.0,0.0,0.0,0.0,0.0,Bitel,0,1.0,Claro,3,0.0,Bitel,0,0.0,Bitel,0,1.0,0.0,1.0,0.25,1.0,72.5,COBERTURA ALTA,False,False
1507210103,LIMA,HUAROCHIRI,SAN LORENZO DE QUINTI,COCHANCHE,RURAL,-12.13369,-76.18562,0.0,0.0,0.0,0.0,0.0,0.0,0.0,0.9999999966945053,0.0,0.9150731748327466,0.0,0.8587486700035614,0.0,0.0,0,0.0,0,0.9999999966944685,0.0,0.9999999966944685,0,0.0,0.0,0.999999996694478,0.0,0.0,0.0,0.9668087761022987,0.0,0.0,0.0,0.0,0.0,Bitel,0,0.9999999966944685,Entel,3,0.0,Bitel,0,0.0,Bitel,0,1.0,3.3055315151742093e-09,1.0,0.25,1.0,72.5,COBERTURA ALTA,False,False
1507210104,LIMA,HUAROCHIRI,SAN LORENZO DE QUINTI,YURASCHANCA,RURAL,-12.00032,-76.11646,0.0,0.0,0.0,0.0,0.0,0.0,0.0,0.0,0.0,0.0,0.0,0.0,0.0,0.0,0,0.0,0,0.0,0.0,0.0,0,0.0,0.0,0.0,0.0,0.0,0.0,0.0,0.0,0.0,0.0,0.0,0.0,Bitel,0,0.0,Bitel,0,0.0,Bitel,0,0.0,Bitel,0,1.0,1.0,1.0,1.0,1.0,100.0,BRECHA CRITICA,False,False
1507210106,LIMA,HUAROCHIRI,SAN LORENZO DE QUINTI,SAYHUANCA,RURAL,-12.09222,-76.10896,0.0,0.0,0.0,0.0,0.0,0.0,0.0,0.0,0.0,0.0,0.0,0.0,0.0,0.0,0,0.0,0,0.0,0.0,0.0,0,0.0,0.0,0.0,0.0,0.0,0.0,0.0,0.0,0.0,0.0,0.0,0.0,Bitel,0,0.0,Bitel,0,0.0,Bitel,0,0.0,Bitel,0,1.0,1.0,1.0,1.0,1.0,100.0,BRECHA CRITICA,False,False
1507210107,LIMA,HUAROCHIRI,SAN LORENZO DE QUINTI,KINANGUIA,RURAL,-12.12912,-76.19044,0.0,0.0,0.0,0.0,0.0,0.0,0.0,1.0,0.0,1.0,0.0,1.0,0.0,0.0,0,0.0,0,1.0,0.0,1.0,0,0.0,0.00132919633531576,0.9442839019806102,0.0,0.0,0.0,0.475593537000276,0.0,0.0,0.0,0.0,0.0,Bitel,0,1.0,Claro,2,0.0,Bitel,0,0.0,Bitel,0,1.0,0.0,1.0,0.5,1.0,75.0,COBERTURA ALTA,False,False
1507210108,LIMA,HUAROCHIRI,SAN LORENZO DE QUINTI,LLANCAYA,RURAL,-12.13895,-76.19438,0.0,0.0,0.0,0.0,0.0,0.0,0.0,1.0,0.0,1.0,0.0,0.9338452807396104,0.0,0.0,0,0.0,0,1.0,0.0,1.0,0,0.0,0.9921122748301383,1.0,0.0,0.7242783464373781,0.0,1.0,0.0,0.0,0.0,0.0,0.0,Bitel,0,1.0,Entel,3,0.0,Bitel,0,0.0,Bitel,0,1.0,0.0,1.0,0.25,1.0,72.5,COBERTURA ALTA,False,False
1507210109,LIMA,HUAROCHIRI,SAN LORENZO DE QUINTI,JINAHUA,RURAL,-12.15889,-76.15663,0.0,0.0,0.0,0.0,0.0,0.0,0.0,0.0,0.0,0.0,0.0,0.0,0.0,0.0,0,0.0,0,0.0,0.0,0.0,0,0.0,0.0,0.0,0.0,0.0,0.0,0.0,0.0,0.0,0.0,0.0,0.0,Bitel,0,0.0,Bitel,0,0.0,Bitel,0,0.0,Bitel,0,1.0,1.0,1.0,1.0,1.0,100.0,BRECHA CRITICA,False,False
1507210110,LIMA,HUAROCHIRI,SAN LORENZO DE QUINTI,TOTURA,RURAL,-12.12061,-76.16546,0.0,0.0,0.0,0.0,0.0,0.0,0.0,0.0,0.0,0.8916524720509375,0.0,0.1788675267372563,0.0,0.0,0,0.0,0,0.9999999992790795,0.0,0.9999999992790792,0,0.0,0.0,0.07324828643150014,0.0,0.0,0.0,0.0,0.0,0.0,0.0,0.0,0.0,Bitel,0,0.9999999992790792,Entel,1,0.0,Bitel,0,0.0,Bitel,0,1.0,7.209207675273888e-10,1.0,0.75,1.0,77.5,COBERTURA ALTA,False,False
1507210111,LIMA,HUAROCHIRI,SAN LORENZO DE QUINTI,YANAHUACO,RURAL,-12.16631,-76.17432,0.0,0.0,0.0,0.0,0.0,0.0,0.0,0.0,0.0,0.0,0.0,0.0,0.0,0.0,0,0.0,0,0.0,0.0,0.0,0,0.0,0.0,0.0,0.0,0.0,0.0,0.0,0.0,0.0,0.0,0.0,0.0,Bitel,0,0.0,Bitel,0,0.0,Bitel,0,0.0,Bitel,0,1.0,1.0,1.0,1.0,1.0,100.0,BRECHA CRITICA,False,False
1507210112,LIMA,HUAROCHIRI,SAN LORENZO DE QUINTI,SUNCHURI,RURAL,-12.12349,-76.18628,0.0,0.0,0.0,0.0,0.0,0.0,0.0,0.9971409793471608,0.0,0.9971409793469656,0.0,0.9977812922174736,0.0,0.0,0,0.0,0,0.9999999975405769,0.0,0.9999999975405769,0,0.0,0.0,0.1094304472852102,0.0,0.0,0.0,0.0,0.0,0.0,0.0,0.0,0.0,Bitel,0,0.9999999975405769,Entel,2,0.0,Bitel,0,0.0,Bitel,0,1.0,2.4594231096131125e-09,1.0,0.5,1.0,75.0,COBERTURA ALTA,False,False
1507210113,LIMA,HUAROCHIRI,SAN LORENZO DE QUINTI,JANAHUANA,RURAL,-12.16874,-76.17554,0.0,0.0,0.0,0.0,0.0,0.0,0.0,0.0,0.0,0.0,0.0,0.0,0.0,0.0,0,0.0,0,0.0,0.0,0.0,0,0.0,0.0,0.0,0.0,0.0,0.0,0.0,0.0,0.0,0.0,0.0,0.0,Bitel,0,0.0,Bitel,0,0.0,Bitel,0,0.0,Bitel,0,1.0,1.0,1.0,1.0,1.0,100.0,BRECHA CRITICA,False,False
1507210118,LIMA,HUAROCHIRI,SAN LORENZO DE QUINTI,HUAYLLANCANCHA,RURAL,-12.08855,-76.09172,0.0,0.0,0.0,0.0,0.0,0.0,0.0,0.0,0.0,0.0,0.0,0.0,0.0,0.0,0,0.0,0,0.0,0.0,0.0,0,0.0,0.0,0.0,0.0,0.0,0.0,0.0,0.0,0.0,0.0,0.0,0.0,Bitel,0,0.0,Bitel,0,0.0,Bitel,0,0.0,Bitel,0,1.0,1.0,1.0,1.0,1.0,100.0,BRECHA CRITICA,False,False
1507210119,LIMA,HUAROCHIRI,SAN LORENZO DE QUINTI,CAPILLAYJO,RURAL,-12.03815,-76.1169,0.0,0.0,0.0,0.0,0.0,0.0,0.004209101564350073,1.0,0.0,1.0,0.0,1.0,0.0,0.0,0,0.0,0,0.0,0.0,0.0,0,0.0,0.0,0.0,0.0,0.0,0.0,0.0,0.0,0.0,0.0,0.0,0.0,Bitel,0,1.0,Claro,1,0.0,Bitel,0,0.0,Bitel,0,1.0,0.0,1.0,0.75,1.0,77.5,COBERTURA ALTA,False,False
1507210120,LIMA,HUAROCHIRI,SAN LORENZO DE QUINTI,OPACURO,RURAL,-12.18035,-76.22054,0.0,0.0,0.0,0.0,0.0,0.0,0.0,0.9999999956622193,0.0,0.9999999956622136,0.004512238794916262,0.9999999956621074,0.0,0.0,0,0.0,0,0.9999999956622136,0.0,0.999999995662214,0,0.0,0.5983411845885934,0.9999999956619615,0.0,0.5615843870242122,0.0,0.9999999956622141,0.0,0.0,0.0,0.0,0.004512238794916262,Claro,0,0.9999999956622141,Movistar,3,0.0,Bitel,0,0.0,Bitel,0,0.9954877612050838,4.337785908248293e-09,1.0,0.25,1.0,72.3,COBERTURA ALTA,False,False
1507210121,LIMA,HUAROCHIRI,SAN LORENZO DE QUINTI,ANTARAJRA,RURAL,-12.15811,-76.12421,0.0,0.0,0.0,0.0,0.0,0.0,0.0,0.0,0.0,0.0,0.0,0.0,0.0,0.0,0,0.0,0,0.0,0.0,0.0,0,0.0,0.0,0.0,0.0,0.0,0.0,0.0,0.0,0.0,0.0,0.0,0.0,Bitel,0,0.0,Bitel,0,0.0,Bitel,0,0.0,Bitel,0,1.0,1.0,1.0,1.0,1.0,100.0,BRECHA CRITICA,False,False
1507210122,LIMA,HUAROCHIRI,SAN LORENZO DE QUINTI,HUAYHUACANCHA,RURAL,-12.1739,-76.21061,0.0,0.0,0.0,0.0,0.0,0.0,0.1381277434887417,1.0,0.001966958817320609,1.0,0.8378044258324286,1.0,0.0,0.0,0,0.0,0,1.0,0.0,1.0,0,0.0,0.9041769827051467,1.0,0.0,0.5342873377843103,0.0,1.0,0.0,0.0,0.0,0.0,0.8378044258324286,Claro,1,1.0,Claro,3,0.0,Bitel,0,0.0,Bitel,0,0.16219557416757135,0.0,1.0,0.25,1.0,34.8,COBERTURA ALTA,True,False
1507210123,LIMA,HUAROCHIRI,SAN LORENZO DE QUINTI,PALLACANCHA,RURAL,-12.1269,-76.13787,0.0,0.0,0.0,0.0,0.0,0.0,0.0,0.0,0.0,0.0,0.0,0.0,0.0,0.0,0,0.0,0,0.0,0.0,0.0,0,0.0,0.0,0.0,0.0,0.0,0.0,0.0,0.0,0.0,0.0,0.0,0.0,Bitel,0,0.0,Bitel,0,0.0,Bitel,0,0.0,Bitel,0,1.0,1.0,1.0,1.0,1.0,100.0,BRECHA CRITICA,False,False
1507210124,LIMA,HUAROCHIRI,SAN LORENZO DE QUINTI,TAYAHUAYQUE,RURAL,-12.10137,-76.14256,0.0,0.0,0.0,0.0,0.0,0.0,0.0,0.0,0.0,0.0,0.0,0.0,0.0,0.0,0,0.0,0,0.3847096306708317,0.0,0.4053458703453082,0,0.0,0.0,0.0,0.0,0.0,0.0,0.0,0.0,0.0,0.0,0.0,0.0,Bitel,0,0.4053458703453082,Entel,0,0.0,Bitel,0,0.0,Bitel,0,1.0,0.5946541296546918,1.0,1.0,1.0,91.89,COBERTURA PARCIAL,False,False
1507210125,LIMA,HUAROCHIRI,SAN LORENZO DE QUINTI,ANGO POCULLO,RURAL,-12.08914,-76.10386,0.0,0.0,0.0,0.0,0.0,0.0,0.0,0.0,0.0,0.0,0.0,0.0,0.0,0.0,0,0.0,0,0.0,0.0,0.0,0,0.0,0.0,0.0,0.0,0.0,0.0,0.0,0.0,0.0,0.0,0.0,0.0,Bitel,0,0.0,Bitel,0,0.0,Bitel,0,0.0,Bitel,0,1.0,1.0,1.0,1.0,1.0,100.0,BRECHA CRITICA,False,False
1507210126,LIMA,HUAROCHIRI,SAN LORENZO DE QUINTI,TARACHE,RURAL,-12.17249,-76.21767,0.0,0.0,0.0,0.0,0.0,0.0,0.0,0.9999999982845734,0.0,0.9999999982845734,0.1001294670599829,0.9999999982845749,0.0,0.0,0,0.0,0,0.9999999982845734,0.0,0.9999999982845734,0,0.0,0.9986831743254367,0.9999999982845279,0.0,0.923201583523455,0.0,0.9999999982845734,0.0,0.0,0.0,0.0,0.1001294670599829,Claro,0,0.9999999982845749,Claro,3,0.0,Bitel,0,0.0,Bitel,0,0.8998705329400171,1.7154251352735628e-09,1.0,0.25,1.0,67.99,COBERTURA ALTA,False,False
1507210127,LIMA,HUAROCHIRI,SAN LORENZO DE QUINTI,GUAMOYA,RURAL,-12.1634,-76.21657,0.0,0.0,0.0,0.0,0.0,0.0,0.0,0.9999999981291741,0.0,0.9999999981291741,0.4307265563567323,0.9999999981296388,0.0,0.0,0,0.0,0,0.9999999981291741,0.0,0.9999999981291741,0,0.0,0.9999999981290927,0.9999999981290927,0.0,0.9999999981291045,0.0,0.9999999981291742,0.0,0.0,0.0,0.0,0.4307265563567323,Claro,0,0.9999999981296388,Claro,3,0.0,Bitel,0,0.0,Bitel,0,0.5692734436432677,1.870361199252102e-09,1.0,0.25,1.0,53.12,COBERTURA ALTA,False,False
1507210128,LIMA,HUAROCHIRI,SAN LORENZO DE QUINTI,ACERGUA,RURAL,-12.13362,-76.19411,0.0,0.0,0.0,0.0,0.0,0.0,0.0,0.9999999987731923,0.0,0.9999999987729327,0.0,0.9999999987731902,0.0,0.0,0,0.0,0,0.99999999877319,0.0,0.9999999987731901,0,0.0,0.2385879577295634,0.9999999987731172,0.0,0.05800207004927861,0.0,0.9577240106606633,0.0,0.0,0.0,0.0,0.0,Bitel,0,0.9999999987731902,Claro,3,0.0,Bitel,0,0.0,Bitel,0,1.0,1.2268097648870935e-09,1.0,0.25,1.0,72.5,COBERTURA ALTA,False,False
1507210129,LIMA,HUAROCHIRI,SAN LORENZO DE QUINTI,PAMPA PUQUIO,RURAL,-12.122,-76.17744,0.0,0.0,0.0,0.0,0.0,0.0,0.0,0.9988301740687775,0.0,0.9238074078286557,0.0,0.5771187428920914,0.0,0.0,0,0.0,0,0.9999999978728304,0.0,0.9999999978728306,0,0.0,0.0,0.63931566553185,0.0,0.0,0.0,0.10313400046776,0.0,0.0,0.0,0.0,0.0,Bitel,0,0.9999999978728306,Entel,1,0.0,Bitel,0,0.0,Bitel,0,1.0,2.1271694405911035e-09,1.0,0.75,1.0,77.5,COBERTURA ALTA,False,False
1507210130,LIMA,HUAROCHIRI,SAN LORENZO DE QUINTI,WASELLUMA,RURAL,-12.16075,-76.20915,0.0,0.0,0.0,0.0,0.0,0.0,0.0,1.0,0.6033095075368873,1.0,0.9194557807796035,1.0,0.0,0.0,0,0.0,0,1.0,0.0,1.0,0,0.0,1.0,1.0,0.0,1.0,0.0,1.0,0.0,0.0,0.0,0.0,0.9194557807796035,Claro,1,1.0,Claro,3,0.0,Bitel,0,0.0,Bitel,0,0.08054421922039645,0.0,1.0,0.25,1.0,31.12,COBERTURA ALTA,True,False
1507210131,LIMA,HUAROCHIRI,SAN LORENZO DE QUINTI,CALIENTE,RURAL,-12.08999,-76.12627,0.0,0.0,0.0,0.0,0.0,0.0,0.0,0.0,0.0,0.0,0.0,0.0,0.0,0.0,0,0.0,0,0.0,0.0,0.0,0,0.0,0.0,0.0,0.0,0.0,0.0,0.0,0.0,0.0,0.0,0.0,0.0,Bitel,0,0.0,Bitel,0,0.0,Bitel,0,0.0,Bitel,0,1.0,1.0,1.0,1.0,1.0,100.0,BRECHA CRITICA,False,False
1507210132,LIMA,HUAROCHIRI,SAN LORENZO DE QUINTI,PICHEQUE,RURAL,-12.16357,-76.17721,0.0,0.0,0.0,0.0,0.0,0.0,0.0,0.0,0.0,0.0,0.0,0.0,0.0,0.0,0,0.0,0,0.0,0.0,0.0,0,0.0,0.0,0.0,0.0,0.0,0.0,0.0,0.0,0.0,0.0,0.0,0.0,Bitel,0,0.0,Bitel,0,0.0,Bitel,0,0.0,Bitel,0,1.0,1.0,1.0,1.0,1.0,100.0,BRECHA CRITICA,False,False
1507210133,LIMA,HUAROCHIRI,SAN LORENZO DE QUINTI,CANTUSHA,RURAL,-12.16187,-76.1773,0.0,0.0,0.0,0.0,0.0,0.0,0.0,0.0,0.0,0.0,0.0,0.0,0.0,0.0,0,0.0,0,0.0,0.0,0.0,0,0.0,0.0,0.0,0.0,0.0,0.0,0.0,0.0,0.0,0.0,0.0,0.0,Bitel,0,0.0,Bitel,0,0.0,Bitel,0,0.0,Bitel,0,1.0,1.0,1.0,1.0,1.0,100.0,BRECHA CRITICA,False,False
1507210134,LIMA,HUAROCHIRI,SAN LORENZO DE QUINTI,YAULI,RURAL,-12.16927,-76.17455,0.0,0.0,0.0,0.0,0.0,0.0,0.0,0.0,0.0,0.0,0.0,0.0,0.0,0.0,0,0.0,0,0.0,0.0,0.0,0,0.0,0.0,0.0,0.0,0.0,0.0,0.0,0.0,0.0,0.0,0.0,0.0,Bitel,0,0.0,Bitel,0,0.0,Bitel,0,0.0,Bitel,0,1.0,1.0,1.0,1.0,1.0,100.0,BRECHA CRITICA,False,False
1507210136,LIMA,HUAROCHIRI,SAN LORENZO DE QUINTI,CHUPAHUARA,RURAL,-12.1651,-76.15445,0.0,0.0,0.0,0.0,0.0,0.0,0.0,0.0,0.0,0.0,0.0,0.0,0.0,0.0,0,0.0,0,0.0,0.0,0.0,0,0.0,0.0,0.0,0.0,0.0,0.0,0.0,0.0,0.0,0.0,0.0,0.0,Bitel,0,0.0,Bitel,0,0.0,Bitel,0,0.0,Bitel,0,1.0,1.0,1.0,1.0,1.0,100.0,BRECHA CRITICA,False,False
1507210137,LIMA,HUAROCHIRI,SAN LORENZO DE QUINTI,CARHUATIANA,RURAL,-12.15212,-76.16967,0.0,0.0,0.0,0.0,0.0,0.0,0.0,0.1727364498605543,0.0,0.0,0.0,0.03914857249335793,0.0,0.0,0,0.0,0,0.8603668928303548,0.0,0.7107754086177017,0,0.0,0.0,0.0,0.0,0.0,0.0,0.0,0.0,0.0,0.0,0.0,0.0,Bitel,0,0.7107754086177017,Entel,0,0.0,Bitel,0,0.0,Bitel,0,1.0,0.2892245913822983,1.0,1.0,1.0,85.78,COBERTURA PARCIAL,False,False
1507210138,LIMA,HUAROCHIRI,SAN LORENZO DE QUINTI,ROMICHACA,RURAL,-12.1576,-76.16279,0.0,0.0,0.0,0.0,0.0,0.0,0.0,0.0,0.0,0.0,0.0,0.0,0.0,0.0,0,0.0,0,0.0,0.0,0.0,0,0.0,0.0,0.0,0.0,0.0,0.0,0.0,0.0,0.0,0.0,0.0,0.0,Bitel,0,0.0,Bitel,0,0.0,Bitel,0,0.0,Bitel,0,1.0,1.0,1.0,1.0,1.0,100.0,BRECHA CRITICA,False,False
1507210139,LIMA,HUAROCHIRI,SAN LORENZO DE QUINTI,LLOLLUN,RURAL,-12.14633,-76.17347,0.0,0.0,0.0,0.0,0.0,0.0,0.0,7.458386090609893e-05,0.0,0.0,0.0,0.0,0.0,0.0,0,0.0,0,0.04787388807956267,0.0,0.04787388807956267,0,0.0,0.0,0.0,0.0,0.0,0.0,0.0,0.0,0.0,0.0,0.0,0.0,Bitel,0,0.04787388807956267,Entel,0,0.0,Bitel,0,0.0,Bitel,0,1.0,0.9521261119204373,1.0,1.0,1.0,99.04,BRECHA CRITICA,False,False
1507210140,LIMA,HUAROCHIRI,SAN LORENZO DE QUINTI,CHICLLAGOTO,RURAL,-12.20044,-76.20843,0.0,0.0,0.0,0.0,0.0,0.0,0.0,0.9999999960848925,0.0,0.999999996084483,0.0,0.9999999960848925,0.0,0.0,0,0.0,0,0.9999999960848927,0.0,0.944351215669728,0,0.0,0.5045486964470914,0.9999999960848176,0.0,0.01098009078198311,0.0,0.9999999960848927,0.0,0.0,0.0,0.0,0.0,Bitel,0,0.9999999960848927,Movistar,3,0.0,Bitel,0,0.0,Bitel,0,1.0,3.915107349428126e-09,1.0,0.25,1.0,72.5,COBERTURA ALTA,False,False
1507210141,LIMA,HUAROCHIRI,SAN LORENZO DE QUINTI,TAPUCALLA,RURAL,-12.20353,-76.17454,0.0,0.0,0.0,0.0,0.0,0.0,0.0,0.06991685599195509,0.0,0.0,0.0,0.0,0.0,0.0,0,0.0,0,0.0,0.0,0.07350411214620238,0,0.0,0.0,0.0,0.0,0.0,0.0,0.0,0.0,0.0,0.0,0.0,0.0,Bitel,0,0.07350411214620238,Entel,0,0.0,Bitel,0,0.0,Bitel,0,1.0,0.9264958878537977,1.0,1.0,1.0,98.53,BRECHA CRITICA,False,False
1507210142,LIMA,HUAROCHIRI,SAN LORENZO DE QUINTI,LAMA,RURAL,-12.21507,-76.22648,0.0,0.0,0.0,0.0,0.0,0.0,0.8407090310422793,0.9999999994773984,0.1913009935677724,0.9999999994775371,0.03021034261889126,0.9999999994773907,0.0,0.0,0,0.0,0,0.9999999994773906,0.0,0.9999999994773907,0,0.0,0.0,0.9999999994773906,0.0,0.0,0.0,0.9999999994773906,0.0,0.0,0.0,0.0,0.03021034261889126,Claro,0,0.9999999994773907,Claro,3,0.0,Bitel,0,0.0,Bitel,0,0.9697896573811088,5.22609289177467e-10,1.0,0.25,1.0,71.14,COBERTURA ALTA,False,False
1507210143,LIMA,HUAROCHIRI,SAN LORENZO DE QUINTI,YUCAMUNI,RURAL,-12.2258,-76.23689,0.0,0.0,0.0,0.0,0.0,0.0,0.02070512332755127,1.0,0.02070512332747896,1.0,0.0,0.918239348019176,0.0,0.0,0,0.0,0,0.1661023902519452,0.0,0.1374260261196736,0,0.0,0.0,0.6587843806999236,0.0,0.0,0.0,0.7151569931048523,0.0,0.0,0.0,0.0,0.0,Bitel,0,0.918239348019176,Claro,1,0.0,Bitel,0,0.0,Bitel,0,1.0,0.08176065198082405,1.0,0.75,1.0,79.14,COBERTURA ALTA,False,False
1507210144,LIMA,HUAROCHIRI,SAN LORENZO DE QUINTI,SAN JUAN DE LLEPATA,RURAL,-12.24292,-76.22983,0.0,0.0,0.0,0.0,0.0,0.0,0.0,0.9978286728057114,0.0,0.9065748438979817,0.0,0.6729144989618581,0.0,0.0,0,0.0,0,0.0,0.0,0.0,0,0.0,0.0,0.492502054502157,0.0,0.0,0.0,0.4119959966288918,0.0,0.0,0.0,0.0,0.0,Bitel,0,0.6729144989618581,Claro,0,0.0,Bitel,0,0.0,Bitel,0,1.0,0.32708550103814193,1.0,1.0,1.0,86.54,COBERTURA PARCIAL,False,False
1507210145,LIMA,HUAROCHIRI,SAN LORENZO DE QUINTI,SAN JOSE DE CANCHARAN,RURAL,-12.2422,-76.23119,0.0,0.0,0.0,0.0,0.0,0.0,0.0,0.9989595957666558,0.0,0.8444715795012652,0.0,0.4568313376747573,0.0,0.0,0,0.0,0,0.0,0.0,0.0,0,0.0,0.0,0.5481393940590914,0.0,0.0,0.0,0.5408401814146221,0.0,0.0,0.0,0.0,0.0,Bitel,0,0.5408401814146221,Movistar,0,0.0,Bitel,0,0.0,Bitel,0,1.0,0.4591598185853779,1.0,1.0,1.0,89.18,COBERTURA PARCIAL,False,False
1507210146,LIMA,HUAROCHIRI,SAN LORENZO DE QUINTI,HUALLAYA,RURAL,-12.25572,-76.19877,0.0,0.0,0.0,0.0,0.0,0.0,0.0,0.0,0.0,0.0,0.0,0.0,0.0,0.0,0,0.0,0,0.0,0.0,0.0,0,0.0,0.0,0.5977875058473712,0.0,0.0,0.0,0.1256209192891159,0.0,0.0,0.0,0.0,0.0,Bitel,0,0.1256209192891159,Movistar,0,0.0,Bitel,0,0.0,Bitel,0,1.0,0.8743790807108841,1.0,1.0,1.0,97.49,BRECHA CRITICA,False,False
1507210147,LIMA,HUAROCHIRI,SAN LORENZO DE QUINTI,LIA,RURAL,-12.22958,-76.18081,0.0,0.0,0.0,0.0,0.0,0.0,0.0,0.0,0.0,0.0,0.0,0.0,0.0,0.0,0,0.0,0,0.0,0.0,0.0,0,0.0,0.0,0.0,0.0,0.0,0.0,0.0,0.0,0.0,0.0,0.0,0.0,Bitel,0,0.0,Bitel,0,0.0,Bitel,0,0.0,Bitel,0,1.0,1.0,1.0,1.0,1.0,100.0,BRECHA CRITICA,False,False
1507210148,LIMA,HUAROCHIRI,SAN LORENZO DE QUINTI,PINCULLUYO,RURAL,-12.23774,-76.17138,0.0,0.0,0.0,0.0,0.0,0.0,0.0,0.0,0.0,0.0,0.0,0.0,0.0,0.0,0,0.0,0,0.0,0.0,0.0,0,0.0,0.0,0.0,0.0,0.0,0.0,0.0,0.0,0.0,0.0,0.0,0.0,Bitel,0,0.0,Bitel,0,0.0,Bitel,0,0.0,Bitel,0,1.0,1.0,1.0,1.0,1.0,100.0,BRECHA CRITICA,False,False
1507210149,LIMA,HUAROCHIRI,SAN LORENZO DE QUINTI,CANCHAMARCA,RURAL,-12.20908,-76.1683,0.0,0.0,0.0,0.0,0.0,0.0,0.0,0.0,0.0,0.0,0.0,0.0,0.0,0.0,0,0.0,0,0.0,0.0,0.0,0,0.0,0.0,0.0,0.0,0.0,0.0,0.0,0.0,0.0,0.0,0.0,0.0,Bitel,0,0.0,Bitel,0,0.0,Bitel,0,0.0,Bitel,0,1.0,1.0,1.0,1.0,1.0,100.0,BRECHA CRITICA,False,False
1507210150,LIMA,HUAROCHIRI,SAN LORENZO DE QUINTI,MAYARI,RURAL,-12.11846,-76.15835,0.0,0.0,0.0,0.0,0.0,0.0,0.0,0.006133417823194153,0.0,0.6029399390244441,0.0,0.0,0.0,0.0,0,0.0,0,0.9802208357047066,0.0,1.0,0,0.0,0.0,0.0,0.0,0.0,0.0,0.0,0.0,0.0,0.0,0.0,0.0,Bitel,0,1.0,Entel,1,0.0,Bitel,0,0.0,Bitel,0,1.0,0.0,1.0,0.75,1.0,77.5,COBERTURA ALTA,False,False
1507210151,LIMA,HUAROCHIRI,SAN LORENZO DE QUINTI,ALTILLO,RURAL,-12.11111,-76.17063,0.0,0.0,0.0,0.0,0.0,0.0,0.0,0.5990002189036864,0.0,1.0,0.0,0.9999928231090406,0.0,0.0,0,0.0,0,1.0,0.0,1.0,0,0.0,0.8446709343228345,1.0,0.0,0.7961694606011783,0.0,1.0,0.0,0.0,0.0,0.0,0.0,Bitel,0,1.0,Entel,3,0.0,Bitel,0,0.0,Bitel,0,1.0,0.0,1.0,0.25,1.0,72.5,COBERTURA ALTA,False,False
1507210152,LIMA,HUAROCHIRI,SAN LORENZO DE QUINTI,ANTASHICA,RURAL,-12.12046,-76.17648,0.0,0.0,0.0,0.0,0.0,0.0,0.0,0.6001201246200644,0.0,0.8885019668361261,0.0,0.6801498783432306,0.0,0.0,0,0.0,0,1.0,0.0,1.0,0,0.0,0.0,0.6691048674723873,0.0,0.0,0.0,0.0683244639859572,0.0,0.0,0.0,0.0,0.0,Bitel,0,1.0,Entel,1,0.0,Bitel,0,0.0,Bitel,0,1.0,0.0,1.0,0.75,1.0,77.5,COBERTURA ALTA,False,False
1507210153,LIMA,HUAROCHIRI,SAN LORENZO DE QUINTI,CONDORPIANA,RURAL,-12.11585,-76.16438,0.0,0.0,0.0,0.0,0.0,0.0,0.0,0.0,0.0,0.5203217133824968,0.0,0.2149403336671453,0.0,0.0,0,0.0,0,0.9999999909425233,0.0,0.999999990942523,0,0.0,0.0,0.9394801701263921,0.0,0.0,0.0,0.03385874960513648,0.0,0.0,0.0,0.0,0.0,Bitel,0,0.999999990942523,Entel,1,0.0,Bitel,0,0.0,Bitel,0,1.0,9.057476990648183e-09,1.0,0.75,1.0,77.5,COBERTURA ALTA,False,False
1507210154,LIMA,HUAROCHIRI,SAN LORENZO DE QUINTI,GUCHUMARIA,RURAL,-12.12162,-76.18372,0.0,0.0,0.0,0.0,0.0,0.0,0.0,0.9261521728378691,0.0,0.9793020138178908,0.0,0.9999999985769985,0.0,0.0,0,0.0,0,0.9999999985769984,0.0,0.9999999985769985,0,0.0,0.0,0.05923912682368163,0.0,0.0,0.0,0.01324671024582888,0.0,0.0,0.0,0.0,0.0,Bitel,0,0.9999999985769985,Claro,2,0.0,Bitel,0,0.0,Bitel,0,1.0,1.4230014944160985e-09,1.0,0.5,1.0,75.0,COBERTURA ALTA,False,False
1507210155,LIMA,HUAROCHIRI,SAN LORENZO DE QUINTI,ISHPA,RURAL,-12.1624,-76.16837,0.0,0.0,0.0,0.0,0.0,0.0,0.0,0.0,0.0,0.0,0.0,0.0,0.0,0.0,0,0.0,0,0.0,0.0,0.0,0,0.0,0.0,0.0,0.0,0.0,0.0,0.0,0.0,0.0,0.0,0.0,0.0,Bitel,0,0.0,Bitel,0,0.0,Bitel,0,0.0,Bitel,0,1.0,1.0,1.0,1.0,1.0,100.0,BRECHA CRITICA,False,False
1507210156,LIMA,HUAROCHIRI,SAN LORENZO DE QUINTI,ONOSAMPE,RURAL,-12.12527,-76.18208,0.0,0.0,0.0,0.0,0.0,0.0,0.0,0.7663283761695208,0.0,0.9999999928603819,0.0,0.9999999928603714,0.0,0.0,0,0.0,0,0.9999999928603747,0.0,0.9999999928603746,0,0.0,0.0,0.9316897593956137,0.0,0.0,0.0,0.6295299233781462,0.0,0.0,0.0,0.0,0.0,Bitel,0,0.9999999928603746,Entel,2,0.0,Bitel,0,0.0,Bitel,0,1.0,7.139625446406228e-09,1.0,0.5,1.0,75.0,COBERTURA ALTA,False,False
1507210157,LIMA,HUAROCHIRI,SAN LORENZO DE QUINTI,PAMPARON,RURAL,-12.16926,-76.16102,0.0,0.0,0.0,0.0,0.0,0.0,0.0,0.1439672574709751,0.0,0.0,0.0,0.0,0.0,0.0,0,0.0,0,0.0,0.0,0.0,0,0.0,0.0,0.0,0.0,0.0,0.0,0.0,0.0,0.0,0.0,0.0,0.0,Bitel,0,0.0,Bitel,0,0.0,Bitel,0,0.0,Bitel,0,1.0,1.0,1.0,1.0,1.0,100.0,BRECHA CRITICA,False,False
1507210163,LIMA,HUAROCHIRI,SAN LORENZO DE QUINTI,CHAUCHAMASCA,RURAL,-12.16792,-76.21485,0.0,0.0,0.0,0.0,0.0,0.0,0.0,0.9999999985301385,0.00911168193957225,0.999999998530206,0.5458544258236744,0.9999999985303148,0.0,0.0,0,0.0,0,0.9999999985301385,0.0,0.9999999985301388,0,0.0,0.9999999985303909,0.9999999985303911,0.0,0.9878989426528072,0.0,0.9999999985303519,0.0,0.0,0.0,0.0,0.5458544258236744,Claro,0,0.9999999985303519,Movistar,3,0.0,Bitel,0,0.0,Bitel,0,0.4541455741763256,1.4696480699072367e-09,1.0,0.25,1.0,47.94,COBERTURA ALTA,False,False
1507210164,LIMA,HUAROCHIRI,SAN LORENZO DE QUINTI,SURTUCANCHA,RURAL,-12.14076,-76.17613,0.0,0.0,0.0,0.0,0.0,0.0,0.0,0.8284105390027641,0.0,0.1318764596123385,0.0,0.244487018812417,0.0,0.0,0,0.0,0,1.0,0.0,1.0,0,0.0,0.0,0.3812742225482748,0.0,0.0,0.0,0.0,0.0,0.0,0.0,0.0,0.0,Bitel,0,1.0,Entel,1,0.0,Bitel,0,0.0,Bitel,0,1.0,0.0,1.0,0.75,1.0,77.5,COBERTURA ALTA,False,False
1507210165,LIMA,HUAROCHIRI,SAN LORENZO DE QUINTI,LLIGASA,RURAL,-12.12317,-76.18422,0.0,0.0,0.0,0.0,0.0,0.0,0.0,0.8965095259182234,0.0,0.9793019037389502,0.0,0.9999999981941503,0.0,0.0,0,0.0,0,0.9999999981941505,0.0,0.9999999981941505,0,0.0,0.0,0.2071084563975522,0.0,0.0,0.0,0.02765773226418918,0.0,0.0,0.0,0.0,0.0,Bitel,0,0.9999999981941505,Entel,2,0.0,Bitel,0,0.0,Bitel,0,1.0,1.805849469960208e-09,1.0,0.5,1.0,75.0,COBERTURA ALTA,False,False
1507210167,LIMA,HUAROCHIRI,SAN LORENZO DE QUINTI,LUCMA,RURAL,-12.14257,-76.1583,0.0,0.0,0.0,0.0,0.0,0.0,0.0,0.08211839719408563,0.0,0.0,0.0,0.0,0.0,0.0,0,0.0,0,0.0,0.0,0.0,0,0.0,0.0,0.0,0.0,0.0,0.0,0.0,0.0,0.0,0.0,0.0,0.0,Bitel,0,0.0,Bitel,0,0.0,Bitel,0,0.0,Bitel,0,1.0,1.0,1.0,1.0,1.0,100.0,BRECHA CRITICA,False,False
1507210169,LIMA,HUAROCHIRI,SAN LORENZO DE QUINTI,PICHACARUMI,RURAL,-12.12938,-76.18818,0.0,0.0,0.0,0.0,0.0,0.0,0.0,0.9696301083210177,0.0,0.9999999952205966,0.0,0.9999999952205966,0.0,0.0,0,0.0,0,0.9999999952205966,0.0,0.9999999952205966,0,0.0,0.01655880628406368,0.9999999952205997,0.0,0.0,0.0,0.84574742518904,0.0,0.0,0.0,0.0,0.0,Bitel,0,0.9999999952205966,Claro,3,0.0,Bitel,0,0.0,Bitel,0,1.0,4.7794034285786324e-09,1.0,0.25,1.0,72.5,COBERTURA ALTA,False,False
1507210171,LIMA,HUAROCHIRI,SAN LORENZO DE QUINTI,GUALLAGUARA,RURAL,-12.15086,-76.20622,0.0,0.0,0.0,0.0,0.0,0.0,0.0,1.0,0.0,1.0,0.09025566857816687,1.0,0.0,0.0,0,0.0,0,1.0,0.0,1.0,0,0.0,1.0,1.0,0.0,1.0,0.0,1.0,0.0,0.0,0.0,0.0,0.09025566857816687,Claro,0,1.0,Claro,3,0.0,Bitel,0,0.0,Bitel,0,0.9097443314218331,0.0,1.0,0.25,1.0,68.44,COBERTURA ALTA,False,False
1507210172,LIMA,HUAROCHIRI,SAN LORENZO DE QUINTI,PASE,RURAL,-12.15744,-76.20716,0.0,0.0,0.0,0.0,0.0,0.0,0.0,1.0,0.1193610645429154,1.0,0.892452934484121,1.0,0.0,0.0,0,0.0,0,1.0,0.0,1.0,0,0.0,1.0,1.0,0.0,1.0,0.0,1.0,0.0,0.0,0.0,0.0,0.892452934484121,Claro,1,1.0,Claro,3,0.0,Bitel,0,0.0,Bitel,0,0.107547065515879,0.0,1.0,0.25,1.0,32.34,COBERTURA ALTA,True,False
1507210173,LIMA,HUAROCHIRI,SAN LORENZO DE QUINTI,HUACHIPAMPA PUEBLO,RURAL,-12.05485,-76.04313,0.0,0.0,0.0,0.0,0.0,0.0,0.0,0.0,0.0,0.0,0.0,0.0,0.0,0.0,0,0.0,0,0.0,0.0,0.0,0,0.0,0.0,0.0,0.0,0.0,0.0,0.0,0.0,0.0,0.0,0.0,0.0,Bitel,0,0.0,Bitel,0,0.0,Bitel,0,0.0,Bitel,0,1.0,1.0,1.0,1.0,1.0,100.0,BRECHA CRITICA,False,False
1507210174,LIMA,HUAROCHIRI,SAN LORENZO DE QUINTI,SHITJA,RURAL,-12.05537,-76.05656,0.0,0.0,0.0,0.0,0.0,0.0,0.0,0.0,0.0,0.0,0.0,0.0,0.0,0.0,0,0.0,0,0.0,0.0,0.0,0,0.0,0.0,0.0,0.0,0.0,0.0,0.0,0.0,0.0,0.0,0.0,0.0,Bitel,0,0.0,Bitel,0,0.0,Bitel,0,0.0,Bitel,0,1.0,1.0,1.0,1.0,1.0,100.0,BRECHA CRITICA,False,False
1507210175,LIMA,HUAROCHIRI,SAN LORENZO DE QUINTI,CHAJLAHUAY,RURAL,-12.05312,-76.06001,0.0,0.0,0.0,0.0,0.0,0.0,0.0,0.0,0.0,0.0,0.0,0.0,0.0,0.0,0,0.0,0,0.0,0.0,0.0,0,0.0,0.0,0.0,0.0,0.0,0.0,0.0,0.0,0.0,0.0,0.0,0.0,Bitel,0,0.0,Bitel,0,0.0,Bitel,0,0.0,Bitel,0,1.0,1.0,1.0,1.0,1.0,100.0,BRECHA CRITICA,False,False
1507210177,LIMA,HUAROCHIRI,SAN LORENZO DE QUINTI,TAYACANCHE,RURAL,-12.0927,-76.14201,0.0,0.0,0.0,0.0,0.0,0.0,0.0,0.0,0.0,0.0,0.0,0.0,0.0,0.0,0,0.0,0,0.0,0.0,0.0,0,0.0,0.0,0.0,0.0,0.0,0.0,0.0,0.0,0.0,0.0,0.0,0.0,Bitel,0,0.0,Bitel,0,0.0,Bitel,0,0.0,Bitel,0,1.0,1.0,1.0,1.0,1.0,100.0,BRECHA CRITICA,False,False
1507210181,LIMA,HUAROCHIRI,SAN LORENZO DE QUINTI,ANTAPUCRO,RURAL,-12.14038,-76.19918,0.0,0.0,0.0,0.0,0.0,0.0,0.0,1.0,0.0,1.0,0.0,1.0,0.0,0.0,0,0.0,0,1.0,0.0,1.0,0,0.0,1.0,1.0,0.0,0.9966881344337644,0.0,1.0,0.0,0.0,0.0,0.0,0.0,Bitel,0,1.0,Claro,3,0.0,Bitel,0,0.0,Bitel,0,1.0,0.0,1.0,0.25,1.0,72.5,COBERTURA ALTA,False,False
1507210182,LIMA,HUAROCHIRI,SAN LORENZO DE QUINTI,RAHUAYQUE,RURAL,-12.14211,-76.20495,0.0,0.0,0.0,0.0,0.0,0.0,0.0,0.9999999980183147,0.0,0.9999999980183149,0.0,0.9999999980183149,0.0,0.0,0,0.0,0,0.9999999980183147,0.0,0.9999999980182656,0,0.0,0.9999999980183147,0.9999999980183149,0.0,0.9999999980183147,0.0,0.9999999980183149,0.0,0.0,0.0,0.0,0.0,Bitel,0,0.9999999980183149,Claro,3,0.0,Bitel,0,0.0,Bitel,0,1.0,1.981685149310408e-09,1.0,0.25,1.0,72.5,COBERTURA ALTA,False,False
1507210183,LIMA,HUAROCHIRI,SAN LORENZO DE QUINTI,AMACUNA,RURAL,-12.14314,-76.20898,0.0,0.0,0.0,0.0,0.0,0.0,0.0,1.0,0.0,1.0,0.0,1.0,0.0,0.0,0,0.0,0,1.0,0.0,1.0,0,0.0,1.0,1.0,0.0,1.0,0.0,1.0,0.0,0.0,0.0,0.0,0.0,Bitel,0,1.0,Claro,3,0.0,Bitel,0,0.0,Bitel,0,1.0,0.0,1.0,0.25,1.0,72.5,COBERTURA ALTA,False,False
1507210184,LIMA,HUAROCHIRI,SAN LORENZO DE QUINTI,COCHAPUQUIO,RURAL,-12.1218,-76.1663,0.0,0.0,0.0,0.0,0.0,0.0,0.0,0.0,0.0,0.7766180147644774,0.0,0.08553485312955089,0.0,0.0,0,0.0,0,1.0,0.0,1.0,0,0.0,0.0,0.0005941468589257674,0.0,0.0,0.0,0.0,0.0,0.0,0.0,0.0,0.0,Bitel,0,1.0,Entel,1,0.0,Bitel,0,0.0,Bitel,0,1.0,0.0,1.0,0.75,1.0,77.5,COBERTURA ALTA,False,False
1507210187,LIMA,HUAROCHIRI,SAN LORENZO DE QUINTI,RARPA,RURAL,-12.15964,-76.17972,0.0,0.0,0.0,0.0,0.0,0.0,0.0,0.0,0.0,0.0,0.0,0.0,0.0,0.0,0,0.0,0,0.0,0.0,0.0,0,0.0,0.0,0.0,0.0,0.0,0.0,0.0,0.0,0.0,0.0,0.0,0.0,Bitel,0,0.0,Bitel,0,0.0,Bitel,0,0.0,Bitel,0,1.0,1.0,1.0,1.0,1.0,100.0,BRECHA CRITICA,False,False
1507210192,LIMA,HUAROCHIRI,SAN LORENZO DE QUINTI,RUNTUPAMPA,RURAL,-12.19475,-76.17434,0.0,0.0,0.0,0.0,0.0,0.0,0.0,0.9796572182721156,0.0,0.0,0.0,0.9999999953971606,0.0,0.0,0,0.0,0,0.0,0.0,0.0,0,0.0,0.0,0.0,0.0,0.0,0.0,0.0,0.0,0.0,0.0,0.0,0.0,Bitel,0,0.9999999953971606,Claro,1,0.0,Bitel,0,0.0,Bitel,0,1.0,4.602839442924278e-09,1.0,0.75,1.0,77.5,COBERTURA ALTA,False,False
1507210193,LIMA,HUAROCHIRI,SAN LORENZO DE QUINTI,RAYRA,RURAL,-12.18503,-76.1535,0.0,0.0,0.0,0.0,0.0,0.0,0.0,0.0,0.0,0.0,0.0,0.0,0.0,0.0,0,0.0,0,0.0,0.0,0.0,0,0.0,0.0,0.0,0.0,0.0,0.0,0.0,0.0,0.0,0.0,0.0,0.0,Bitel,0,0.0,Bitel,0,0.0,Bitel,0,0.0,Bitel,0,1.0,1.0,1.0,1.0,1.0,100.0,BRECHA CRITICA,False,False
1507210194,LIMA,HUAROCHIRI,SAN LORENZO DE QUINTI,TICTICANCHA,RURAL,-12.18142,-76.1625,0.0,0.0,0.0,0.0,0.0,0.0,0.0,0.7879671010535725,0.0,0.0,0.0,0.0,0.0,0.0,0,0.0,0,0.0,0.0,0.0,0,0.0,0.0,0.0,0.0,0.0,0.0,0.0,0.0,0.0,0.0,0.0,0.0,Bitel,0,0.0,Bitel,0,0.0,Bitel,0,0.0,Bitel,0,1.0,1.0,1.0,1.0,1.0,100.0,BRECHA CRITICA,False,False
1507210197,LIMA,HUAROCHIRI,SAN LORENZO DE QUINTI,CARJHUAPUQUIO,RURAL,-12.16454,-76.14768,0.0,0.0,0.0,0.0,0.0,0.0,0.0,0.0,0.0,0.0,0.0,0.0,0.0,0.0,0,0.0,0,0.0,0.0,0.0,0,0.0,0.0,0.0,0.0,0.0,0.0,0.0,0.0,0.0,0.0,0.0,0.0,Bitel,0,0.0,Bitel,0,0.0,Bitel,0,0.0,Bitel,0,1.0,1.0,1.0,1.0,1.0,100.0,BRECHA CRITICA,False,False
1507210201,LIMA,HUAROCHIRI,SAN LORENZO DE QUINTI,TALLIKA,RURAL,-12.17637,-76.18355,0.0,0.0,0.0,0.0,0.0,0.0,0.0,0.0,0.0,0.0,0.0,0.0,0.0,0.0,0,0.0,0,0.0,0.0,0.0,0,0.0,0.0,0.0,0.0,0.0,0.0,0.0,0.0,0.0,0.0,0.0,0.0,Bitel,0,0.0,Bitel,0,0.0,Bitel,0,0.0,Bitel,0,1.0,1.0,1.0,1.0,1.0,100.0,BRECHA CRITICA,False,False
1507210202,LIMA,HUAROCHIRI,SAN LORENZO DE QUINTI,PUCRO,RURAL,-12.18129,-76.18375,0.0,0.0,0.0,0.0,0.0,0.0,0.0,0.5385432800410195,0.0,0.1818594915971908,0.0,0.2220372348611698,0.0,0.0,0,0.0,0,0.0,0.0,0.0,0,0.0,0.0,0.0,0.0,0.0,0.0,0.0,0.0,0.0,0.0,0.0,0.0,Bitel,0,0.2220372348611698,Claro,0,0.0,Bitel,0,0.0,Bitel,0,1.0,0.7779627651388302,1.0,1.0,1.0,95.56,COBERTURA PARCIAL,False,False
1507210203,LIMA,HUAROCHIRI,SAN LORENZO DE QUINTI,HUAYGUACA,RURAL,-12.18665,-76.18136,0.0,0.0,0.0,0.0,0.0,0.0,0.0,0.9999999964507137,0.0,0.4454441516855061,0.0,0.4502994487201166,0.0,0.0,0,0.0,0,0.0,0.0,0.0,0,0.0,0.0,0.0,0.0,0.0,0.0,0.0,0.0,0.0,0.0,0.0,0.0,Bitel,0,0.4502994487201166,Claro,0,0.0,Bitel,0,0.0,Bitel,0,1.0,0.5497005512798834,1.0,1.0,1.0,90.99,COBERTURA PARCIAL,False,False
1507210204,LIMA,HUAROCHIRI,SAN LORENZO DE QUINTI,AGUAMPE,RURAL,-12.17034,-76.18057,0.0,0.0,0.0,0.0,0.0,0.0,0.0,0.0,0.0,0.0,0.0,0.0,0.0,0.0,0,0.0,0,0.0,0.0,0.0,0,0.0,0.0,0.0,0.0,0.0,0.0,0.0,0.0,0.0,0.0,0.0,0.0,Bitel,0,0.0,Bitel,0,0.0,Bitel,0,0.0,Bitel,0,1.0,1.0,1.0,1.0,1.0,100.0,BRECHA CRITICA,False,False
1507210206,LIMA,HUAROCHIRI,SAN LORENZO DE QUINTI,PARPA,RURAL,-12.20998,-76.22615,0.0,0.0,0.0,0.0,0.0,0.0,0.8057280143207728,0.9999999974903372,0.0,0.9999999974900793,0.0,0.9999999974900793,0.0,0.0,0,0.0,0,0.9999999974900781,0.0,0.9999999974900823,0,0.0,0.0,0.9999999974900737,0.0,0.0,0.0,0.9999999974900796,0.0,0.0,0.0,0.0,0.0,Bitel,0,0.9999999974900823,Entel,3,0.0,Bitel,0,0.0,Bitel,0,1.0,2.5099177181076016e-09,1.0,0.25,1.0,72.5,COBERTURA ALTA,False,False
1507210207,LIMA,HUAROCHIRI,SAN LORENZO DE QUINTI,YAYO,RURAL,-12.23334,-76.20903,0.0,0.0,0.0,0.0,0.0,0.0,0.0,0.0,0.0,0.0,0.0,0.0,0.0,0.0,0,0.0,0,0.0,0.0,0.0,0,0.0,0.0,0.9253877851744851,0.0,0.0,0.0,0.0,0.0,0.0,0.0,0.0,0.0,Bitel,0,0.0,Bitel,0,0.0,Bitel,0,0.0,Bitel,0,1.0,1.0,1.0,1.0,1.0,100.0,BRECHA CRITICA,False,False
1507210208,LIMA,HUAROCHIRI,SAN LORENZO DE QUINTI,PUTANA,RURAL,-12.10116,-76.15698,0.0,0.0,0.0,0.0,0.0,0.0,0.0,0.0,0.0,0.0206968174170364,0.0,0.0,0.0,0.0,0,0.0,0,0.8915583927200383,0.0,0.9346922731667529,0,0.0,0.0,0.895191928863236,0.0,0.0,0.0,0.7451419795084504,0.0,0.0,0.0,0.0,0.0,Bitel,0,0.9346922731667529,Entel,1,0.0,Bitel,0,0.0,Bitel,0,1.0,0.06530772683324715,1.0,0.75,1.0,78.81,COBERTURA ALTA,False,False
1507210211,LIMA,HUAROCHIRI,SAN LORENZO DE QUINTI,CHUPATAYA,RURAL,-12.17321,-76.22032,0.0,0.0,0.0,0.0,0.0,0.0,0.0,1.0,0.0,1.0,0.0,1.0,0.0,0.0,0,0.0,0,1.0,0.0,1.0,0,0.0,0.7857510442670672,1.0,0.0,0.5730719579143213,0.0,1.0,0.0,0.0,0.0,0.0,0.0,Bitel,0,1.0,Claro,3,0.0,Bitel,0,0.0,Bitel,0,1.0,0.0,1.0,0.25,1.0,72.5,COBERTURA ALTA,False,False
1507210212,LIMA,HUAROCHIRI,SAN LORENZO DE QUINTI,HUICHICA,RURAL,-12.11904,-76.18168,0.0,0.0,0.0,0.0,0.0,0.0,0.0,0.952743544133638,0.0,0.9662626382984861,0.0,0.9218631207064716,0.0,0.0,0,0.0,0,0.9999999976542294,0.0,0.9999999976542294,0,0.0,0.0,0.1276627785629037,0.0,0.0,0.0,0.04826328968902398,0.0,0.0,0.0,0.0,0.0,Bitel,0,0.9999999976542294,Entel,2,0.0,Bitel,0,0.0,Bitel,0,1.0,2.3457705777829574e-09,1.0,0.5,1.0,75.0,COBERTURA ALTA,False,False
1507210213,LIMA,HUAROCHIRI,SAN LORENZO DE QUINTI,OROPAYA,RURAL,-12.13127,-76.19337,0.0,0.0,0.0,0.0,0.0,0.0,0.0,0.9447939991400592,0.0,0.99999999900116,0.0,0.9999999990010229,0.0,0.0,0,0.0,0,0.999999999001023,0.0,0.999999999001023,0,0.0,0.02843323546345994,0.9935507062979948,0.0,0.0002754028268545196,0.0,0.7823474837541782,0.0,0.0,0.0,0.0,0.0,Bitel,0,0.999999999001023,Entel,2,0.0,Bitel,0,0.0,Bitel,0,1.0,9.98977012223179e-10,1.0,0.5,1.0,75.0,COBERTURA ALTA,False,False
1507210214,LIMA,HUAROCHIRI,SAN LORENZO DE QUINTI,INKASUYO,RURAL,-12.14099,-76.1926,0.0,0.0,0.0,0.0,0.0,0.0,0.0,1.0,0.0,1.0,0.0,0.6296016856237301,0.0,0.0,0,0.0,0,1.0,0.0,1.0,0,0.0,1.0,1.0,0.0,0.9374454732793666,0.0,1.0,0.0,0.0,0.0,0.0,0.0,Bitel,0,1.0,Entel,2,0.0,Bitel,0,0.0,Bitel,0,1.0,0.0,1.0,0.5,1.0,75.0,COBERTURA ALTA,False,False
1507210215,LIMA,HUAROCHIRI,SAN LORENZO DE QUINTI,CHANTACAYA,RURAL,-12.1436,-76.19065,0.0,0.0,0.0,0.0,0.0,0.0,0.0,0.7766562870226442,0.0,0.7183871218888388,0.0,0.113237707458227,0.0,0.0,0,0.0,0,1.0,0.0,1.0,0,0.0,0.5443685040403513,1.0,0.0,0.3747646072035171,0.0,1.0,0.0,0.0,0.0,0.0,0.0,Bitel,0,1.0,Entel,2,0.0,Bitel,0,0.0,Bitel,0,1.0,0.0,1.0,0.5,1.0,75.0,COBERTURA ALTA,False,False
1507210216,LIMA,HUAROCHIRI,SAN LORENZO DE QUINTI,OROCANCHA,RURAL,-12.13588,-76.18526,0.0,0.0,0.0,0.0,0.0,0.0,0.0,0.9999999991280701,0.0,0.9724090492434546,0.0,0.8900860079045937,0.0,0.0,0,0.0,0,0.9999999991280702,0.0,0.9999999991280704,0,0.0,0.0,0.9999999991280851,0.0,0.0,0.0,0.9999999991280701,0.0,0.0,0.0,0.0,0.0,Bitel,0,0.9999999991280704,Entel,3,0.0,Bitel,0,0.0,Bitel,0,1.0,8.719296396009213e-10,1.0,0.25,1.0,72.5,COBERTURA ALTA,False,False
1507210217,LIMA,HUAROCHIRI,SAN LORENZO DE QUINTI,SOGUTO,RURAL,-12.13581,-76.19157,0.0,0.0,0.0,0.0,0.0,0.0,0.0,0.9999999999975596,0.0,0.9999999999975596,0.0,0.9999999999974081,0.0,0.0,0,0.0,0,0.9999999999975596,0.0,0.9999999999975596,0,0.0,0.1745485458777237,0.9999999999975833,0.0,0.1625575466290293,0.0,0.9999999999975596,0.0,0.0,0.0,0.0,0.0,Bitel,0,0.9999999999975596,Entel,3,0.0,Bitel,0,0.0,Bitel,0,1.0,2.4403812304285566e-12,1.0,0.25,1.0,72.5,COBERTURA ALTA,False,False
1507210218,LIMA,HUAROCHIRI,SAN LORENZO DE QUINTI,SANINCA,RURAL,-12.14051,-76.18996,0.0,0.0,0.0,0.0,0.0,0.0,0.0,0.9999999969039568,0.0,0.9999999969039568,0.0,0.3706406467808226,0.0,0.0,0,0.0,0,0.9999999969039569,0.0,0.9999999969039569,0,0.0,0.4055502683003236,0.9999999969036422,0.0,0.3205134263471328,0.0,0.9999999969039568,0.0,0.0,0.0,0.0,0.0,Bitel,0,0.9999999969039569,Entel,2,0.0,Bitel,0,0.0,Bitel,0,1.0,3.0960430885684787e-09,1.0,0.5,1.0,75.0,COBERTURA ALTA,False,False
1507210219,LIMA,HUAROCHIRI,SAN LORENZO DE QUINTI,SISAHUAYQUE,RURAL,-12.1392,-76.19222,0.0,0.0,0.0,0.0,0.0,0.0,0.0,0.9999999964696035,0.0,0.9999999964696035,0.0,0.807394844291528,0.0,0.0,0,0.0,0,0.9999999964696037,0.0,0.9999999964696035,0,0.0,0.7594805001837973,0.9999999964696196,0.0,0.6020281115040108,0.0,0.9999999964696035,0.0,0.0,0.0,0.0,0.0,Bitel,0,0.9999999964696035,Entel,3,0.0,Bitel,0,0.0,Bitel,0,1.0,3.5303965306709983e-09,1.0,0.25,1.0,72.5,COBERTURA ALTA,False,False
1507210220,LIMA,HUAROCHIRI,SAN LORENZO DE QUINTI,SINYATANA,RURAL,-12.14094,-76.19723,0.0,0.0,0.0,0.0,0.0,0.0,0.0,0.9999999984611626,0.0,0.9999999984611626,0.0,0.9999999984611626,0.0,0.0,0,0.0,0,0.9999999984611625,0.0,0.9999999984611625,0,0.0,0.9690430790623984,0.9999999984611723,0.0,0.9726026798912175,0.0,0.9999999984610892,0.0,0.0,0.0,0.0,0.0,Bitel,0,0.9999999984611626,Claro,3,0.0,Bitel,0,0.0,Bitel,0,1.0,1.5388373908464814e-09,1.0,0.25,1.0,72.5,COBERTURA ALTA,False,False
1507210221,LIMA,HUAROCHIRI,SAN LORENZO DE QUINTI,HUAYAHUARA,RURAL,-12.15059,-76.20366,0.0,0.0,0.0,0.0,0.0,0.0,0.0,1.0,0.0,1.0,0.005060584417617241,1.0,0.0,0.0,0,0.0,0,1.0,0.0,1.0,0,0.0,1.0,1.0,0.0,1.0,0.0,1.0,0.0,0.0,0.0,0.0,0.005060584417617241,Claro,0,1.0,Claro,3,0.0,Bitel,0,0.0,Bitel,0,0.9949394155823827,0.0,1.0,0.25,1.0,72.27,COBERTURA ALTA,False,False
1507210222,LIMA,HUAROCHIRI,SAN LORENZO DE QUINTI,LAGAYTUNA,RURAL,-12.14631,-76.20925,0.0,0.0,0.0,0.0,0.0,0.0,0.05486553885689763,1.0,0.01346657052663573,1.0,0.1321101291832391,1.0,0.0,0.0,0,0.0,0,0.9824621963494635,0.0,1.0,0,0.0,1.0,1.0,0.0,1.0,0.0,1.0,0.0,0.0,0.0,0.0,0.1321101291832391,Claro,0,1.0,Claro,3,0.0,Bitel,0,0.0,Bitel,0,0.8678898708167608,0.0,1.0,0.25,1.0,66.56,COBERTURA ALTA,False,False
1507210223,LIMA,HUAROCHIRI,SAN LORENZO DE QUINTI,CHAHUINCHO,RURAL,-12.14483,-76.20659,0.0,0.0,0.0,0.0,0.0,0.0,0.0,1.0,0.0,1.0,0.04311085349895698,1.0,0.0,0.0,0,0.0,0,1.0,0.0,1.0,0,0.0,1.0,1.0,0.0,1.0,0.0,1.0,0.0,0.0,0.0,0.0,0.04311085349895698,Claro,0,1.0,Claro,3,0.0,Bitel,0,0.0,Bitel,0,0.9568891465010431,0.0,1.0,0.25,1.0,70.56,COBERTURA ALTA,False,False
1507210224,LIMA,HUAROCHIRI,SAN LORENZO DE QUINTI,PUCULLO,RURAL,-12.14681,-76.20117,0.0,0.0,0.0,0.0,0.0,0.0,0.0,0.9999999998269333,0.0,0.9999999998270732,0.0,0.9999999998270732,0.0,0.0,0,0.0,0,0.9999999998271779,0.0,0.9999999998270733,0,0.0,0.9999999998271155,0.9999999998271155,0.0,0.9042532943128214,0.0,0.9999999998270732,0.0,0.0,0.0,0.0,0.0,Bitel,0,0.9999999998270733,Entel,3,0.0,Bitel,0,0.0,Bitel,0,1.0,1.7292667298107745e-10,1.0,0.25,1.0,72.5,COBERTURA ALTA,False,False
1507210225,LIMA,HUAROCHIRI,SAN LORENZO DE QUINTI,JARAJARA,RURAL,-12.16074,-76.20409,0.0,0.0,0.0,0.0,0.0,0.0,0.072836124403422,1.0,0.0,1.0,0.0005612197856583309,1.0,0.0,0.0,0,0.0,0,1.0,0.0,1.0,0,0.0,1.0,1.0,0.0,1.0,0.0,1.0,0.0,0.0,0.0,0.0,0.0005612197856583309,Claro,0,1.0,Claro,3,0.0,Bitel,0,0.0,Bitel,0,0.9994387802143416,0.0,1.0,0.25,1.0,72.47,COBERTURA ALTA,False,False
1507210226,LIMA,HUAROCHIRI,SAN LORENZO DE QUINTI,CALLASUNE,RURAL,-12.16097,-76.21323,0.0,0.0,0.0,0.0,0.0,0.0,0.0,0.9999999999662086,0.5049488508292831,0.999999999966217,0.8516286344959911,0.9999999999662189,0.0,0.0,0,0.0,0,0.9999999999662086,0.0,0.9999999999662086,0,0.0,0.9999999999661561,0.9999999999661562,0.0,0.9999999999662086,0.0,0.9999999999661472,0.0,0.0,0.0,0.0,0.8516286344959911,Claro,1,0.9999999999662189,Claro,3,0.0,Bitel,0,0.0,Bitel,0,0.14837136550400887,3.3781089037177026e-11,1.0,0.25,1.0,34.18,COBERTURA ALTA,True,False
1507210227,LIMA,HUAROCHIRI,SAN LORENZO DE QUINTI,CHACUAYQUI,RURAL,-12.04146,-76.06958,0.0,0.0,0.0,0.0,0.0,0.0,0.0,0.0,0.0,0.0,0.0,0.0,0.0,0.0,0,0.0,0,0.0,0.0,0.0,0,0.0,0.0,0.0,0.0,0.0,0.0,0.0,0.0,0.0,0.0,0.0,0.0,Bitel,0,0.0,Bitel,0,0.0,Bitel,0,0.0,Bitel,0,1.0,1.0,1.0,1.0,1.0,100.0,BRECHA CRITICA,False,False
1507210228,LIMA,HUAROCHIRI,SAN LORENZO DE QUINTI,CUCHIMACHAI,RURAL,-12.10603,-76.16515,0.0,0.0,0.0,0.0,0.0,0.0,0.0,0.0,0.0,0.270483710800077,0.0,0.1741017967107406,0.0,0.0,0,0.0,0,0.9379268553029347,0.0,0.9586028498219987,0,0.0,0.4577413076619781,1.0,0.0,0.3008701066384263,0.0,0.9796336659243756,0.0,0.0,0.0,0.0,0.0,Bitel,0,0.9796336659243756,Movistar,2,0.0,Bitel,0,0.0,Bitel,0,1.0,0.02036633407562438,1.0,0.5,1.0,75.41,COBERTURA ALTA,False,False
1507210229,LIMA,HUAROCHIRI,SAN LORENZO DE QUINTI,ESPINAL,RURAL,-12.104,-76.15503,0.0,0.0,0.0,0.0,0.0,0.0,0.0,0.0,0.0,0.0,0.0,0.0,0.0,0.0,0,0.0,0,0.57914199259679,0.0,0.8719005104284155,0,0.0,0.0,0.5981821184411996,0.0,0.0,0.0,0.2276426334669902,0.0,0.0,0.0,0.0,0.0,Bitel,0,0.8719005104284155,Entel,1,0.0,Bitel,0,0.0,Bitel,0,1.0,0.12809948957158446,1.0,0.75,1.0,80.06,COBERTURA ALTA,False,False
1507210230,LIMA,HUAROCHIRI,SAN LORENZO DE QUINTI,GUAMANJAGA,RURAL,-12.16544,-76.21359,0.0,0.0,0.0,0.0,0.0,0.0,0.0,0.9999999994965517,0.3641661345479388,0.9999999994967905,0.8961845884012929,0.9999999994967873,0.0,0.0,0,0.0,0,0.9999999994965517,0.0,0.9999999994965516,0,0.0,0.9999999994963975,0.9999999994963976,0.0,0.9999999994965155,0.0,0.9999999994968934,0.0,0.0,0.0,0.0,0.8961845884012929,Claro,1,0.9999999994968934,Movistar,3,0.0,Bitel,0,0.0,Bitel,0,0.10381541159870711,5.031065564153892e-10,1.0,0.25,1.0,32.17,COBERTURA ALTA,True,False
1507210231,LIMA,HUAROCHIRI,SAN LORENZO DE QUINTI,JILLO JILLO,RURAL,-12.17618,-76.21365,0.0,0.0,0.0,0.0,0.0,0.0,0.0,1.0,0.07711363322263268,1.0,0.8630138377878893,1.0,0.0,0.0,0,0.0,0,1.0,0.0,1.0,0,0.0,0.9379294091480288,1.0,0.0,0.7126045173509851,0.0,1.0,0.0,0.0,0.0,0.0,0.8630138377878893,Claro,1,1.0,Claro,3,0.0,Bitel,0,0.0,Bitel,0,0.13698616221211068,0.0,1.0,0.25,1.0,33.66,COBERTURA ALTA,True,False
1507210232,LIMA,HUAROCHIRI,SAN LORENZO DE QUINTI,JISGE,RURAL,-12.15763,-76.21036,0.0,0.0,0.0,0.0,0.0,0.0,0.0,1.0,0.4809400285707559,1.0,1.0,1.0,0.0,0.0,0,0.0,0,1.0,0.0,1.0,0,0.0,1.0,1.0,0.0,1.0,0.0,1.0,0.0,0.0,0.0,0.0,1.0,Claro,1,1.0,Claro,3,0.0,Bitel,0,0.0,Bitel,0,0.0,0.0,1.0,0.25,1.0,27.5,COBERTURA ALTA,True,False
1507210233,LIMA,HUAROCHIRI,SAN LORENZO DE QUINTI,MARCUAYQUE,RURAL,-11.97083,-76.06418,0.0,0.0,0.0,0.0,0.0,0.0,0.0,0.0,0.0,0.0,0.0,0.0,0.0,0.0,0,0.0,0,0.0,0.0,0.0,0,0.0,0.0,0.0,0.0,0.0,0.0,0.0,0.0,0.0,0.0,0.0,0.0,Bitel,0,0.0,Bitel,0,0.0,Bitel,0,0.0,Bitel,0,1.0,1.0,1.0,1.0,1.0,100.0,BRECHA CRITICA,False,False
1507210234,LIMA,HUAROCHIRI,SAN LORENZO DE QUINTI,OQUINTI,RURAL,-12.17603,-76.22248,0.0,0.0,0.0,0.0,0.0,0.0,0.0,0.9999999989628072,0.0,0.9999999989628072,0.0,0.9999999989628071,0.0,0.0,0,0.0,0,0.9999999989628072,0.0,0.9999999989628068,0,0.0,0.5409431597530788,0.9999999989632391,0.0,0.2074752231807414,0.0,0.9999999989628071,0.0,0.0,0.0,0.0,0.0,Bitel,0,0.9999999989628071,Claro,3,0.0,Bitel,0,0.0,Bitel,0,1.0,1.0371928871322211e-09,1.0,0.25,1.0,72.5,COBERTURA ALTA,False,False
1507210235,LIMA,HUAROCHIRI,SAN LORENZO DE QUINTI,PICHEPE,RURAL,-12.0875,-76.12737,0.0,0.0,0.0,0.0,0.0,0.0,0.0,0.0,0.0,0.0,0.0,0.0,0.0,0.0,0,0.0,0,0.0,0.0,0.0,0,0.0,0.0,0.0,0.0,0.0,0.0,0.0,0.0,0.0,0.0,0.0,0.0,Bitel,0,0.0,Bitel,0,0.0,Bitel,0,0.0,Bitel,0,1.0,1.0,1.0,1.0,1.0,100.0,BRECHA CRITICA,False,False
1507210237,LIMA,HUAROCHIRI,SAN LORENZO DE QUINTI,SACCHAMA,RURAL,-12.08656,-76.13198,0.0,0.0,0.0,0.0,0.0,0.0,0.0,0.0,0.0,0.0,0.0,0.0,0.0,0.0,0,0.0,0,0.0,0.0,0.0,0,0.0,0.0,0.0,0.0,0.0,0.0,0.0,0.0,0.0,0.0,0.0,0.0,Bitel,0,0.0,Bitel,0,0.0,Bitel,0,0.0,Bitel,0,1.0,1.0,1.0,1.0,1.0,100.0,BRECHA CRITICA,False,False
1507210238,LIMA,HUAROCHIRI,SAN LORENZO DE QUINTI,SAN AGUSTIN,RURAL,-12.07709,-76.12397,0.0,0.0,0.0,0.0,0.0,0.0,0.0,0.0,0.0,0.0,0.0,0.0,0.0,0.0,0,0.0,0,0.0,0.0,0.0,0,0.0,0.0,0.0,0.0,0.0,0.0,0.0,0.0,0.0,0.0,0.0,0.0,Bitel,0,0.0,Bitel,0,0.0,Bitel,0,0.0,Bitel,0,1.0,1.0,1.0,1.0,1.0,100.0,BRECHA CRITICA,False,False
1507210239,LIMA,HUAROCHIRI,SAN LORENZO DE QUINTI,SHYECANA,RURAL,-12.0125,-76.0463,0.0,0.0,0.0,0.0,0.0,0.0,0.0,0.0,0.0,0.0,0.0,0.0,0.0,0.0,0,0.0,0,0.0,0.0,0.0,0,0.0,0.0,0.0,0.0,0.0,0.0,0.0,0.0,0.0,0.0,0.0,0.0,Bitel,0,0.0,Bitel,0,0.0,Bitel,0,0.0,Bitel,0,1.0,1.0,1.0,1.0,1.0,100.0,BRECHA CRITICA,False,False
1507210240,LIMA,HUAROCHIRI,SAN LORENZO DE QUINTI,TORMANGUIA PACCHA,RURAL,-11.93751,-76.10218,0.0,0.0,0.0,0.0,0.0,0.0,0.0,0.0,0.0,0.0,0.0,0.0,0.0,0.0,0,0.0,0,0.0,0.0,0.0,0,0.0,0.0,0.0,0.0,0.0,0.0,0.0,0.0,0.0,0.0,0.0,0.0,Bitel,0,0.0,Bitel,0,0.0,Bitel,0,0.0,Bitel,0,1.0,1.0,1.0,1.0,1.0,100.0,BRECHA CRITICA,False,False
1507220001,LIMA,HUAROCHIRI,SAN MATEO,SAN MATEO,URBANO,-11.75862,-76.30002,0.8386993246720315,0.9815728218255071,0.9765830873350039,0.9999999693526657,0.0,0.0,0.8209009681366336,1.0,0.2247589561442889,0.980040487847253,0.0,0.9167580886488211,0.0,0.0,0,1.0,0,1.0,0.0,1.0,0,0.0,0.6063901497070743,0.8892597257252913,0.973917772560294,0.9863752440833585,1.0,1.0,0.0,0.0,0.0,0.0,1.0,Movistar,2,1.0,Entel,4,0.0,Bitel,0,0.0,Bitel,0,0.0,0.0,1.0,0.0,0.0,15.0,COBERTURA ALTA,True,False
1507220002,LIMA,HUAROCHIRI,SAN MATEO,CACRAY,RURAL,-11.73426,-76.27697,0.0,0.0,0.0,0.0,0.0,0.0,0.0,0.1143766650777233,0.2499680228349677,1.0,0.0,1.0,0.0,0.0,0,0.5140314838364575,0,0.182582712540872,0.0,0.6474785253404355,0,0.0,0.0,0.1300540989629861,0.0,0.0,0.0,0.0,0.0,0.0,0.0,0.0,0.0,Bitel,0,1.0,Claro,1,0.0,Bitel,0,0.0,Bitel,0,1.0,0.0,1.0,0.75,1.0,77.5,COBERTURA ALTA,False,False
1507220003,LIMA,HUAROCHIRI,SAN MATEO,CARUYA,RURAL,-11.74647,-76.25311,0.0,0.0,0.0,0.0,0.0,0.0,0.0,0.0,0.0,0.0,0.0,0.0,0.0,0.0,0,0.0,0,0.0,0.0,0.0,0,0.0,0.0,0.0,0.0,0.0,0.0,0.0,0.0,0.0,0.0,0.0,0.0,Bitel,0,0.0,Bitel,0,0.0,Bitel,0,0.0,Bitel,0,1.0,1.0,1.0,1.0,1.0,100.0,BRECHA CRITICA,False,False
1507220004,LIMA,HUAROCHIRI,SAN MATEO,QUISHCAPA,RURAL,-11.7529,-76.28448,0.0,0.0,0.0,0.0,0.0,0.0,0.0,0.005268528389215859,0.0,0.0,0.0,0.0,0.0,0.0,0,0.9999999953246932,0,0.9999999953246932,0.0,0.9999999953246934,0,0.0,0.0,0.0,0.0,0.0,0.0,0.0,0.0,0.0,0.0,0.0,0.0,Bitel,0,0.9999999953246934,Entel,1,0.0,Bitel,0,0.0,Bitel,0,1.0,4.675306586321426e-09,1.0,0.75,1.0,77.5,COBERTURA ALTA,False,False
1507220006,LIMA,HUAROCHIRI,SAN MATEO,MATIPARADA,RURAL,-11.74929,-76.29837,0.0,0.0,0.0,0.4235782535265849,0.0,0.0,0.0,1.0,0.0,0.9702337434367074,0.0,1.0,0.0,0.0,0,1.0,0,1.0,0.0,1.0,0,0.0,0.0,0.0,0.0,0.0,0.0,1.0,0.0,0.0,0.0,0.0,0.0,Bitel,0,1.0,Claro,3,0.0,Bitel,0,0.0,Bitel,0,1.0,0.0,1.0,0.25,1.0,72.5,COBERTURA ALTA,False,False
1507220007,LIMA,HUAROCHIRI,SAN MATEO,ACHINCOCHA,RURAL,-11.74418,-76.31756,0.0,0.0,0.0,0.03009603703906976,0.0,0.0,0.0,0.0,0.0,0.0,0.0,0.0,0.0,0.0,0,0.3911589484171399,0,0.04289597012318034,0.0,0.7597250387428918,0,0.0,0.0,0.0,0.0,0.0,0.0,0.0,0.0,0.0,0.0,0.0,0.0,Bitel,0,0.7597250387428918,Entel,0,0.0,Bitel,0,0.0,Bitel,0,1.0,0.24027496125710823,1.0,1.0,1.0,84.81,COBERTURA PARCIAL,False,False
1507220008,LIMA,HUAROCHIRI,SAN MATEO,COLLATA,RURAL,-11.76896,-76.3585,0.0,0.0,0.0,0.0,0.0,0.0,0.0,0.0,0.0,0.0,0.0,0.0,0.0,0.0,0,0.0,0,0.0,0.0,0.0,0,0.0,0.0,0.0,0.0,0.0,0.0,0.0,0.0,0.0,0.0,0.0,0.0,Bitel,0,0.0,Bitel,0,0.0,Bitel,0,0.0,Bitel,0,1.0,1.0,1.0,1.0,1.0,100.0,BRECHA CRITICA,False,False
1507220009,LIMA,HUAROCHIRI,SAN MATEO,OCATARA,RURAL,-11.78336,-76.3274,0.0,0.0,0.0,0.0,0.0,0.0,0.0,0.0,0.0,0.0,0.0,0.0,0.0,0.0,0,0.9999999984792156,0,0.8970897634361539,0.0,0.9999999984792157,0,0.0,0.0,0.0,0.0,0.0,0.0,0.9137788435354165,0.0,0.0,0.0,0.0,0.0,Bitel,0,0.9999999984792157,Entel,2,0.0,Bitel,0,0.0,Bitel,0,1.0,1.5207842762876567e-09,1.0,0.5,1.0,75.0,COBERTURA ALTA,False,False
1507220011,LIMA,HUAROCHIRI,SAN MATEO,AYAR BAJO,RURAL,-11.77334,-76.30631,0.9855488067438088,0.9989156010172103,0.9999999958820116,0.9999999958822641,0.0,0.0,0.1740569545201349,0.9999999958820612,0.0,0.9999999958820077,0.0,0.9940713765665407,0.0,0.0,0,0.9999999958820077,0,0.9999999958820077,0.0,0.9999999958820077,0,0.0,0.07414156395010212,0.5724985525002692,0.01065196166339875,0.509998109719816,0.7702804742449172,0.999999995882042,0.0,0.0,0.0,0.0,0.9999999958820116,Bitel,1,0.9999999958822641,Bitel,4,0.0,Bitel,0,0.0,Bitel,0,4.117988394725103e-09,4.117735930009303e-09,1.0,0.0,1.0,25.0,COBERTURA ALTA,True,False
1507220012,LIMA,HUAROCHIRI,SAN MATEO,CHANUYA BAJO,RURAL,-11.78727,-76.29605,0.0,0.0,0.0,0.3531748943644309,0.0,0.0,0.0,1.0,0.0,0.9569378810431372,0.0,0.0,0.0,0.0,0,1.0,0,1.0,0.0,1.0,0,0.0,0.0,0.0,0.0,0.0,0.0,0.0,0.0,0.0,0.0,0.0,0.0,Bitel,0,1.0,Entel,1,0.0,Bitel,0,0.0,Bitel,0,1.0,0.0,1.0,0.75,1.0,77.5,COBERTURA ALTA,False,False
1507220013,LIMA,HUAROCHIRI,SAN MATEO,TAMBORAQUE,RURAL,-11.78058,-76.3069,0.1435153337977324,0.4839017848881351,0.4757526330695911,0.9999998092813247,0.0,0.0,0.0,0.9999999998778785,0.0,0.9545333487760848,0.0,0.9535849699516067,0.0,0.0,0,0.9999999998778785,0,0.9999999998777993,0.0,0.9999999998778781,0,0.0,0.7486287793134788,0.9999999998782192,0.0,0.0,0.0,0.9496353454919354,0.0,0.0,0.0,0.0,0.4757526330695911,Bitel,0,0.9999999998778781,Entel,4,0.0,Bitel,0,0.0,Bitel,0,0.5242473669304089,1.2212186817350812e-10,1.0,0.0,1.0,48.59,COBERTURA ALTA,False,False
1507220014,LIMA,HUAROCHIRI,SAN MATEO,HUAQUECHA,RURAL,-11.78795,-76.30339,0.08960576515712786,0.3133024818885892,0.8225035542872506,0.999999854955182,0.0,0.0,0.0,1.0,0.0,1.0,0.0,0.8579051403316783,0.0,0.0,0,1.0,0,1.0,0.0,1.0,0,0.0,0.0,0.0,0.0,0.0,0.0,0.0,0.0,0.0,0.0,0.0,0.8225035542872506,Bitel,1,1.0,Entel,3,0.0,Bitel,0,0.0,Bitel,0,0.17749644571274936,0.0,1.0,0.25,1.0,35.49,COBERTURA ALTA,True,False
1507220015,LIMA,HUAROCHIRI,SAN MATEO,SHOCOCHA,RURAL,-11.78061,-76.29665,0.0,0.0,0.0,0.4697038072520688,0.0,0.0,0.0,0.9999999968982544,0.01668283625756363,0.9999999968984358,0.0,0.9999999968982668,0.0,0.0,0,0.999999996898667,0,0.9999999968982667,0.0,0.9999999968982668,0,0.0,0.0,0.0,0.0,0.0,0.0,0.0,0.0,0.0,0.0,0.0,0.0,Bitel,0,0.9999999968982668,Claro,2,0.0,Bitel,0,0.0,Bitel,0,1.0,3.1017332036142875e-09,1.0,0.5,1.0,75.0,COBERTURA ALTA,False,False
1507220016,LIMA,HUAROCHIRI,SAN MATEO,PORTILLO,RURAL,-11.77238,-76.30067,0.4270419414664703,0.7477116329151074,0.803368776989504,0.9999998994878441,0.0,0.0,0.5332938499325696,1.0,0.2423514226970879,1.0,0.0,1.0,0.0,0.0,0,1.0,0,1.0,0.0,1.0,0,0.0,0.0,0.0004864898947133135,0.0,0.0,0.0,0.9506173109308832,0.0,0.0,0.0,0.0,0.803368776989504,Bitel,1,1.0,Claro,4,0.0,Bitel,0,0.0,Bitel,0,0.19663122301049596,0.0,1.0,0.0,1.0,33.85,COBERTURA ALTA,True,False
1507220018,LIMA,HUAROCHIRI,SAN MATEO,CHOCNA,RURAL,-11.77943,-76.24151,0.0,0.0,0.0,0.0,0.0,0.0,0.0,0.0,0.0,0.0,0.0,0.0,0.0,0.0,0,0.0,0,0.0,0.0,0.0,0,0.0,0.0,0.0,0.0,0.0,0.0,0.0,0.0,0.0,0.0,0.0,0.0,Bitel,0,0.0,Bitel,0,0.0,Bitel,0,0.0,Bitel,0,1.0,1.0,1.0,1.0,1.0,100.0,BRECHA CRITICA,False,False
1507220019,LIMA,HUAROCHIRI,SAN MATEO,SAN JOSE DE PARAC,RURAL,-11.80005,-76.25934,0.0,0.0,0.0,0.0,0.0,0.0,0.0,0.0,0.0,0.0,0.0,0.0,0.0,0.0,0,0.0,0,0.0,0.0,0.0,0,0.0,0.0,0.0,0.0,0.0,0.0,0.0,0.0,0.0,0.0,0.0,0.0,Bitel,0,0.0,Bitel,0,0.0,Bitel,0,0.0,Bitel,0,1.0,1.0,1.0,1.0,1.0,100.0,BRECHA CRITICA,False,False
1507220020,LIMA,HUAROCHIRI,SAN MATEO,SAN MIGUEL DE PACOTA,RURAL,-11.80206,-76.27494,0.0,0.0,0.0,0.0,0.0,0.0,0.0,0.1329519747013753,0.0,0.0,0.0,0.0,0.0,0.0,0,0.6132656970296375,0,0.4660356431247101,0.0,0.952130499294395,0,0.0,0.0,0.0,0.0,0.0,0.0,0.0,0.0,0.0,0.0,0.0,0.0,Bitel,0,0.952130499294395,Entel,1,0.0,Bitel,0,0.0,Bitel,0,1.0,0.04786950070560503,1.0,0.75,1.0,78.46,COBERTURA ALTA,False,False
1507220021,LIMA,HUAROCHIRI,SAN MATEO,HUAMUYO,RURAL,-11.79887,-76.29225,0.0,0.0,0.0,0.5827625610781285,0.0,0.0,0.0,0.4342810418387913,0.0,0.1824058557142707,0.0,0.1200912941951283,0.0,0.0,0,1.0,0,0.9400799859254153,0.0,1.0,0,0.0,0.0,0.0,0.0,0.0,0.0,0.0,0.0,0.0,0.0,0.0,0.0,Bitel,0,1.0,Entel,1,0.0,Bitel,0,0.0,Bitel,0,1.0,0.0,1.0,0.75,1.0,77.5,COBERTURA ALTA,False,False
1507220022,LIMA,HUAROCHIRI,SAN MATEO,CORICANCHA,RURAL,-11.7971,-76.29713,0.4214280322454627,0.9170299906055063,0.9668581051805843,0.9992366048665413,0.0,0.0,0.0,0.979910929727668,0.0,0.8875734052687894,0.0,0.4873133028883181,0.0,0.0,0,1.0,0,1.0,0.0,1.0,0,0.0,0.0,0.0,0.0,0.0,0.0,0.0,0.0,0.0,0.0,0.0,0.9668581051805843,Bitel,1,1.0,Entel,2,0.0,Bitel,0,0.0,Bitel,0,0.03314189481941565,0.0,1.0,0.5,1.0,31.49,COBERTURA ALTA,True,False
1507220023,LIMA,HUAROCHIRI,SAN MATEO,TAMBO DE VISO,RURAL,-11.80454,-76.33984,0.0,0.0,0.0,0.401456002048917,0.0,0.0,0.0,0.0,0.0,0.3354339218709149,0.0,0.1957545433329964,0.0,0.0,0,0.9999999979949342,0,0.999999997994939,0.0,0.9999999979949332,0,0.0,0.0,0.0,0.0,0.0,0.0,0.8509846800088086,0.0,0.0,0.0,0.0,0.0,Bitel,0,0.9999999979949332,Entel,2,0.0,Bitel,0,0.0,Bitel,0,1.0,2.0050667792759214e-09,1.0,0.5,1.0,75.0,COBERTURA ALTA,False,False
1507220024,LIMA,HUAROCHIRI,SAN MATEO,SAN MIGUEL DE VISO,RURAL,-11.80633,-76.32496,0.0,0.0,0.0,0.0,0.0,0.0,0.0,0.0,0.3439094109777496,0.9999999975043795,0.0,0.9999999975043758,0.0,0.0,0,0.9999999975044421,0,0.9999999975043758,0.0,0.9999999975043774,0,0.0,0.0,0.0,0.0,0.0,0.0,0.2742571918267875,0.0,0.0,0.0,0.0,0.0,Bitel,0,0.9999999975043774,Entel,2,0.0,Bitel,0,0.0,Bitel,0,1.0,2.4956225974648305e-09,1.0,0.5,1.0,75.0,COBERTURA ALTA,False,False
1507220025,LIMA,HUAROCHIRI,SAN MATEO,MILLOTINGO,URBANO,-11.8356,-76.23145,0.0,0.0,0.0,0.0,0.0,0.0,0.0,0.0,0.0,0.0,0.0,0.0,0.0,0.0,0,0.0,0,0.0,0.0,0.0,0,0.0,0.0,0.0,0.0,0.0,0.0,0.0,0.0,0.0,0.0,0.0,0.0,Bitel,0,0.0,Bitel,0,0.0,Bitel,0,0.0,Bitel,0,1.0,1.0,1.0,1.0,0.0,90.0,BRECHA CRITICA,False,False
1507220026,LIMA,HUAROCHIRI,SAN MATEO,PAUCACORRAL,RURAL,-11.88162,-76.22752,0.0,0.0,0.0,0.0,0.0,0.0,0.0,0.0,0.0,0.0,0.0,0.0,0.0,0.0,0,0.0,0,0.0,0.0,0.0,0,0.0,0.0,0.0,0.0,0.0,0.0,0.0,0.0,0.0,0.0,0.0,0.0,Bitel,0,0.0,Bitel,0,0.0,Bitel,0,0.0,Bitel,0,1.0,1.0,1.0,1.0,1.0,100.0,BRECHA CRITICA,False,False
1507220027,LIMA,HUAROCHIRI,SAN MATEO,COMPAÑIA MINERA PACOCOCHA,RURAL,-11.85565,-76.24243,0.0,0.0,0.0,0.0,0.0,0.0,0.0,0.0,0.0,0.0,0.0,0.0,0.0,0.0,0,0.0,0,0.0,0.0,0.0,0,0.0,0.0,0.0,0.0,0.0,0.0,0.0,0.0,0.0,0.0,0.0,0.0,Bitel,0,0.0,Bitel,0,0.0,Bitel,0,0.0,Bitel,0,1.0,1.0,1.0,1.0,1.0,100.0,BRECHA CRITICA,False,False
1507220028,LIMA,HUAROCHIRI,SAN MATEO,HUAYCA,RURAL,-11.88733,-76.22382,0.0,0.0,0.0,0.0,0.0,0.0,0.0,0.0,0.0,0.0,0.0,0.0,0.0,0.0,0,0.0,0,0.0,0.0,0.0,0,0.0,0.0,0.0,0.0,0.0,0.0,0.0,0.0,0.0,0.0,0.0,0.0,Bitel,0,0.0,Bitel,0,0.0,Bitel,0,0.0,Bitel,0,1.0,1.0,1.0,1.0,1.0,100.0,BRECHA CRITICA,False,False
1507220029,LIMA,HUAROCHIRI,SAN MATEO,YURACMAYO,RURAL,-11.83802,-76.15896,0.0,0.0,0.0,0.0,0.0,0.0,0.0,0.0,0.0,0.0,0.0,0.0,0.0,0.0,0,0.0,0,0.0,0.0,0.0,0,0.0,0.0,0.0,0.0,0.0,0.0,0.0,0.0,0.0,0.0,0.0,0.0,Bitel,0,0.0,Bitel,0,0.0,Bitel,0,0.0,Bitel,0,1.0,1.0,1.0,1.0,1.0,100.0,BRECHA CRITICA,False,False
1507220030,LIMA,HUAROCHIRI,SAN MATEO,MANCAN,RURAL,-11.82108,-76.23576,0.0,0.0,0.0,0.0,0.0,0.0,0.0,0.0,0.0,0.0,0.0,0.0,0.0,0.0,0,0.0,0,0.0,0.0,0.0,0,0.0,0.0,0.0,0.0,0.0,0.0,0.0,0.0,0.0,0.0,0.0,0.0,Bitel,0,0.0,Bitel,0,0.0,Bitel,0,0.0,Bitel,0,1.0,1.0,1.0,1.0,1.0,100.0,BRECHA CRITICA,False,False
1507220031,LIMA,HUAROCHIRI,SAN MATEO,CHOCNA PATA,RURAL,-11.87636,-76.2455,0.0,0.0,0.0,0.0,0.0,0.0,0.0,0.0,0.0,0.0,0.0,0.0,0.0,0.0,0,0.0,0,0.0,0.0,0.0,0,0.0,0.0,0.0,0.0,0.0,0.0,0.0,0.0,0.0,0.0,0.0,0.0,Bitel,0,0.0,Bitel,0,0.0,Bitel,0,0.0,Bitel,0,1.0,1.0,1.0,1.0,1.0,100.0,BRECHA CRITICA,False,False
1507220033,LIMA,HUAROCHIRI,SAN MATEO,CUTAY,RURAL,-11.80596,-76.17049,0.0,0.0,0.0,0.0,0.0,0.0,0.0,0.0,0.0,0.0,0.0,0.0,0.0,0.0,0,0.0,0,0.0,0.0,0.0,0,0.0,0.0,0.0,0.0,0.0,0.0,0.0,0.0,0.0,0.0,0.0,0.0,Bitel,0,0.0,Bitel,0,0.0,Bitel,0,0.0,Bitel,0,1.0,1.0,1.0,1.0,1.0,100.0,BRECHA CRITICA,False,False
1507220034,LIMA,HUAROCHIRI,SAN MATEO,CARHUACAYAN,RURAL,-11.85115,-76.2362,0.0,0.0,0.0,0.0,0.0,0.0,0.0,0.0,0.0,0.0,0.0,0.0,0.0,0.0,0,0.0,0,0.0,0.0,0.0,0,0.0,0.0,0.0,0.0,0.0,0.0,0.0,0.0,0.0,0.0,0.0,0.0,Bitel,0,0.0,Bitel,0,0.0,Bitel,0,0.0,Bitel,0,1.0,1.0,1.0,1.0,1.0,100.0,BRECHA CRITICA,False,False
1507220035,LIMA,HUAROCHIRI,SAN MATEO,CASHAPATA,RURAL,-11.85541,-76.1534,0.0,0.0,0.0,0.0,0.0,0.0,0.0,0.0,0.0,0.0,0.0,0.0,0.0,0.0,0,0.0,0,0.0,0.0,0.0,0,0.0,0.0,0.0,0.0,0.0,0.0,0.0,0.0,0.0,0.0,0.0,0.0,Bitel,0,0.0,Bitel,0,0.0,Bitel,0,0.0,Bitel,0,1.0,1.0,1.0,1.0,1.0,100.0,BRECHA CRITICA,False,False
1507220038,LIMA,HUAROCHIRI,SAN MATEO,CACHER,RURAL,-11.81155,-76.2572,0.0,0.0,0.0,0.0,0.0,0.0,0.0,0.0,0.0,0.0,0.0,0.0,0.0,0.0,0,0.0,0,0.0,0.0,0.2428866999984202,0,0.0,0.0,0.0,0.0,0.0,0.0,0.0,0.0,0.0,0.0,0.0,0.0,Bitel,0,0.2428866999984202,Entel,0,0.0,Bitel,0,0.0,Bitel,0,1.0,0.7571133000015798,1.0,1.0,1.0,95.14,COBERTURA PARCIAL,False,False
1507220039,LIMA,HUAROCHIRI,SAN MATEO,PITURANGA,RURAL,-11.82122,-76.23713,0.0,0.0,0.0,0.0,0.0,0.0,0.0,0.0,0.0,0.0,0.0,0.0,0.0,0.0,0,0.0,0,0.0,0.0,0.0,0,0.0,0.0,0.0,0.0,0.0,0.0,0.0,0.0,0.0,0.0,0.0,0.0,Bitel,0,0.0,Bitel,0,0.0,Bitel,0,0.0,Bitel,0,1.0,1.0,1.0,1.0,1.0,100.0,BRECHA CRITICA,False,False
1507220040,LIMA,HUAROCHIRI,SAN MATEO,PACCHAWAY,RURAL,-11.88247,-76.12267,0.0,0.0,0.0,0.0,0.0,0.0,0.0,0.0,0.0,0.0,0.0,0.0,0.0,0.0,0,0.0,0,0.0,0.0,0.0,0,0.0,0.0,0.0,0.0,0.0,0.0,0.0,0.0,0.0,0.0,0.0,0.0,Bitel,0,0.0,Bitel,0,0.0,Bitel,0,0.0,Bitel,0,1.0,1.0,1.0,1.0,1.0,100.0,BRECHA CRITICA,False,False
1507220041,LIMA,HUAROCHIRI,SAN MATEO,POMAYONA,RURAL,-11.84317,-76.14725,0.0,0.0,0.0,0.0,0.0,0.0,0.0,0.0,0.0,0.0,0.0,0.0,0.0,0.0,0,0.0,0,0.0,0.0,0.0,0,0.0,0.0,0.0,0.0,0.0,0.0,0.0,0.0,0.0,0.0,0.0,0.0,Bitel,0,0.0,Bitel,0,0.0,Bitel,0,0.0,Bitel,0,1.0,1.0,1.0,1.0,1.0,100.0,BRECHA CRITICA,False,False
1507220042,LIMA,HUAROCHIRI,SAN MATEO,JUIRICANCHA,RURAL,-11.8049,-76.13619,0.0,0.0,0.0,0.0,0.0,0.0,0.0,0.0,0.0,0.0,0.0,0.0,0.0,0.0,0,0.0,0,0.0,0.0,0.0,0,0.0,0.0,0.0,0.0,0.0,0.0,0.0,0.0,0.0,0.0,0.0,0.0,Bitel,0,0.0,Bitel,0,0.0,Bitel,0,0.0,Bitel,0,1.0,1.0,1.0,1.0,1.0,100.0,BRECHA CRITICA,False,False
1507220043,LIMA,HUAROCHIRI,SAN MATEO,ALLCARANGRA,RURAL,-11.83133,-76.13249,0.0,0.0,0.0,0.0,0.0,0.0,0.0,0.0,0.0,0.0,0.0,0.0,0.0,0.0,0,0.0,0,0.0,0.0,0.0,0,0.0,0.0,0.0,0.0,0.0,0.0,0.0,0.0,0.0,0.0,0.0,0.0,Bitel,0,0.0,Bitel,0,0.0,Bitel,0,0.0,Bitel,0,1.0,1.0,1.0,1.0,1.0,100.0,BRECHA CRITICA,False,False
1507220044,LIMA,HUAROCHIRI,SAN MATEO,VAQUERIA,RURAL,-11.80024,-76.1607,0.0,0.0,0.0,0.0,0.0,0.0,0.0,0.0,0.0,0.0,0.0,0.0,0.0,0.0,0,0.0,0,0.0,0.0,0.0,0,0.0,0.0,0.0,0.0,0.0,0.0,0.0,0.0,0.0,0.0,0.0,0.0,Bitel,0,0.0,Bitel,0,0.0,Bitel,0,0.0,Bitel,0,1.0,1.0,1.0,1.0,1.0,100.0,BRECHA CRITICA,False,False
1507220045,LIMA,HUAROCHIRI,SAN MATEO,LLIPLLINA,RURAL,-11.82818,-76.12449,0.0,0.0,0.0,0.0,0.0,0.0,0.0,0.0,0.0,0.0,0.0,0.0,0.0,0.0,0,0.0,0,0.0,0.0,0.0,0,0.0,0.0,0.0,0.0,0.0,0.0,0.0,0.0,0.0,0.0,0.0,0.0,Bitel,0,0.0,Bitel,0,0.0,Bitel,0,0.0,Bitel,0,1.0,1.0,1.0,1.0,1.0,100.0,BRECHA CRITICA,False,False
1507220046,LIMA,HUAROCHIRI,SAN MATEO,SHOGLA,RURAL,-11.82574,-76.12467,0.0,0.0,0.0,0.0,0.0,0.0,0.0,0.0,0.0,0.0,0.0,0.0,0.0,0.0,0,0.0,0,0.0,0.0,0.0,0,0.0,0.0,0.0,0.0,0.0,0.0,0.0,0.0,0.0,0.0,0.0,0.0,Bitel,0,0.0,Bitel,0,0.0,Bitel,0,0.0,Bitel,0,1.0,1.0,1.0,1.0,1.0,100.0,BRECHA CRITICA,False,False
1507220047,LIMA,HUAROCHIRI,SAN MATEO,HUILLCARANGRA,RURAL,-11.84954,-76.15568,0.0,0.0,0.0,0.0,0.0,0.0,0.0,0.0,0.0,0.0,0.0,0.0,0.0,0.0,0,0.0,0,0.0,0.0,0.0,0,0.0,0.0,0.0,0.0,0.0,0.0,0.0,0.0,0.0,0.0,0.0,0.0,Bitel,0,0.0,Bitel,0,0.0,Bitel,0,0.0,Bitel,0,1.0,1.0,1.0,1.0,1.0,100.0,BRECHA CRITICA,False,False
1507220048,LIMA,HUAROCHIRI,SAN MATEO,CONCANI,RURAL,-11.85642,-76.15829,0.0,0.0,0.0,0.0,0.0,0.0,0.0,0.0,0.0,0.0,0.0,0.0,0.0,0.0,0,0.0,0,0.0,0.0,0.0,0,0.0,0.0,0.0,0.0,0.0,0.0,0.0,0.0,0.0,0.0,0.0,0.0,Bitel,0,0.0,Bitel,0,0.0,Bitel,0,0.0,Bitel,0,1.0,1.0,1.0,1.0,1.0,100.0,BRECHA CRITICA,False,False
1507220049,LIMA,HUAROCHIRI,SAN MATEO,BUENA VISTA,RURAL,-11.81041,-76.18397,0.0,0.0,0.0,0.0,0.0,0.0,0.0,0.0,0.0,0.0,0.0,0.0,0.0,0.0,0,0.0,0,0.0,0.0,0.0,0,0.0,0.0,0.0,0.0,0.0,0.0,0.0,0.0,0.0,0.0,0.0,0.0,Bitel,0,0.0,Bitel,0,0.0,Bitel,0,0.0,Bitel,0,1.0,1.0,1.0,1.0,1.0,100.0,BRECHA CRITICA,False,False
1507220050,LIMA,HUAROCHIRI,SAN MATEO,ESPERANZA,RURAL,-11.83175,-76.15724,0.0,0.0,0.0,0.0,0.0,0.0,0.0,0.0,0.0,0.0,0.0,0.0,0.0,0.0,0,0.0,0,0.0,0.0,0.0,0,0.0,0.0,0.0,0.0,0.0,0.0,0.0,0.0,0.0,0.0,0.0,0.0,Bitel,0,0.0,Bitel,0,0.0,Bitel,0,0.0,Bitel,0,1.0,1.0,1.0,1.0,1.0,100.0,BRECHA CRITICA,False,False
1507220051,LIMA,HUAROCHIRI,SAN MATEO,GEORNACANCHA,RURAL,-11.82801,-76.17092,0.0,0.0,0.0,0.0,0.0,0.0,0.0,0.0,0.0,0.0,0.0,0.0,0.0,0.0,0,0.0,0,0.0,0.0,0.0,0,0.0,0.0,0.0,0.0,0.0,0.0,0.0,0.0,0.0,0.0,0.0,0.0,Bitel,0,0.0,Bitel,0,0.0,Bitel,0,0.0,Bitel,0,1.0,1.0,1.0,1.0,1.0,100.0,BRECHA CRITICA,False,False
1507220052,LIMA,HUAROCHIRI,SAN MATEO,GUARANGAYO,RURAL,-11.82305,-76.17517,0.0,0.0,0.0,0.0,0.0,0.0,0.0,0.0,0.0,0.0,0.0,0.0,0.0,0.0,0,0.0,0,0.0,0.0,0.0,0,0.0,0.0,0.0,0.0,0.0,0.0,0.0,0.0,0.0,0.0,0.0,0.0,Bitel,0,0.0,Bitel,0,0.0,Bitel,0,0.0,Bitel,0,1.0,1.0,1.0,1.0,1.0,100.0,BRECHA CRITICA,False,False
1507220053,LIMA,HUAROCHIRI,SAN MATEO,PUQUIHUA,RURAL,-11.8225,-76.15972,0.0,0.0,0.0,0.0,0.0,0.0,0.0,0.0,0.0,0.0,0.0,0.0,0.0,0.0,0,0.0,0,0.0,0.0,0.0,0,0.0,0.0,0.0,0.0,0.0,0.0,0.0,0.0,0.0,0.0,0.0,0.0,Bitel,0,0.0,Bitel,0,0.0,Bitel,0,0.0,Bitel,0,1.0,1.0,1.0,1.0,1.0,100.0,BRECHA CRITICA,False,False
1507220054,LIMA,HUAROCHIRI,SAN MATEO,TINGO,RURAL,-11.81228,-76.17492,0.0,0.0,0.0,0.0,0.0,0.0,0.0,0.0,0.0,0.0,0.0,0.0,0.0,0.0,0,0.0,0,0.0,0.0,0.0,0,0.0,0.0,0.0,0.0,0.0,0.0,0.0,0.0,0.0,0.0,0.0,0.0,Bitel,0,0.0,Bitel,0,0.0,Bitel,0,0.0,Bitel,0,1.0,1.0,1.0,1.0,1.0,100.0,BRECHA CRITICA,False,False
1507220055,LIMA,HUAROCHIRI,SAN MATEO,YANAMA,RURAL,-11.81493,-76.18047,0.0,0.0,0.0,0.0,0.0,0.0,0.0,0.0,0.0,0.0,0.0,0.0,0.0,0.0,0,0.0,0,0.0,0.0,0.0,0,0.0,0.0,0.0,0.0,0.0,0.0,0.0,0.0,0.0,0.0,0.0,0.0,Bitel,0,0.0,Bitel,0,0.0,Bitel,0,0.0,Bitel,0,1.0,1.0,1.0,1.0,1.0,100.0,BRECHA CRITICA,False,False
1507220057,LIMA,HUAROCHIRI,SAN MATEO,CALLAPARAC,RURAL,-11.77484,-76.2992,0.0,0.04962190261321445,0.1017331712744896,0.9015585019676428,0.0,0.0,0.5801463965906977,1.0,0.4265519824662323,1.0,0.0,1.0,0.0,0.0,0,1.0,0,1.0,0.0,1.0,0,0.0,0.0,0.0,0.0,0.0,0.0,0.3252860994443182,0.0,0.0,0.0,0.0,0.1017331712744896,Bitel,0,1.0,Claro,3,0.0,Bitel,0,0.0,Bitel,0,0.8982668287255104,0.0,1.0,0.25,1.0,67.92,COBERTURA ALTA,False,False
1507220058,LIMA,HUAROCHIRI,SAN MATEO,CHACHAYNA,RURAL,-11.78678,-76.28983,0.0,0.0,0.0,0.0,0.0,0.0,0.0,0.8911412329241948,0.0,0.6704158805721797,0.0,0.4185118894083198,0.0,0.0,0,1.0,0,1.0,0.0,1.0,0,0.0,0.0,0.0,0.0,0.0,0.0,0.0,0.0,0.0,0.0,0.0,0.0,Bitel,0,1.0,Entel,1,0.0,Bitel,0,0.0,Bitel,0,1.0,0.0,1.0,0.75,1.0,77.5,COBERTURA ALTA,False,False
1507220060,LIMA,HUAROCHIRI,SAN MATEO,VISCAMACHAY,RURAL,-11.79274,-76.15294,0.0,0.0,0.0,0.0,0.0,0.0,0.0,0.0,0.0,0.0,0.0,0.0,0.0,0.0,0,0.0,0,0.0,0.0,0.0,0,0.0,0.0,0.0,0.0,0.0,0.0,0.0,0.0,0.0,0.0,0.0,0.0,Bitel,0,0.0,Bitel,0,0.0,Bitel,0,0.0,Bitel,0,1.0,1.0,1.0,1.0,1.0,100.0,BRECHA CRITICA,False,False
1507220062,LIMA,HUAROCHIRI,SAN MATEO,JANAYACU,RURAL,-11.7601,-76.3041,0.9777722057128002,0.9975896418320517,0.9896043540722397,0.9999999920492563,0.0,0.0,0.9814500329008239,1.0,0.1901409347809427,1.0,0.0,1.0,0.0,0.0,0,1.0,0,1.0,0.0,1.0,0,0.0,0.942999125249037,1.0,1.0,1.0,1.0,1.0,0.0,0.0,0.0,0.0,1.0,Movistar,2,1.0,Claro,4,0.0,Bitel,0,0.0,Bitel,0,0.0,0.0,1.0,0.0,1.0,25.0,COBERTURA ALTA,True,False
1507220064,LIMA,HUAROCHIRI,SAN MATEO,CHIPALLA,RURAL,-11.78457,-76.28954,0.0,0.0,0.0,0.0,0.0,0.0,0.0,0.2166052770285571,0.0,0.09670929374377446,0.0,0.08185765679200437,0.0,0.0,0,1.0,0,1.0,0.0,1.0,0,0.0,0.0,0.0,0.0,0.0,0.0,0.0,0.0,0.0,0.0,0.0,0.0,Bitel,0,1.0,Entel,1,0.0,Bitel,0,0.0,Bitel,0,1.0,0.0,1.0,0.75,1.0,77.5,COBERTURA ALTA,False,False
1507220065,LIMA,HUAROCHIRI,SAN MATEO,PRUCUCHIA,RURAL,-11.81204,-76.3158,0.0,0.0,0.0,0.0,0.0,0.0,0.0,0.0,0.0,0.1510507272482448,0.0,0.0902673640331179,0.0,0.0,0,1.0,0,1.0,0.0,1.0,0,0.0,0.0,0.0,0.0,0.0,0.0,0.0,0.0,0.0,0.0,0.0,0.0,Bitel,0,1.0,Entel,1,0.0,Bitel,0,0.0,Bitel,0,1.0,0.0,1.0,0.75,1.0,77.5,COBERTURA ALTA,False,False
1507220069,LIMA,HUAROCHIRI,SAN MATEO,GERMANIA,RURAL,-11.87458,-76.24943,0.0,0.0,0.0,0.0,0.0,0.0,0.0,0.0,0.0,0.0,0.0,0.0,0.0,0.0,0,0.0,0,0.0,0.0,0.0,0,0.0,0.0,0.0,0.0,0.0,0.0,0.0,0.0,0.0,0.0,0.0,0.0,Bitel,0,0.0,Bitel,0,0.0,Bitel,0,0.0,Bitel,0,1.0,1.0,1.0,1.0,1.0,100.0,BRECHA CRITICA,False,False
1507220071,LIMA,HUAROCHIRI,SAN MATEO,CASHAHUAY,RURAL,-11.83607,-76.1169,0.0,0.0,0.0,0.0,0.0,0.0,0.0,0.0,0.0,0.0,0.0,0.0,0.0,0.0,0,0.0,0,0.0,0.0,0.0,0,0.0,0.0,0.0,0.0,0.0,0.0,0.0,0.0,0.0,0.0,0.0,0.0,Bitel,0,0.0,Bitel,0,0.0,Bitel,0,0.0,Bitel,0,1.0,1.0,1.0,1.0,1.0,100.0,BRECHA CRITICA,False,False
1507220072,LIMA,HUAROCHIRI,SAN MATEO,HUANCAPAMPA,RURAL,-11.80204,-76.14154,0.0,0.0,0.0,0.0,0.0,0.0,0.0,0.0,0.0,0.0,0.0,0.0,0.0,0.0,0,0.0,0,0.0,0.0,0.0,0,0.0,0.0,0.0,0.0,0.0,0.0,0.0,0.0,0.0,0.0,0.0,0.0,Bitel,0,0.0,Bitel,0,0.0,Bitel,0,0.0,Bitel,0,1.0,1.0,1.0,1.0,1.0,100.0,BRECHA CRITICA,False,False
1507220074,LIMA,HUAROCHIRI,SAN MATEO,HUACLAS,RURAL,-11.81221,-76.16721,0.0,0.0,0.0,0.0,0.0,0.0,0.0,0.0,0.0,0.0,0.0,0.0,0.0,0.0,0,0.0,0,0.0,0.0,0.0,0,0.0,0.0,0.0,0.0,0.0,0.0,0.0,0.0,0.0,0.0,0.0,0.0,Bitel,0,0.0,Bitel,0,0.0,Bitel,0,0.0,Bitel,0,1.0,1.0,1.0,1.0,1.0,100.0,BRECHA CRITICA,False,False
1507220076,LIMA,HUAROCHIRI,SAN MATEO,RANCHAWAY,RURAL,-11.82225,-76.15361,0.0,0.0,0.0,0.0,0.0,0.0,0.0,0.0,0.0,0.0,0.0,0.0,0.0,0.0,0,0.0,0,0.0,0.0,0.0,0,0.0,0.0,0.0,0.0,0.0,0.0,0.0,0.0,0.0,0.0,0.0,0.0,Bitel,0,0.0,Bitel,0,0.0,Bitel,0,0.0,Bitel,0,1.0,1.0,1.0,1.0,1.0,100.0,BRECHA CRITICA,False,False
1507220077,LIMA,HUAROCHIRI,SAN MATEO,MATACORRAL,RURAL,-11.84256,-76.15742,0.0,0.0,0.0,0.0,0.0,0.0,0.0,0.0,0.0,0.0,0.0,0.0,0.0,0.0,0,0.0,0,0.0,0.0,0.0,0,0.0,0.0,0.0,0.0,0.0,0.0,0.0,0.0,0.0,0.0,0.0,0.0,Bitel,0,0.0,Bitel,0,0.0,Bitel,0,0.0,Bitel,0,1.0,1.0,1.0,1.0,1.0,100.0,BRECHA CRITICA,False,False
1507220079,LIMA,HUAROCHIRI,SAN MATEO,PURUAY,RURAL,-11.81914,-76.17753,0.0,0.0,0.0,0.0,0.0,0.0,0.0,0.0,0.0,0.0,0.0,0.0,0.0,0.0,0,0.0,0,0.0,0.0,0.0,0,0.0,0.0,0.0,0.0,0.0,0.0,0.0,0.0,0.0,0.0,0.0,0.0,Bitel,0,0.0,Bitel,0,0.0,Bitel,0,0.0,Bitel,0,1.0,1.0,1.0,1.0,1.0,100.0,BRECHA CRITICA,False,False
1507220081,LIMA,HUAROCHIRI,SAN MATEO,LULUPIACO,RURAL,-11.83554,-76.16851,0.0,0.0,0.0,0.0,0.0,0.0,0.0,0.0,0.0,0.0,0.0,0.0,0.0,0.0,0,0.0,0,0.0,0.0,0.0,0,0.0,0.0,0.0,0.0,0.0,0.0,0.0,0.0,0.0,0.0,0.0,0.0,Bitel,0,0.0,Bitel,0,0.0,Bitel,0,0.0,Bitel,0,1.0,1.0,1.0,1.0,1.0,100.0,BRECHA CRITICA,False,False
1507220082,LIMA,HUAROCHIRI,SAN MATEO,URUGUASHA,RURAL,-11.83544,-76.16089,0.0,0.0,0.0,0.0,0.0,0.0,0.0,0.0,0.0,0.0,0.0,0.0,0.0,0.0,0,0.0,0,0.0,0.0,0.0,0,0.0,0.0,0.0,0.0,0.0,0.0,0.0,0.0,0.0,0.0,0.0,0.0,Bitel,0,0.0,Bitel,0,0.0,Bitel,0,0.0,Bitel,0,1.0,1.0,1.0,1.0,1.0,100.0,BRECHA CRITICA,False,False
1507220083,LIMA,HUAROCHIRI,SAN MATEO,TUPIAS,RURAL,-11.84607,-76.16497,0.0,0.0,0.0,0.0,0.0,0.0,0.0,0.0,0.0,0.0,0.0,0.0,0.0,0.0,0,0.0,0,0.0,0.0,0.0,0,0.0,0.0,0.0,0.0,0.0,0.0,0.0,0.0,0.0,0.0,0.0,0.0,Bitel,0,0.0,Bitel,0,0.0,Bitel,0,0.0,Bitel,0,1.0,1.0,1.0,1.0,1.0,100.0,BRECHA CRITICA,False,False
1507220084,LIMA,HUAROCHIRI,SAN MATEO,ARCA,RURAL,-11.71291,-76.32817,0.0,0.0,0.0,0.0,0.0,0.0,0.0,0.0,0.0,0.0,0.0,0.0,0.0,0.0,0,0.0,0,0.0,0.0,0.0,0,0.0,0.0,0.0,0.0,0.0,0.0,0.0,0.0,0.0,0.0,0.0,0.0,Bitel,0,0.0,Bitel,0,0.0,Bitel,0,0.0,Bitel,0,1.0,1.0,1.0,1.0,1.0,100.0,BRECHA CRITICA,False,False
1507230001,LIMA,HUAROCHIRI,SAN MATEO DE OTAO,SAN JUAN DE LANCA,URBANO,-11.87006,-76.5442,0.0,0.7368171194499439,0.0,0.8272513770138583,0.0,0.0,0.4815874855139848,0.9999998509423131,0.03210594161116532,0.999999850942194,0.0,0.9999998509418342,0.0,0.0,0,0.2588381875566081,0,0.2588382080491985,0.0,0.9999998509418335,0,0.0,0.0,0.0,0.0,0.0,0.0,0.0,0.0,0.0,0.0,0.0,0.0,Bitel,0,0.9999998509418342,Claro,3,0.0,Bitel,0,0.0,Bitel,0,1.0,1.4905816581034514e-07,1.0,0.25,0.0,62.5,COBERTURA ALTA,False,False
1507230002,LIMA,HUAROCHIRI,SAN MATEO DE OTAO,SAN MATEO DE OTAO,RURAL,-11.84769,-76.56234,0.0,0.0,0.0,0.0,0.0,0.0,0.0,0.0,0.0,0.0,0.0,0.0,0.0,0.0,0,0.0,0,0.0,0.0,0.4208833620674932,0,0.0,0.0,0.0,0.0,0.0,0.0,0.0,0.0,0.0,0.0,0.0,0.0,Bitel,0,0.4208833620674932,Entel,0,0.0,Bitel,0,0.0,Bitel,0,1.0,0.5791166379325068,1.0,1.0,1.0,91.58,COBERTURA PARCIAL,False,False
1507230003,LIMA,HUAROCHIRI,SAN MATEO DE OTAO,CANCHACALLA,RURAL,-11.84451,-76.53164,0.0,0.0,0.0,0.0,0.0,0.0,0.0,0.1397613426338253,0.0,1.0,0.0,1.0,0.0,0.0,0,0.0,0,0.0,0.0,0.9933180385014007,0,0.0,0.0,0.0,0.0,0.0,0.0,0.0,0.0,0.0,0.0,0.0,0.0,Bitel,0,1.0,Claro,2,0.0,Bitel,0,0.0,Bitel,0,1.0,0.0,1.0,0.5,1.0,75.0,COBERTURA ALTA,False,False
1507230004,LIMA,HUAROCHIRI,SAN MATEO DE OTAO,HUALELUCMA,RURAL,-11.85154,-76.53209,0.0,0.0,0.0,0.0,0.0,0.0,0.0,0.4576415083468728,0.0,0.9999999945229676,0.0,0.9999999945229635,0.0,0.0,0,0.0,0,0.0,0.0,0.9980777545677526,0,0.0,0.0,0.0,0.0,0.0,0.0,0.0,0.0,0.0,0.0,0.0,0.0,Bitel,0,0.9999999945229635,Claro,2,0.0,Bitel,0,0.0,Bitel,0,1.0,5.477036491008391e-09,1.0,0.5,1.0,75.0,COBERTURA ALTA,False,False
1507230005,LIMA,HUAROCHIRI,SAN MATEO DE OTAO,ANTAPAL,RURAL,-11.85348,-76.52448,0.0,0.0,0.0,0.0,0.0,0.0,0.0,0.02167823301283797,0.0,0.02067233319679569,0.0,0.0,0.0,0.0,0,0.5713946285013383,0,0.3349692624006735,0.0,0.701300563780473,0,0.0,0.0,0.0,0.0,0.0,0.0,0.0,0.0,0.0,0.0,0.0,0.0,Bitel,0,0.701300563780473,Entel,0,0.0,Bitel,0,0.0,Bitel,0,1.0,0.298699436219527,1.0,1.0,1.0,85.97,COBERTURA PARCIAL,False,False
1507230006,LIMA,HUAROCHIRI,SAN MATEO DE OTAO,QUINCHES,RURAL,-11.85861,-76.49455,0.0,0.0,0.0,0.0,0.0,0.0,0.0,0.4879250090588272,0.0,0.3976937404755267,0.0,0.03656042675842568,0.0,0.0,0,0.628572967758959,0,0.5648541415319848,0.0,0.5620296397714711,0,0.0,0.0,0.0,0.0,0.0,0.0,0.0,0.0,0.0,0.0,0.0,0.0,Bitel,0,0.5620296397714711,Entel,0,0.0,Bitel,0,0.0,Bitel,0,1.0,0.43797036022852887,1.0,1.0,1.0,88.76,COBERTURA PARCIAL,False,False
1507230007,LIMA,HUAROCHIRI,SAN MATEO DE OTAO,TULLULME,RURAL,-11.85138,-76.53809,0.0,0.0,0.0,0.0,0.0,0.0,0.0,0.1240610557930155,0.0,0.8592397122319724,0.0,0.8464167465880237,0.0,0.0,0,0.0,0,0.0,0.0,0.6564127739772888,0,0.0,0.0,0.0,0.0,0.0,0.0,0.0,0.0,0.0,0.0,0.0,0.0,Bitel,0,0.8464167465880237,Claro,1,0.0,Bitel,0,0.0,Bitel,0,1.0,0.15358325341197632,1.0,0.75,1.0,80.57,COBERTURA ALTA,False,False
1507230008,LIMA,HUAROCHIRI,SAN MATEO DE OTAO,HUAYACOCHA,RURAL,-11.85179,-76.53801,0.0,0.0,0.0,0.0,0.0,0.0,0.0,0.2047163808766023,0.0,0.8817781850919594,0.0,0.8799413054806559,0.0,0.0,0,0.0,0,0.0,0.0,0.783326543004283,0,0.0,0.0,0.0,0.0,0.0,0.0,0.0,0.0,0.0,0.0,0.0,0.0,Bitel,0,0.8799413054806559,Claro,1,0.0,Bitel,0,0.0,Bitel,0,1.0,0.12005869451934414,1.0,0.75,1.0,79.9,COBERTURA ALTA,False,False
1507230009,LIMA,HUAROCHIRI,SAN MATEO DE OTAO,HUALAL,RURAL,-11.86101,-76.53482,0.0,0.0,0.0,0.0,0.0,0.0,0.0,0.803422258427149,0.0,0.6972903711310854,0.0,0.7601077291664472,0.0,0.0,0,0.3696506843353233,0,0.7595833028318072,0.0,0.9646699448415192,0,0.0,0.0,0.0,0.0,0.0,0.0,0.0,0.0,0.0,0.0,0.0,0.0,Bitel,0,0.9646699448415192,Entel,1,0.0,Bitel,0,0.0,Bitel,0,1.0,0.035330055158480755,1.0,0.75,1.0,78.21,COBERTURA ALTA,False,False
1507230010,LIMA,HUAROCHIRI,SAN MATEO DE OTAO,HUILE,RURAL,-11.86006,-76.53274,0.0,0.0,0.0,0.0,0.0,0.0,0.0,0.2279705398206852,0.0,0.9999999937965063,0.0,0.9999999937965065,0.0,0.0,0,0.256691154485141,0,0.425654956249948,0.0,0.8954293959288386,0,0.0,0.0,0.0,0.0,0.0,0.0,0.0,0.0,0.0,0.0,0.0,0.0,Bitel,0,0.9999999937965065,Claro,2,0.0,Bitel,0,0.0,Bitel,0,1.0,6.203493496670376e-09,1.0,0.5,1.0,75.0,COBERTURA ALTA,False,False
1507230011,LIMA,HUAROCHIRI,SAN MATEO DE OTAO,SALPIN,RURAL,-11.86215,-76.53729,0.0,0.02051218376997632,0.0,0.0,0.0,0.0,0.0,1.0,0.0,0.6153464687165254,0.0,0.5487485196125732,0.0,0.0,0,0.1117304770807858,0,0.9290505718818753,0.0,1.0,0,0.0,0.0,0.0,0.0,0.0,0.0,0.0,0.0,0.0,0.0,0.0,0.0,Bitel,0,1.0,Entel,1,0.0,Bitel,0,0.0,Bitel,0,1.0,0.0,1.0,0.75,1.0,77.5,COBERTURA ALTA,False,False
1507230012,LIMA,HUAROCHIRI,SAN MATEO DE OTAO,PUNA,RURAL,-11.86595,-76.53828,0.0,0.2993396985743945,0.0,0.2200103593868253,0.0,0.0,0.02162466519225191,0.9242538489355308,0.0,0.6538161385868658,0.0,0.7844358461552884,0.0,0.0,0,0.2143061698961736,0,0.1613930126915502,0.0,0.6154959431834374,0,0.0,0.0,0.0,0.0,0.0,0.0,0.0,0.0,0.0,0.0,0.0,0.0,Bitel,0,0.7844358461552884,Claro,0,0.0,Bitel,0,0.0,Bitel,0,1.0,0.21556415384471161,1.0,1.0,1.0,84.31,COBERTURA PARCIAL,False,False
1507230013,LIMA,HUAROCHIRI,SAN MATEO DE OTAO,SANTA CRUZ DE UCROS,RURAL,-11.87204,-76.51809,0.0,0.0,0.0,0.0,0.0,0.0,0.0,0.9586523539416338,0.0,0.3251025163590544,0.0,0.04107010916783175,0.0,0.0,0,0.0,0,0.0,0.0,0.0,0,0.0,0.0,0.0,0.0,0.0,0.0,0.0,0.0,0.0,0.0,0.0,0.0,Bitel,0,0.04107010916783175,Claro,0,0.0,Bitel,0,0.0,Bitel,0,1.0,0.9589298908321683,1.0,1.0,1.0,99.18,BRECHA CRITICA,False,False
1507230014,LIMA,HUAROCHIRI,SAN MATEO DE OTAO,PARCAHUASI,RURAL,-11.87154,-76.54638,0.1617518905286071,0.6741386621490117,0.09686542855489418,0.6935163080037994,0.0,0.0,0.1950316606109102,0.9999999978251347,0.0,0.9999999978249962,0.0,0.999999997824996,0.0,0.0,0,0.0,0,0.0,0.0,0.9999999978249963,0,0.0,0.0,0.0,0.0,0.0,0.0,0.0,0.0,0.0,0.0,0.0,0.09686542855489418,Bitel,0,0.9999999978249963,Entel,2,0.0,Bitel,0,0.0,Bitel,0,0.9031345714451058,2.1750037326739857e-09,1.0,0.5,1.0,70.64,COBERTURA ALTA,False,False
1507230015,LIMA,HUAROCHIRI,SAN MATEO DE OTAO,LUCMAY CHICO,RURAL,-11.86677,-76.54058,0.001424099630008601,0.8656049029974784,0.0,0.5816205284872751,0.0,0.0,0.3199461356713016,1.0,0.0,1.0,0.0,0.9332574040583732,0.0,0.0,0,0.0,0,0.0,0.0,0.7551537598696948,0,0.0,0.0,0.0,0.0,0.0,0.0,0.0,0.0,0.0,0.0,0.0,0.0,Bitel,0,0.9332574040583732,Claro,1,0.0,Bitel,0,0.0,Bitel,0,1.0,0.06674259594162679,1.0,0.75,1.0,78.83,COBERTURA ALTA,False,False
1507230016,LIMA,HUAROCHIRI,SAN MATEO DE OTAO,CHILLAN,RURAL,-11.87256,-76.5459,0.0004671448361878979,0.3368236141956246,0.007067541125690759,0.4709541017490818,0.0,0.0,0.0880485358933625,0.9999999963675119,0.0,0.999999996367347,0.0,0.9999999963673473,0.0,0.0,0,0.1342352086026946,0,0.1342352441927303,0.0,0.9999999963673469,0,0.0,0.0,0.0,0.0,0.0,0.0,0.0,0.0,0.0,0.0,0.0,0.007067541125690759,Bitel,0,0.9999999963673473,Claro,2,0.0,Bitel,0,0.0,Bitel,0,0.9929324588743093,3.6326527341756787e-09,1.0,0.5,1.0,74.68,COBERTURA ALTA,False,False
1507230017,LIMA,HUAROCHIRI,SAN MATEO DE OTAO,LUCMAY GRANDE,RURAL,-11.86822,-76.53519,0.0,0.0,0.0,0.04013280947199154,0.0,0.0,0.0,0.4164487131161709,0.0,0.9903582164434669,0.0,0.9803790866662833,0.0,0.0,0,0.2368042978598394,0,0.1111712123534563,0.0,0.5148061429001276,0,0.0,0.0,0.0,0.0,0.0,0.0,0.0,0.0,0.0,0.0,0.0,0.0,Bitel,0,0.9803790866662833,Claro,1,0.0,Bitel,0,0.0,Bitel,0,1.0,0.01962091333371674,1.0,0.75,1.0,77.89,COBERTURA ALTA,False,False
1507230018,LIMA,HUAROCHIRI,SAN MATEO DE OTAO,COMUN,RURAL,-11.8773,-76.54729,0.5375757462240534,0.8498968014752697,0.03969344597909906,0.7557253979859728,0.0,0.0,0.0,1.0,0.0,1.0,0.007523349090445378,1.0,0.0,0.0,0,0.9746538040798878,0,0.9841874447831415,0.0,1.0,0,0.0,0.0,0.0,0.0,0.0,0.0,0.0,0.0,0.0,0.0,0.0,0.03969344597909906,Bitel,0,1.0,Claro,2,0.0,Bitel,0,0.0,Bitel,0,0.9603065540209009,0.0,1.0,0.5,1.0,73.21,COBERTURA ALTA,False,False
1507230019,LIMA,HUAROCHIRI,SAN MATEO DE OTAO,CAYPUMA,RURAL,-11.87146,-76.54677,0.2112618415500725,0.6829332054201125,0.145224390407854,0.6864547288462612,0.0,0.0,0.158629247763673,0.999999996990891,0.0,0.9999999969907825,0.0,0.9999999969907825,0.0,0.0,0,0.0,0,0.0,0.0,0.9999999969907825,0,0.0,0.0,0.0,0.0,0.0,0.0,0.0,0.0,0.0,0.0,0.0,0.145224390407854,Bitel,0,0.9999999969907825,Claro,2,0.0,Bitel,0,0.0,Bitel,0,0.8547756095921459,3.009217541816156e-09,1.0,0.5,1.0,68.46,COBERTURA ALTA,False,False
1507230020,LIMA,HUAROCHIRI,SAN MATEO DE OTAO,SEXULA,RURAL,-11.8809,-76.53576,0.0,0.0,0.0,0.06991612365919687,0.0,0.0,0.667903963669169,0.9999999915459713,0.0,0.999999991545772,0.0,0.999999991545772,0.0,0.0,0,0.7021534184741952,0,0.999999991545772,0.0,0.999999991545772,0,0.0,0.0,0.0,0.0,0.0,0.0,0.0,0.0,0.0,0.0,0.0,0.0,Bitel,0,0.999999991545772,Claro,2,0.0,Bitel,0,0.0,Bitel,0,1.0,8.454227984344698e-09,1.0,0.5,1.0,75.0,COBERTURA ALTA,False,False
1507230021,LIMA,HUAROCHIRI,SAN MATEO DE OTAO,TAPICARA,RURAL,-11.8829,-76.53831,0.0,0.007926898743906058,0.0,0.04028784286490861,0.0,0.0,0.6834747608467513,1.0,0.0,1.0,0.0,0.9730883983971326,0.0,0.0,0,0.9201296929913493,0,1.0,0.0,1.0,0,0.0,0.0,0.0,0.0,0.0,0.0,0.0,0.0,0.0,0.0,0.0,0.0,Bitel,0,1.0,Entel,2,0.0,Bitel,0,0.0,Bitel,0,1.0,0.0,1.0,0.5,1.0,75.0,COBERTURA ALTA,False,False
1507230022,LIMA,HUAROCHIRI,SAN MATEO DE OTAO,ANCACUCHO,RURAL,-11.88449,-76.54338,0.3744932307741595,0.8486629911436135,0.003351858452657053,0.3096820020412449,0.0,0.0,0.06997260838175051,1.0,0.0,1.0,0.0,1.0,0.0,0.0,0,1.0,0,1.0,0.0,1.0,0,0.0,0.0,0.0,0.0,0.0,0.0,0.0,0.0,0.0,0.0,0.0,0.003351858452657053,Bitel,0,1.0,Claro,2,0.0,Bitel,0,0.0,Bitel,0,0.9966481415473429,0.0,1.0,0.5,1.0,74.85,COBERTURA ALTA,False,False
1507230023,LIMA,HUAROCHIRI,SAN MATEO DE OTAO,REPARTICION,RURAL,-11.88659,-76.54423,0.04937611958680793,0.2330178409293982,0.0,0.07899067486209885,0.0,0.0,0.4856357002604355,0.9999999966187083,0.0,0.9999999966186786,0.0,0.9999999966186786,0.0,0.0,0,0.9999999966186786,0,0.9999999966187164,0.0,0.9999999966186786,0,0.0,0.0,0.0,0.0,0.0,0.0,0.0,0.0,0.0,0.0,0.0,0.0,Bitel,0,0.9999999966186786,Claro,2,0.0,Bitel,0,0.0,Bitel,0,1.0,3.381321445061758e-09,1.0,0.5,1.0,75.0,COBERTURA ALTA,False,False
1507230024,LIMA,HUAROCHIRI,SAN MATEO DE OTAO,CUMBE,RURAL,-11.89386,-76.55289,1.0,1.0,0.0,0.7904267871559989,0.0,0.0,0.0,0.8588498399445639,0.0,0.1939275225147632,0.0,0.0,0.0,0.0,0,1.0,0,1.0,0.0,1.0,0,0.0,0.0,0.0,0.0,0.0,0.0,0.0,0.0,0.0,0.0,0.0,0.0,Bitel,0,1.0,Entel,1,0.0,Bitel,0,0.0,Bitel,0,1.0,0.0,1.0,0.75,1.0,77.5,COBERTURA ALTA,False,False
1507230025,LIMA,HUAROCHIRI,SAN MATEO DE OTAO,LAYA,RURAL,-11.8906,-76.54315,0.2042442187590862,0.2896031362919966,0.0,0.2195611325272441,0.0,0.0,0.6686083997290131,1.0,0.0,1.0,0.0,1.0,0.0,0.0,0,1.0,0,1.0,0.0,1.0,0,0.0,0.0,0.0,0.0,0.0,0.0,0.02657117711379612,0.0,0.0,0.0,0.0,0.0,Bitel,0,1.0,Claro,2,0.0,Bitel,0,0.0,Bitel,0,1.0,0.0,1.0,0.5,1.0,75.0,COBERTURA ALTA,False,False
1507230026,LIMA,HUAROCHIRI,SAN MATEO DE OTAO,PARGUAY (LLOQUE),RURAL,-11.9004,-76.58309,0.01953306319434004,0.08526081169772146,0.0002722108846616108,0.8365758984239783,0.0,0.0,0.0,0.939536155971793,0.0,0.3502000792516888,0.0,0.02238460611987453,0.0,0.0,0,0.9793237884117747,0,0.999999997733788,0.0,0.9999999977337884,0,0.0,0.0,0.0,0.0,0.002388563716257695,0.0,0.9999999977337908,0.0,0.0,0.0,0.0,0.0002722108846616108,Bitel,0,0.9999999977337908,Movistar,3,0.0,Bitel,0,0.0,Bitel,0,0.9997277891153384,2.266209220280757e-09,1.0,0.25,1.0,72.49,COBERTURA ALTA,False,False
1507230027,LIMA,HUAROCHIRI,SAN MATEO DE OTAO,BUENOS AIRES,RURAL,-11.89932,-76.58562,0.0,0.0,0.0,0.1950119698280665,0.0,0.0,0.02067457299601809,1.0,0.0,0.9932164167891487,0.0,0.7465180071667142,0.0,0.0,0,1.0,0,1.0,0.0,1.0,0,0.0,0.0,0.0,0.0,0.0,0.0,1.0,0.0,0.0,0.0,0.0,0.0,Bitel,0,1.0,Entel,2,0.0,Bitel,0,0.0,Bitel,0,1.0,0.0,1.0,0.5,1.0,75.0,COBERTURA ALTA,False,False
1507230028,LIMA,HUAROCHIRI,SAN MATEO DE OTAO,CHAUPIMARCA ALTO,RURAL,-11.90679,-76.59,0.362240222865262,0.7791667709869396,0.0,0.6090499062110339,0.0,0.0,0.0,1.0,0.0,0.7196490904593567,0.0,0.1157533827391543,0.0,0.0,0,0.9631297589383004,0,1.0,0.0,1.0,0,0.0,0.0,0.4575432032066092,0.726504048867662,0.7857641381656508,0.0,1.0,0.0,0.0,0.0,0.0,0.0,Bitel,0,1.0,Entel,2,0.0,Bitel,0,0.0,Bitel,0,1.0,0.0,1.0,0.5,1.0,75.0,COBERTURA ALTA,False,False
1507230029,LIMA,HUAROCHIRI,SAN MATEO DE OTAO,PURHUAY,RURAL,-11.89711,-76.561,0.6662480644676552,0.9760647882254067,0.002275158009199356,0.4099064873107671,0.0,0.0,0.0,0.9999999933999378,0.0,0.03310137728835096,0.0,0.006307288503272166,0.0,0.0,0,0.9999902810981911,0,0.9999999933999374,0.0,0.9999999933999377,0,0.0,0.0,0.0,0.0,0.0,0.0,0.0004767228407627187,0.0,0.0,0.0,0.0,0.002275158009199356,Bitel,0,0.9999999933999377,Entel,1,0.0,Bitel,0,0.0,Bitel,0,0.9977248419908007,6.600062274486618e-09,1.0,0.75,1.0,77.4,COBERTURA ALTA,False,False
1507230030,LIMA,HUAROCHIRI,SAN MATEO DE OTAO,CALLCA,RURAL,-11.88034,-76.54554,0.6202167388328113,0.7025349948962027,0.00661565703290412,0.6485247272553746,0.0,0.0,0.0,1.0,0.0,1.0,0.0,1.0,0.0,0.0,0,0.9999980891670809,0,0.9944506219497692,0.0,0.9867523514074271,0,0.0,0.0,0.0,0.0,0.0,0.0,0.0,0.0,0.0,0.0,0.0,0.00661565703290412,Bitel,0,1.0,Claro,2,0.0,Bitel,0,0.0,Bitel,0,0.9933843429670959,0.0,1.0,0.5,1.0,74.7,COBERTURA ALTA,False,False
1507230031,LIMA,HUAROCHIRI,SAN MATEO DE OTAO,ULPO,RURAL,-11.85156,-76.5276,0.0,0.0,0.0,0.0,0.0,0.0,0.0,0.4535398714584868,0.0,0.4815569079736794,0.0,0.287261312521935,0.0,0.0,0,0.01187849876593005,0,0.03886059383372271,0.0,0.9464152073752624,0,0.0,0.0,0.0,0.0,0.0,0.0,0.0,0.0,0.0,0.0,0.0,0.0,Bitel,0,0.9464152073752624,Entel,1,0.0,Bitel,0,0.0,Bitel,0,1.0,0.05358479262473759,1.0,0.75,1.0,78.57,COBERTURA ALTA,False,False
1507230032,LIMA,HUAROCHIRI,SAN MATEO DE OTAO,SAULLA,RURAL,-11.89726,-76.5614,0.6207655596074177,0.9604465804751998,0.0,0.3570547751402519,0.0,0.0,0.0,0.9999999998382403,0.0,0.01002503448557487,0.0,0.0,0.0,0.0,0,0.9893613274432239,0,0.9999999998382438,0.0,0.9999999998382513,0,0.0,0.0,0.0,0.0,0.0,0.0,0.005990826987629563,0.0,0.0,0.0,0.0,0.0,Bitel,0,0.9999999998382513,Entel,1,0.0,Bitel,0,0.0,Bitel,0,1.0,1.6174872552454644e-10,1.0,0.75,1.0,77.5,COBERTURA ALTA,False,False
1507230033,LIMA,HUAROCHIRI,SAN MATEO DE OTAO,MAIZAL,RURAL,-11.86842,-76.54216,0.08388147488521844,0.9700596799242189,0.08718311425240177,1.0,0.0,0.0,0.6186500583646124,1.0,0.0,1.0,0.0,0.9062418052040122,0.0,0.0,0,0.0,0,0.0,0.0,0.7584033580539935,0,0.0,0.0,0.0,0.0,0.0,0.0,0.0,0.0,0.0,0.0,0.0,0.08718311425240177,Bitel,0,1.0,Bitel,2,0.0,Bitel,0,0.0,Bitel,0,0.9128168857475982,0.0,1.0,0.5,1.0,71.08,COBERTURA ALTA,False,False
1507240001,LIMA,HUAROCHIRI,SAN PEDRO DE CASTA,SAN PEDRO DE CASTA,URBANO,-11.75897,-76.59629,0.6456482041367035,0.9264265234622266,0.0,0.0,0.0,0.0,0.3468776551593946,0.9999999668611275,0.9591129304680103,0.9999999668610337,0.0,0.9999999668606405,0.0,0.0,0,0.0,0,0.0,0.0,0.0,0,0.0,0.9999999668610041,0.9999999668610037,0.0,0.0,0.1028093038007988,0.9999999668611704,0.0,0.0,0.0,0.0,0.1028093038007988,Movistar,0,0.9999999668611704,Movistar,2,0.0,Bitel,0,0.0,Bitel,0,0.8971906961992012,3.3138829569345774e-08,1.0,0.5,0.0,60.37,COBERTURA ALTA,False,False
1507240002,LIMA,HUAROCHIRI,SAN PEDRO DE CASTA,UPICA,RURAL,-11.74429,-76.60908,0.0,0.0,0.0,0.0,0.0,0.0,0.0,0.9999999972634723,0.0,0.9999999972634723,0.0,0.4684135649796336,0.0,0.0,0,0.0,0,0.0,0.0,0.0,0,0.0,0.1904999162729956,0.9999999972636296,0.0,0.0,0.0,0.9999999972634723,0.0,0.0,0.0,0.0,0.0,Bitel,0,0.9999999972634723,Movistar,1,0.0,Bitel,0,0.0,Bitel,0,1.0,2.736527671132194e-09,1.0,0.75,1.0,77.5,COBERTURA ALTA,False,False
1507240003,LIMA,HUAROCHIRI,SAN PEDRO DE CASTA,HUINCO,RURAL,-11.76987,-76.61347,0.0,0.0,0.0,0.0,0.0,0.0,0.0,1.0,0.0,0.823525223130908,0.0,0.8235252231309046,0.0,0.0,0,0.0,0,0.0,0.0,0.0,0,0.0,0.0,0.9945783052411938,0.0,0.96524724508647,0.0,1.0,0.0,0.0,0.0,0.0,0.0,Bitel,0,1.0,Movistar,2,0.0,Bitel,0,0.0,Bitel,0,1.0,0.0,1.0,0.5,1.0,75.0,COBERTURA ALTA,False,False
1507240004,LIMA,HUAROCHIRI,SAN PEDRO DE CASTA,BADO,RURAL,-11.78018,-76.6165,0.0,0.0,0.0,0.0,0.0,0.0,0.0,0.614516292731302,0.0,0.0285867504838245,0.0,0.007640410834868385,0.0,0.0,0,0.0,0,0.0,0.0,0.0,0,0.0,0.0,0.01065134349493381,0.4780804462147127,0.9997363932991118,0.0,0.9999999990847268,0.0,0.0,0.0,0.0,0.0,Bitel,0,0.9999999990847268,Movistar,1,0.0,Bitel,0,0.0,Bitel,0,1.0,9.152731905714973e-10,1.0,0.75,1.0,77.5,COBERTURA ALTA,False,False
1507240005,LIMA,HUAROCHIRI,SAN PEDRO DE CASTA,SAN ANTONIO DE CUMPE,RURAL,-11.7873,-76.61975,0.0,0.0,0.0,0.0,0.0,0.0,0.0,0.6377816968283279,0.0,0.1416983898706128,0.0,0.0,0.0,0.0,0,0.0,0,0.0,0.0,0.0,0,0.0,0.0,0.003306502216831745,0.4682250036428096,0.996693150197587,0.03410428284724759,1.0,0.0,0.0,0.0,0.0,0.03410428284724759,Movistar,0,1.0,Movistar,1,0.0,Bitel,0,0.0,Bitel,0,0.9658957171527525,0.0,1.0,0.75,1.0,75.97,COBERTURA ALTA,False,False
1507240006,LIMA,HUAROCHIRI,SAN PEDRO DE CASTA,VIQUIL,RURAL,-11.80411,-76.62286,0.0,0.0,0.0,0.0,0.0,0.0,0.0,0.1574219376941751,0.0,0.0,0.0,0.0,0.0,0.0,0,0.0,0,0.0,0.0,0.0,0,0.0,0.0,0.0,0.0,0.0,0.0,0.7699841605800803,0.0,0.0,0.0,0.0,0.0,Bitel,0,0.7699841605800803,Movistar,0,0.0,Bitel,0,0.0,Bitel,0,1.0,0.23001583941991965,1.0,1.0,1.0,84.6,COBERTURA PARCIAL,False,False
1507240007,LIMA,HUAROCHIRI,SAN PEDRO DE CASTA,COSHCA,RURAL,-11.78755,-76.61724,0.0,0.0,0.0,0.0,0.0,0.0,0.0,0.9999999965385947,0.0,0.4968047279165493,0.0,0.0,0.0,0.0,0,0.0,0,0.0,0.0,0.0,0,0.0,0.0,0.0,0.3939657244484735,0.9983251527888122,0.0,0.9999999965386261,0.0,0.0,0.0,0.0,0.0,Bitel,0,0.9999999965386261,Movistar,1,0.0,Bitel,0,0.0,Bitel,0,1.0,3.46137385420775e-09,1.0,0.75,1.0,77.5,COBERTURA ALTA,False,False
1507240008,LIMA,HUAROCHIRI,SAN PEDRO DE CASTA,SAN JUAN DE MAYHUAY,RURAL,-11.79379,-76.60836,0.0,0.0,0.0,0.0,0.0,0.0,0.5565903116187672,0.9999999979280494,0.0,0.9999999979278346,0.0,0.7361126426100265,0.0,0.0,0,0.0,0,0.0,0.0,0.0,0,0.0,0.0,0.0,0.0,0.0,0.0,0.7351997543192341,0.0,0.0,0.0,0.0,0.0,Bitel,0,0.7361126426100265,Claro,0,0.0,Bitel,0,0.0,Bitel,0,1.0,0.2638873573899735,1.0,1.0,1.0,85.28,COBERTURA PARCIAL,False,False
1507240009,LIMA,HUAROCHIRI,SAN PEDRO DE CASTA,TAMBORAY,RURAL,-11.80025,-76.62057,0.0,0.0,0.0,0.0,0.0,0.0,0.0,0.9363479902093432,0.0,0.226708124361427,0.0,0.0,0.0,0.0,0,0.0,0,0.0,0.0,0.0,0,0.0,0.0,0.0,0.0,0.0,0.0,0.4483043897804091,0.0,0.0,0.0,0.0,0.0,Bitel,0,0.4483043897804091,Movistar,0,0.0,Bitel,0,0.0,Bitel,0,1.0,0.5516956102195909,1.0,1.0,1.0,91.03,COBERTURA PARCIAL,False,False
1507250001,LIMA,HUAROCHIRI,SAN PEDRO DE HUANCAYRE,SAN PEDRO,URBANO,-12.13033,-76.21639,0.0,0.0,0.0,0.0,0.0,0.0,0.0,1.0,0.0,1.0,0.0,1.0,0.0,0.0,0,0.0,0,1.0,0.0,1.0,0,0.0,1.0,1.0,0.0,1.0,0.0,1.0,0.0,0.0,0.0,0.0,0.0,Bitel,0,1.0,Claro,3,0.0,Bitel,0,0.0,Bitel,0,1.0,0.0,1.0,0.25,0.0,62.5,COBERTURA ALTA,False,False
1507250003,LIMA,HUAROCHIRI,SAN PEDRO DE HUANCAYRE,ACHARE,RURAL,-12.06692,-76.20567,0.0,0.0,0.0,0.0,0.0,0.0,0.0,0.0,0.0,0.0,0.0,0.0,0.0,0.0,0,0.0,0,0.0,0.0,0.0,0,0.0,0.0,0.7030230324545708,0.0,0.0,0.0,0.0,0.0,0.0,0.0,0.0,0.0,Bitel,0,0.0,Bitel,0,0.0,Bitel,0,0.0,Bitel,0,1.0,1.0,1.0,1.0,1.0,100.0,BRECHA CRITICA,False,False
1507250004,LIMA,HUAROCHIRI,SAN PEDRO DE HUANCAYRE,CORPATAZA,RURAL,-12.10191,-76.20374,0.0,0.0,0.0,0.0,0.0,0.0,0.0,0.0,0.0,0.0,0.0,0.0,0.0,0.0,0,0.0,0,0.0,0.0,0.0,0,0.0,0.0,0.0,0.0,0.0,0.0,0.0,0.0,0.0,0.0,0.0,0.0,Bitel,0,0.0,Bitel,0,0.0,Bitel,0,0.0,Bitel,0,1.0,1.0,1.0,1.0,1.0,100.0,BRECHA CRITICA,False,False
1507250005,LIMA,HUAROCHIRI,SAN PEDRO DE HUANCAYRE,ANGASPUNGO,RURAL,-12.10954,-76.22697,0.0,0.0,0.0,0.0,0.0,0.0,0.0,0.8187046736405001,0.0,0.8437692040945928,0.0,0.9118470095151451,0.0,0.0,0,0.0,0,1.0,0.0,1.0,0,0.0,1.0,1.0,0.0,0.986754281019262,0.0,1.0,0.0,0.0,0.0,0.0,0.0,Bitel,0,1.0,Entel,3,0.0,Bitel,0,0.0,Bitel,0,1.0,0.0,1.0,0.25,1.0,72.5,COBERTURA ALTA,False,False
1507250006,LIMA,HUAROCHIRI,SAN PEDRO DE HUANCAYRE,YANAYANTE,RURAL,-12.11586,-76.22732,0.0,0.0,0.0,0.0,0.0,0.0,0.0,0.9999999994408317,0.0,0.9999999994408328,0.0,0.9999999994408328,0.0,0.0,0,0.0,0,0.9999999994408331,0.0,0.999999999440833,0,0.0,0.9999999994407379,0.9999999994407379,0.0,0.9999999994407334,0.0,0.9999999994408331,0.0,0.0,0.0,0.0,0.0,Bitel,0,0.9999999994408331,Movistar,3,0.0,Bitel,0,0.0,Bitel,0,1.0,5.59166934976929e-10,1.0,0.25,1.0,72.5,COBERTURA ALTA,False,False
1507250007,LIMA,HUAROCHIRI,SAN PEDRO DE HUANCAYRE,TAPUYA,RURAL,-12.1218,-76.21647,0.0,0.0,0.0,0.0,0.0,0.0,0.0,1.0,0.0,1.0,0.0,1.0,0.0,0.0,0,0.0,0,1.0,0.0,1.0,0,0.0,1.0,1.0,0.0,0.7859406981457272,0.0,1.0,0.0,0.0,0.0,0.0,0.0,Bitel,0,1.0,Claro,3,0.0,Bitel,0,0.0,Bitel,0,1.0,0.0,1.0,0.25,1.0,72.5,COBERTURA ALTA,False,False
1507250008,LIMA,HUAROCHIRI,SAN PEDRO DE HUANCAYRE,CHICLLA,RURAL,-12.13572,-76.21738,0.0,0.0,0.0,0.0,0.0,0.0,0.0,1.0,0.0,1.0,0.0,1.0,0.0,0.0,0,0.0,0,1.0,0.0,1.0,0,0.0,1.0,1.0,0.0,1.0,0.0,1.0,0.0,0.0,0.0,0.0,0.0,Bitel,0,1.0,Claro,3,0.0,Bitel,0,0.0,Bitel,0,1.0,0.0,1.0,0.25,1.0,72.5,COBERTURA ALTA,False,False
1507250009,LIMA,HUAROCHIRI,SAN PEDRO DE HUANCAYRE,LUNAMAZA,RURAL,-12.13668,-76.2111,0.0,0.0,0.0,0.0,0.0,0.0,0.0,0.9999999869553117,0.0,0.9999999869553117,0.0,0.9999999869553116,0.0,0.0,0,0.0,0,0.9999999869553117,0.0,0.9999999869553117,0,0.0,0.9999999869553179,0.9999999869553179,0.0,0.9966881906406525,0.0,0.9999999869553116,0.0,0.0,0.0,0.0,0.0,Bitel,0,0.9999999869553117,Entel,3,0.0,Bitel,0,0.0,Bitel,0,1.0,1.3044688329522103e-08,1.0,0.25,1.0,72.5,COBERTURA ALTA,False,False
1507250010,LIMA,HUAROCHIRI,SAN PEDRO DE HUANCAYRE,ACOPICHA,RURAL,-12.1195,-76.2283,0.0,0.0,0.0,0.0,0.0,0.0,0.0,1.0,0.0,1.0,0.0,0.9994555034027736,0.0,0.0,0,0.0,0,1.0,0.0,1.0,0,0.0,1.0,1.0,0.0,1.0,0.0,1.0,0.0,0.0,0.0,0.0,0.0,Bitel,0,1.0,Entel,3,0.0,Bitel,0,0.0,Bitel,0,1.0,0.0,1.0,0.25,1.0,72.5,COBERTURA ALTA,False,False
1507250011,LIMA,HUAROCHIRI,SAN PEDRO DE HUANCAYRE,HUASCACHA,RURAL,-12.12208,-76.22773,0.0,0.0,0.0,0.0,0.0,0.0,0.0,0.9999999965899449,0.0,0.9999999965899451,0.0,0.9999999965899451,0.0,0.0,0,0.0,0,0.9999999965899449,0.0,0.999999996589945,0,0.0,0.9999999965901768,0.9999999965901769,0.0,0.9999999965901768,0.0,0.9999999965899449,0.0,0.0,0.0,0.0,0.0,Bitel,0,0.9999999965899451,Claro,3,0.0,Bitel,0,0.0,Bitel,0,1.0,3.4100549051174767e-09,1.0,0.25,1.0,72.5,COBERTURA ALTA,False,False
1507250012,LIMA,HUAROCHIRI,SAN PEDRO DE HUANCAYRE,ACOPONCO,RURAL,-12.12364,-76.22784,0.0,0.0,0.0,0.0,0.0,0.0,0.0,0.9983981088582367,0.0,1.0,0.0,0.9925972620550436,0.0,0.0,0,0.0,0,1.0,0.0,1.0,0,0.0,0.9824677024558824,1.0,0.0,0.9680691824402573,0.0,1.0,0.0,0.0,0.0,0.0,0.0,Bitel,0,1.0,Entel,3,0.0,Bitel,0,0.0,Bitel,0,1.0,0.0,1.0,0.25,1.0,72.5,COBERTURA ALTA,False,False
1507250013,LIMA,HUAROCHIRI,SAN PEDRO DE HUANCAYRE,CUILDA,RURAL,-12.12787,-76.22538,0.0,0.0,0.0,0.0,0.0,0.0,0.0,0.9999999976309676,0.0,0.9999999976309676,0.0,0.9999999976309667,0.0,0.0,0,0.0,0,0.9999999976309676,0.0,0.9999999976309676,0,0.0,0.004114782634992348,0.9999999976309021,0.0,0.0,0.0,0.9999999976309676,0.0,0.0,0.0,0.0,0.0,Bitel,0,0.9999999976309676,Entel,3,0.0,Bitel,0,0.0,Bitel,0,1.0,2.3690324146841135e-09,1.0,0.25,1.0,72.5,COBERTURA ALTA,False,False
1507250014,LIMA,HUAROCHIRI,SAN PEDRO DE HUANCAYRE,HUAYQUIGOSA,RURAL,-12.12928,-76.22084,0.0,0.0,0.0,0.0,0.0,0.0,0.0,0.9999999961580177,0.0,0.9999999961580177,0.0,0.9999999961580177,0.0,0.0,0,0.0,0,0.9999999961580177,0.0,0.9999999961580178,0,0.0,0.8989987918599516,0.9999999961580128,0.0,0.7413698420635194,0.0,0.9999999961580178,0.0,0.0,0.0,0.0,0.0,Bitel,0,0.9999999961580178,Entel,3,0.0,Bitel,0,0.0,Bitel,0,1.0,3.841982176844283e-09,1.0,0.25,1.0,72.5,COBERTURA ALTA,False,False
1507250015,LIMA,HUAROCHIRI,SAN PEDRO DE HUANCAYRE,CHICLLA QUEBRADA,RURAL,-12.13321,-76.22336,0.0,0.0,0.0,0.0,0.0,0.0,0.0,0.9379732654684668,0.0,0.7872915175231702,0.0,0.6631018196759169,0.0,0.0,0,0.0,0,1.0,0.0,1.0,0,0.0,0.4381774091630617,1.0,0.0,0.1757711554626613,0.0,0.9933765540992419,0.0,0.0,0.0,0.0,0.0,Bitel,0,1.0,Entel,2,0.0,Bitel,0,0.0,Bitel,0,1.0,0.0,1.0,0.5,1.0,75.0,COBERTURA ALTA,False,False
1507250016,LIMA,HUAROCHIRI,SAN PEDRO DE HUANCAYRE,PIEDRA PURISIMA,RURAL,-12.13655,-76.21238,0.0,0.0,0.0,0.0,0.0,0.0,0.0,1.0,0.0,1.0,0.0,1.0,0.0,0.0,0,0.0,0,1.0,0.0,1.0,0,0.0,1.0,1.0,0.0,0.9966882102011421,0.0,1.0,0.0,0.0,0.0,0.0,0.0,Bitel,0,1.0,Claro,3,0.0,Bitel,0,0.0,Bitel,0,1.0,0.0,1.0,0.25,1.0,72.5,COBERTURA ALTA,False,False
1507250017,LIMA,HUAROCHIRI,SAN PEDRO DE HUANCAYRE,YAMBRACA,RURAL,-12.13785,-76.21563,0.0,0.0,0.0,0.0,0.0,0.0,0.0,0.9999999995089989,0.0,0.9999999995089989,0.06193586564109155,0.9999999995094838,0.0,0.0,0,0.0,0,0.9999999995089989,0.0,0.9999999995089989,0,0.0,0.9926412151910288,0.9999999995089264,0.0,0.9820169732957611,0.0,0.9999999995089695,0.0,0.0,0.0,0.0,0.06193586564109155,Claro,0,0.9999999995094838,Claro,3,0.0,Bitel,0,0.0,Bitel,0,0.9380641343589085,4.9051618322693e-10,1.0,0.25,1.0,69.71,COBERTURA ALTA,False,False
1507250018,LIMA,HUAROCHIRI,SAN PEDRO DE HUANCAYRE,CHIGUA-CHIGUA,RURAL,-12.14143,-76.21371,0.0,0.0,0.0,0.0,0.0,0.0,0.2687470140056883,0.9999999995961006,0.0,0.9999999995959052,0.09933175772712174,0.9999999995963369,0.0,0.0,0,0.0,0,0.9999999995959052,0.0,0.9999999995959052,0,0.0,0.6702373883195292,0.9999999995961868,0.0,0.5839343735366344,0.0,0.9999999995962534,0.0,0.0,0.0,0.0,0.09933175772712174,Claro,0,0.9999999995963369,Claro,3,0.0,Bitel,0,0.0,Bitel,0,0.9006682422728782,4.0366310294359664e-10,1.0,0.25,1.0,68.03,COBERTURA ALTA,False,False
1507250019,LIMA,HUAROCHIRI,SAN PEDRO DE HUANCAYRE,CHACUAYQUI,RURAL,-12.13762,-76.22191,0.0,0.0,0.0,0.0,0.0,0.0,0.0,0.9677758816325348,0.0,0.6364090812880618,0.0,0.7344374841421027,0.0,0.0,0,0.0,0,1.0,0.0,1.0,0,0.0,0.5216751446372083,1.0,0.0,0.4160716539876451,0.0,0.9865489582049625,0.0,0.0,0.0,0.0,0.0,Bitel,0,1.0,Entel,2,0.0,Bitel,0,0.0,Bitel,0,1.0,0.0,1.0,0.5,1.0,75.0,COBERTURA ALTA,False,False
1507250020,LIMA,HUAROCHIRI,SAN PEDRO DE HUANCAYRE,PALCAMAYO,RURAL,-12.14228,-76.21594,0.0,0.0,0.0,0.0,0.0,0.0,0.7980529880133875,1.0,0.08056693307042347,1.0,0.04331947577710046,1.0,0.0,0.0,0,0.0,0,1.0,0.0,1.0,0,0.0,0.4017252373485635,1.0,0.0,0.3255337282737824,0.0,1.0,0.0,0.0,0.0,0.0,0.04331947577710046,Claro,0,1.0,Claro,3,0.0,Bitel,0,0.0,Bitel,0,0.9566805242228995,0.0,1.0,0.25,1.0,70.55,COBERTURA ALTA,False,False
1507250021,LIMA,HUAROCHIRI,SAN PEDRO DE HUANCAYRE,MAJASHILE,RURAL,-12.11179,-76.21355,0.0,0.0,0.0,0.0,0.0,0.0,0.0,0.3898490805029617,0.0,0.04289384972549422,0.0,0.05169630219603479,0.0,0.0,0,0.0,0,0.9353901673692948,0.0,0.9485300447995723,0,0.0,0.0,0.7108050661618153,0.0,0.0,0.0,0.3121398721889714,0.0,0.0,0.0,0.0,0.0,Bitel,0,0.9485300447995723,Entel,1,0.0,Bitel,0,0.0,Bitel,0,1.0,0.05146995520042774,1.0,0.75,1.0,78.53,COBERTURA ALTA,False,False
1507250022,LIMA,HUAROCHIRI,SAN PEDRO DE HUANCAYRE,HUCURWAYQUI,RURAL,-12.11035,-76.21284,0.0,0.0,0.0,0.0,0.0,0.0,0.0,0.596025577181095,0.0,0.06845824076336979,0.0,0.1299529539613464,0.0,0.0,0,0.0,0,0.8372714028019907,0.0,0.8815577524516391,0,0.0,0.0,0.5913108356253982,0.0,0.0,0.0,0.1647238506360157,0.0,0.0,0.0,0.0,0.0,Bitel,0,0.8815577524516391,Entel,1,0.0,Bitel,0,0.0,Bitel,0,1.0,0.11844224754836086,1.0,0.75,1.0,79.87,COBERTURA ALTA,False,False
1507250023,LIMA,HUAROCHIRI,SAN PEDRO DE HUANCAYRE,HUANCAYANCHE,RURAL,-12.10383,-76.19946,0.0,0.0,0.0,0.0,0.0,0.0,0.0,0.0,0.0,0.0,0.0,0.0,0.0,0.0,0,0.0,0,4.992210803338088e-07,0.0,0.0,0,0.0,0.0,0.0,0.0,0.0,0.0,0.0,0.0,0.0,0.0,0.0,0.0,Bitel,0,0.0,Bitel,0,0.0,Bitel,0,0.0,Bitel,0,1.0,1.0,1.0,1.0,1.0,100.0,BRECHA CRITICA,False,False
1507250024,LIMA,HUAROCHIRI,SAN PEDRO DE HUANCAYRE,ATAHUACA,RURAL,-12.08833,-76.20684,0.0,0.0,0.0,0.0,0.0,0.0,0.0,0.0,0.0,0.0,0.0,0.0,0.0,0.0,0,0.0,0,0.06211814797610266,0.0,0.04446045677882116,0,0.0,0.0,0.2602010733444654,0.0,0.0,0.0,0.0,0.0,0.0,0.0,0.0,0.0,Bitel,0,0.04446045677882116,Entel,0,0.0,Bitel,0,0.0,Bitel,0,1.0,0.9555395432211788,1.0,1.0,1.0,99.11,BRECHA CRITICA,False,False
1507250025,LIMA,HUAROCHIRI,SAN PEDRO DE HUANCAYRE,AGUAQUIRE,RURAL,-12.04782,-76.18545,0.0,0.0,0.0,0.0,0.0,0.0,0.0,0.0,0.0,0.0,0.0,0.0,0.0,0.0,0,0.0,0,0.0,0.0,0.0,0,0.0,0.0,0.0,0.0,0.0,0.0,0.0,0.0,0.0,0.0,0.0,0.0,Bitel,0,0.0,Bitel,0,0.0,Bitel,0,0.0,Bitel,0,1.0,1.0,1.0,1.0,1.0,100.0,BRECHA CRITICA,False,False
1507250026,LIMA,HUAROCHIRI,SAN PEDRO DE HUANCAYRE,TUCTUMASCA,RURAL,-12.0724,-76.21489,0.0,0.0,0.0,0.0,0.0,0.0,0.0,0.02965154133059846,0.0,0.0,0.0,0.0,0.0,0.0,0,0.0,0,0.1029992974507443,0.0,0.06305090947659428,0,0.0,0.0,0.9281979270140415,0.0,0.0,0.0,0.5252190233785459,0.0,0.0,0.0,0.0,0.0,Bitel,0,0.5252190233785459,Movistar,0,0.0,Bitel,0,0.0,Bitel,0,1.0,0.47478097662145413,1.0,1.0,1.0,89.5,COBERTURA PARCIAL,False,False
1507250027,LIMA,HUAROCHIRI,SAN PEDRO DE HUANCAYRE,RIO SECO,RURAL,-12.09269,-76.20262,0.0,0.0,0.0,0.0,0.0,0.0,0.0,0.0,0.0,0.0,0.0,0.0,0.0,0.0,0,0.0,0,0.3902847702547793,0.0,0.3173256100616497,0,0.0,0.0,0.1190708676473965,0.0,0.0,0.0,0.0,0.0,0.0,0.0,0.0,0.0,Bitel,0,0.3173256100616497,Entel,0,0.0,Bitel,0,0.0,Bitel,0,1.0,0.6826743899383503,1.0,1.0,1.0,93.65,COBERTURA PARCIAL,False,False
1507250028,LIMA,HUAROCHIRI,SAN PEDRO DE HUANCAYRE,MILLGUA,RURAL,-12.09559,-76.21634,0.0,0.0,0.0,0.0,0.0,0.0,0.0,0.08983457100174254,0.0,0.0916161115598357,0.0,0.02194327796258671,0.0,0.0,0,0.0,0,0.8914963250106483,0.0,0.62120976560785,0,0.0,0.05215532664025623,0.9864229025356617,0.0,0.0003437892228415221,0.0,0.7677087531760345,0.0,0.0,0.0,0.0,0.0,Bitel,0,0.7677087531760345,Movistar,0,0.0,Bitel,0,0.0,Bitel,0,1.0,0.2322912468239655,1.0,1.0,1.0,84.65,COBERTURA PARCIAL,False,False
1507250029,LIMA,HUAROCHIRI,SAN PEDRO DE HUANCAYRE,OSAHUAYQUE,RURAL,-12.1008,-76.21114,0.0,0.0,0.0,0.0,0.0,0.0,0.0,0.0,0.0,0.351584684521059,0.0,0.1104631046078356,0.0,0.0,0,0.0,0,0.09140550069098037,0.0,0.0,0,0.0,0.0,0.0,0.0,0.0,0.0,0.0,0.0,0.0,0.0,0.0,0.0,Bitel,0,0.1104631046078356,Claro,0,0.0,Bitel,0,0.0,Bitel,0,1.0,0.8895368953921644,1.0,1.0,1.0,97.79,BRECHA CRITICA,False,False
1507250030,LIMA,HUAROCHIRI,SAN PEDRO DE HUANCAYRE,MARHUACA,RURAL,-12.10411,-76.21225,0.0,0.0,0.0,0.0,0.0,0.0,0.0,0.01466706108697874,0.0,0.4578419098689379,0.0,0.2145940040149653,0.0,0.0,0,0.0,0,0.05542651392285316,0.0,0.06942867335553524,0,0.0,0.0,0.01673312330136019,0.0,0.0,0.0,0.0,0.0,0.0,0.0,0.0,0.0,Bitel,0,0.2145940040149653,Claro,0,0.0,Bitel,0,0.0,Bitel,0,1.0,0.7854059959850347,1.0,1.0,1.0,95.71,COBERTURA PARCIAL,False,False
1507250031,LIMA,HUAROCHIRI,SAN PEDRO DE HUANCAYRE,HUALAGAYA,RURAL,-12.11604,-76.21869,0.0,0.0,0.0,0.0,0.0,0.0,0.0,1.0,0.0,0.9588525128948334,0.0,0.9198666649334679,0.0,0.0,0,0.0,0,1.0,0.0,1.0,0,0.0,1.0,1.0,0.0,0.824969899070712,0.0,1.0,0.0,0.0,0.0,0.0,0.0,Bitel,0,1.0,Entel,3,0.0,Bitel,0,0.0,Bitel,0,1.0,0.0,1.0,0.25,1.0,72.5,COBERTURA ALTA,False,False
1507250032,LIMA,HUAROCHIRI,SAN PEDRO DE HUANCAYRE,ABASHUAYQUE,RURAL,-12.11803,-76.21904,0.0,0.0,0.0,0.0,0.0,0.0,0.0,0.999999998738554,0.0,0.9999999987385577,0.0,0.9999999987385578,0.0,0.0,0,0.0,0,0.9999999987385577,0.0,0.9999999987385575,0,0.0,0.9999999987385578,0.9999999987385577,0.0,0.9999999987385578,0.0,0.9999999987385577,0.0,0.0,0.0,0.0,0.0,Bitel,0,0.9999999987385578,Claro,3,0.0,Bitel,0,0.0,Bitel,0,1.0,1.261442172939553e-09,1.0,0.25,1.0,72.5,COBERTURA ALTA,False,False
1507250033,LIMA,HUAROCHIRI,SAN PEDRO DE HUANCAYRE,CHAUCHIPA,RURAL,-12.12771,-76.21503,0.0,0.0,0.0,0.0,0.0,0.0,0.0,1.0,0.0,1.0,0.0,1.0,0.0,0.0,0,0.0,0,1.0,0.0,1.0,0,0.0,1.0,1.0,0.0,0.9627495039408845,0.0,1.0,0.0,0.0,0.0,0.0,0.0,Bitel,0,1.0,Claro,3,0.0,Bitel,0,0.0,Bitel,0,1.0,0.0,1.0,0.25,1.0,72.5,COBERTURA ALTA,False,False
1507250034,LIMA,HUAROCHIRI,SAN PEDRO DE HUANCAYRE,LINDERO,RURAL,-12.10998,-76.22189,0.0,0.0,0.0,0.0,0.0,0.0,0.0,1.0,0.0,1.0,0.0,0.971559945575583,0.0,0.0,0,0.0,0,0.9724562011325788,0.0,1.0,0,0.0,1.0,1.0,0.0,0.9993621650723773,0.0,1.0,0.0,0.0,0.0,0.0,0.0,Bitel,0,1.0,Entel,3,0.0,Bitel,0,0.0,Bitel,0,1.0,0.0,1.0,0.25,1.0,72.5,COBERTURA ALTA,False,False
1507250035,LIMA,HUAROCHIRI,SAN PEDRO DE HUANCAYRE,CALHUINDA,RURAL,-12.0949,-76.21428,0.0,0.0,0.0,0.0,0.0,0.0,0.0,0.0,0.0,0.0,0.0,0.0,0.0,0.0,0,0.0,0,0.5161947688423093,0.0,0.08732855652710274,0,0.0,0.0,0.4748733222805342,0.0,0.0,0.0,0.177326083862761,0.0,0.0,0.0,0.0,0.0,Bitel,0,0.177326083862761,Movistar,0,0.0,Bitel,0,0.0,Bitel,0,1.0,0.822673916137239,1.0,1.0,1.0,96.45,BRECHA CRITICA,False,False
1507250036,LIMA,HUAROCHIRI,SAN PEDRO DE HUANCAYRE,CHUMISHICA,RURAL,-12.14004,-76.21696,0.0,0.0,0.0,0.0,0.0,0.0,0.1070074189370993,0.9999999981652555,0.0,0.9999999981650719,0.02069889520495826,0.9967703444869903,0.0,0.0,0,0.0,0,0.9999999981650719,0.0,0.9999999981650719,0,0.0,0.2345255658952493,0.9770885008745019,0.0,0.2289503213925149,0.0,0.999999998165072,0.0,0.0,0.0,0.0,0.02069889520495826,Claro,0,0.999999998165072,Movistar,3,0.0,Bitel,0,0.0,Bitel,0,0.9793011047950417,1.8349279873319801e-09,1.0,0.25,1.0,71.57,COBERTURA ALTA,False,False
1507250037,LIMA,HUAROCHIRI,SAN PEDRO DE HUANCAYRE,YAULINGA,RURAL,-12.1169,-76.22025,0.0,0.0,0.0,0.0,0.0,0.0,0.0,1.0,0.0,0.9751412427085903,0.0,1.0,0.0,0.0,0,0.0,0,1.0,0.0,1.0,0,0.0,1.0,1.0,0.0,1.0,0.0,1.0,0.0,0.0,0.0,0.0,0.0,Bitel,0,1.0,Claro,3,0.0,Bitel,0,0.0,Bitel,0,1.0,0.0,1.0,0.25,1.0,72.5,COBERTURA ALTA,False,False
1507260001,LIMA,HUAROCHIRI,SANGALLAYA,SANGALLAYA,URBANO,-12.16078,-76.22876,0.0,0.0,0.0,0.0,0.0,0.0,0.02670698974795213,0.9999999939737602,0.0,0.9999999939728641,0.0,0.9999999939728641,0.0,0.0,0,0.0,0,0.9999999939728641,0.0,0.9999999939728641,0,0.0,0.9989329649940318,0.9999999939723824,0.0,0.9951094498411631,0.0,0.99999999397286,0.0,0.0,0.0,0.0,0.0,Bitel,0,0.9999999939728641,Claro,3,0.0,Bitel,0,0.0,Bitel,0,1.0,6.027135901476299e-09,1.0,0.25,0.0,62.5,COBERTURA ALTA,False,False
1507260002,LIMA,HUAROCHIRI,SANGALLAYA,CHACA,RURAL,-12.15646,-76.22784,0.0,0.0,0.0,0.0,0.0,0.0,0.1048789944380199,1.0,0.0,1.0,0.0,1.0,0.0,0.0,0,0.0,0,1.0,0.0,1.0,0,0.0,0.947901979255281,1.0,0.0,0.9193795574202668,0.0,1.0,0.0,0.0,0.0,0.0,0.0,Bitel,0,1.0,Claro,3,0.0,Bitel,0,0.0,Bitel,0,1.0,0.0,1.0,0.25,1.0,72.5,COBERTURA ALTA,False,False
1507260005,LIMA,HUAROCHIRI,SANGALLAYA,HUAYQURI,RURAL,-12.16577,-76.22471,0.0,0.0,0.0,0.0,0.0,0.0,0.0,0.999999995213892,0.0,0.9792992624726429,0.0,0.9999999952138922,0.0,0.0,0,0.0,0,0.6912875730633761,0.0,0.9827511290841896,0,0.0,0.3067644848807269,0.9999999952136738,0.0,0.0628942339044637,0.0,0.9999999952138922,0.0,0.0,0.0,0.0,0.0,Bitel,0,0.9999999952138922,Claro,3,0.0,Bitel,0,0.0,Bitel,0,1.0,4.786107843379739e-09,1.0,0.25,1.0,72.5,COBERTURA ALTA,False,False
1507260007,LIMA,HUAROCHIRI,SANGALLAYA,CAYUNAYA,RURAL,-12.17254,-76.23001,0.0,0.0,0.0,0.0,0.0,0.0,0.0,0.9999999956612851,0.0,0.9999999956612626,0.0,0.9999999956612626,0.0,0.0,0,0.0,0,0.9999999956612626,0.0,0.9999999956612625,0,0.0,0.4424996689066554,0.9999999956610827,0.0,0.06293155201719762,0.0,0.9999999956612626,0.0,0.0,0.0,0.0,0.0,Bitel,0,0.9999999956612626,Claro,3,0.0,Bitel,0,0.0,Bitel,0,1.0,4.3387373693803966e-09,1.0,0.25,1.0,72.5,COBERTURA ALTA,False,False
1507260008,LIMA,HUAROCHIRI,SANGALLAYA,OCOCA,RURAL,-12.17598,-76.22239,0.0,0.0,0.0,0.0,0.0,0.0,0.0,1.0,0.0,1.0,0.0,1.0,0.0,0.0,0,0.0,0,1.0,0.0,1.0,0,0.0,0.5354758632390227,1.0,0.0,0.2094800055535793,0.0,1.0,0.0,0.0,0.0,0.0,0.0,Bitel,0,1.0,Claro,3,0.0,Bitel,0,0.0,Bitel,0,1.0,0.0,1.0,0.25,1.0,72.5,COBERTURA ALTA,False,False
1507260010,LIMA,HUAROCHIRI,SANGALLAYA,CHANCUYA,RURAL,-12.18648,-76.27159,0.0,0.0,0.0,0.0,0.0,0.0,0.0,0.0,0.0,0.0,0.0,0.0,0.0,0.0,0,0.0,0,0.01908456736089612,0.0,0.04469275329788461,0,0.0,0.0,0.0,0.0,0.0,0.0,0.0,0.0,0.0,0.0,0.0,0.0,Bitel,0,0.04469275329788461,Entel,0,0.0,Bitel,0,0.0,Bitel,0,1.0,0.9553072467021154,1.0,1.0,1.0,99.11,BRECHA CRITICA,False,False
1507260012,LIMA,HUAROCHIRI,SANGALLAYA,HUANCATA,RURAL,-12.18546,-76.23993,0.0,0.0,0.0,0.0,0.0,0.0,0.0,0.9999999991415659,0.0,0.9999999991415659,0.0,0.9999999991415659,0.0,0.0,0,0.0,0,6.489461038798426e-05,0.0,0.9895430547527834,0,0.0,0.0,0.8714782378076732,0.0,0.0,0.0,0.3417789898633096,0.0,0.0,0.0,0.0,0.0,Bitel,0,0.9999999991415659,Claro,2,0.0,Bitel,0,0.0,Bitel,0,1.0,8.584341015804853e-10,1.0,0.5,1.0,75.0,COBERTURA ALTA,False,False
1507260014,LIMA,HUAROCHIRI,SANGALLAYA,SHUNTUSULA (CRUZ PAMPA),RURAL,-12.19691,-76.22861,0.0,0.0,0.0,0.0,0.0,0.0,0.06640067368983163,1.0,0.0,1.0,0.0,1.0,0.0,0.0,0,0.0,0,0.8959808175865211,0.0,1.0,0,0.0,0.0,1.0,0.0,0.0,0.0,1.0,0.0,0.0,0.0,0.0,0.0,Bitel,0,1.0,Claro,3,0.0,Bitel,0,0.0,Bitel,0,1.0,0.0,1.0,0.25,1.0,72.5,COBERTURA ALTA,False,False
1507260016,LIMA,HUAROCHIRI,SANGALLAYA,YANATUPE,RURAL,-12.19164,-76.24125,0.0,0.0,0.0,0.0,0.0,0.0,0.1117993188524739,1.0,0.0,1.0,0.0,1.0,0.0,0.0,0,0.0,0,0.0,0.0,1.0,0,0.0,0.0,0.7741965939313288,0.0,0.0,0.0,0.0684891655909697,0.0,0.0,0.0,0.0,0.0,Bitel,0,1.0,Claro,2,0.0,Bitel,0,0.0,Bitel,0,1.0,0.0,1.0,0.5,1.0,75.0,COBERTURA ALTA,False,False
1507260017,LIMA,HUAROCHIRI,SANGALLAYA,CAULLAMANCHI,RURAL,-12.19737,-76.2401,0.0,0.0,0.0,0.0,0.0,0.0,0.9042216475207211,0.9999999969109359,0.0,0.9999999969109361,0.0,0.9999999969109361,0.0,0.0,0,0.0,0,0.0,0.0,0.920625070837364,0,0.0,0.0,0.6704503379398185,0.0,0.0,0.0,0.4500420950585029,0.0,0.0,0.0,0.0,0.0,Bitel,0,0.9999999969109361,Claro,2,0.0,Bitel,0,0.0,Bitel,0,1.0,3.0890638935687775e-09,1.0,0.5,1.0,75.0,COBERTURA ALTA,False,False
1507260018,LIMA,HUAROCHIRI,SANGALLAYA,CRUZ DE QUIRIPA,RURAL,-12.19937,-76.24095,0.0,0.0,0.0,0.0,0.0,0.0,0.8469633833905543,0.9999999986031589,0.0,0.9999999986031594,0.0,0.9999999986031594,0.0,0.0,0,0.0,0,0.0,0.0,0.9986758663634483,0,0.0,0.0,0.893241402256527,0.0,0.0,0.0,0.5898797342350908,0.0,0.0,0.0,0.0,0.0,Bitel,0,0.9999999986031594,Claro,2,0.0,Bitel,0,0.0,Bitel,0,1.0,1.3968406431530411e-09,1.0,0.5,1.0,75.0,COBERTURA ALTA,False,False
1507260019,LIMA,HUAROCHIRI,SANGALLAYA,LUCHASO,RURAL,-12.20467,-76.23768,0.0,0.0,0.0,0.0,0.0,0.0,0.9999999969979154,0.9999999969979152,0.1240538173886098,0.9999999969981239,0.0,0.9999999969979158,0.0,0.0,0,0.0,0,0.1613900419575379,0.0,0.4781061520959367,0,0.0,0.0,0.8424978189556557,0.0,0.0,0.0,0.8041379783450991,0.0,0.0,0.0,0.0,0.0,Bitel,0,0.9999999969979158,Claro,2,0.0,Bitel,0,0.0,Bitel,0,1.0,3.002084247860637e-09,1.0,0.5,1.0,75.0,COBERTURA ALTA,False,False
1507260020,LIMA,HUAROCHIRI,SANGALLAYA,QUIRIPA,RURAL,-12.20799,-76.23565,0.0,0.0,0.0,0.0,0.0,0.0,0.9569750950888819,0.9999999928238014,0.0,0.9999999928236032,0.0,0.9999999928237269,0.0,0.0,0,0.0,0,0.0001782783038380531,0.0,0.476098291972665,0,0.0,0.0,0.698947919101429,0.0,0.0,0.0,0.7180824528338096,0.0,0.0,0.0,0.0,0.0,Bitel,0,0.9999999928237269,Claro,1,0.0,Bitel,0,0.0,Bitel,0,1.0,7.176273131292987e-09,1.0,0.75,1.0,77.5,COBERTURA ALTA,False,False
1507260021,LIMA,HUAROCHIRI,SANGALLAYA,YUCOMUNE,RURAL,-12.2187,-76.23655,0.0,0.0,0.0,0.0,0.0,0.0,0.0,0.8945663944789926,0.0,0.8534181406303581,0.0,0.7406946077723464,0.0,0.0,0,0.0,0,0.0,0.0,0.0,0,0.0,0.0,0.3680167045581509,0.0,0.0,0.0,0.4614830023339276,0.0,0.0,0.0,0.0,0.0,Bitel,0,0.7406946077723464,Claro,0,0.0,Bitel,0,0.0,Bitel,0,1.0,0.2593053922276536,1.0,1.0,1.0,85.19,COBERTURA PARCIAL,False,False
1507260022,LIMA,HUAROCHIRI,SANGALLAYA,PIEDRA LIZA,RURAL,-12.21144,-76.28478,0.0,0.0,0.0,0.0,0.0,0.0,0.0,0.0,0.0,0.0,0.0,0.0,0.0,0.0,0,0.0,0,0.0,0.0,0.0,0,0.0,0.0,0.0165514674808392,0.0,0.0,0.0,0.0,0.0,0.0,0.0,0.0,0.0,Bitel,0,0.0,Bitel,0,0.0,Bitel,0,0.0,Bitel,0,1.0,1.0,1.0,1.0,1.0,100.0,BRECHA CRITICA,False,False
1507260023,LIMA,HUAROCHIRI,SANGALLAYA,PIEDRA GRANDE,RURAL,-12.22826,-76.2865,0.0,0.0,0.0,0.0,0.0,0.0,0.0,0.0,0.0,0.0,0.0,0.0,0.0,0.0,0,0.0,0,0.0,0.0,0.0,0,0.0,0.0,0.0,0.0,0.0,0.0,0.0,0.0,0.0,0.0,0.0,0.0,Bitel,0,0.0,Bitel,0,0.0,Bitel,0,0.0,Bitel,0,1.0,1.0,1.0,1.0,1.0,100.0,BRECHA CRITICA,False,False
1507260024,LIMA,HUAROCHIRI,SANGALLAYA,COLCATAMBO,RURAL,-12.21798,-76.29881,0.0,0.0,0.0,0.0,0.0,0.0,0.0,0.0,0.0,0.0,0.0,0.0,0.0,0.0,0,0.0,0,0.0,0.0,0.0,0,0.0,0.0,0.0,0.0,0.0,0.0,0.0,0.0,0.0,0.0,0.0,0.0,Bitel,0,0.0,Bitel,0,0.0,Bitel,0,0.0,Bitel,0,1.0,1.0,1.0,1.0,1.0,100.0,BRECHA CRITICA,False,False
1507260025,LIMA,HUAROCHIRI,SANGALLAYA,CORANCHE,RURAL,-12.22565,-76.28036,0.0,0.0,0.0,0.0,0.0,0.0,0.0,0.0,0.0,0.0,0.0,0.0,0.0,0.0,0,0.0,0,0.0,0.0,0.0,0,0.0,0.0,0.0,0.0,0.0,0.0,0.0,0.0,0.0,0.0,0.0,0.0,Bitel,0,0.0,Bitel,0,0.0,Bitel,0,0.0,Bitel,0,1.0,1.0,1.0,1.0,1.0,100.0,BRECHA CRITICA,False,False
1507260026,LIMA,HUAROCHIRI,SANGALLAYA,LUCOMAYQUE (ECHADERAS),RURAL,-12.2271,-76.25939,0.0,0.0,0.0,0.0,0.0,0.0,0.0,0.5178048937440252,0.0,0.4044059937260652,0.0,0.3911542135479258,0.0,0.0,0,0.0,0,0.0,0.0,0.0,0,0.0,0.0,0.0,0.0,0.0,0.0,0.0,0.0,0.0,0.0,0.0,0.0,Bitel,0,0.3911542135479258,Claro,0,0.0,Bitel,0,0.0,Bitel,0,1.0,0.6088457864520742,1.0,1.0,1.0,92.18,COBERTURA PARCIAL,False,False
1507260027,LIMA,HUAROCHIRI,SANGALLAYA,CHURACOCHA,RURAL,-12.2232,-76.27629,0.0,0.0,0.0,0.0,0.0,0.0,0.0,0.0,0.0,0.0,0.0,0.0,0.0,0.0,0,0.0,0,0.0,0.0,0.0,0,0.0,0.0,0.0,0.0,0.0,0.0,0.0,0.0,0.0,0.0,0.0,0.0,Bitel,0,0.0,Bitel,0,0.0,Bitel,0,0.0,Bitel,0,1.0,1.0,1.0,1.0,1.0,100.0,BRECHA CRITICA,False,False
1507260028,LIMA,HUAROCHIRI,SANGALLAYA,CHACRAALTA,RURAL,-12.23191,-76.23995,0.0,0.0,0.0,0.0,0.0,0.0,0.0,1.0,0.0,1.0,0.0,0.9788751922297102,0.0,0.0,0,0.0,0,0.0,0.0,0.1932050150946903,0,0.0,0.0,0.8270315533472223,0.0,0.0,0.0,0.8036386283803304,0.0,0.0,0.0,0.0,0.0,Bitel,0,0.9788751922297102,Claro,2,0.0,Bitel,0,0.0,Bitel,0,1.0,0.0211248077702898,1.0,0.5,1.0,75.42,COBERTURA ALTA,False,False
1507260029,LIMA,HUAROCHIRI,SANGALLAYA,PUCLLUCANCHI,RURAL,-12.23506,-76.23823,0.0,0.0,0.0,0.0,0.0,0.0,0.02070581065513306,0.9999999986859099,0.02070581065526563,0.9585883773753124,0.0,0.8369687764573063,0.0,0.0,0,0.0,0,0.0,0.0,0.2786491576021371,0,0.0,0.0,0.868192731412149,0.0,0.0,0.0,0.8623974104954731,0.0,0.0,0.0,0.0,0.0,Bitel,0,0.8623974104954731,Movistar,2,0.0,Bitel,0,0.0,Bitel,0,1.0,0.13760258950452686,1.0,0.5,1.0,77.75,COBERTURA ALTA,False,False
1507260030,LIMA,HUAROCHIRI,SANGALLAYA,CHACARILLA,RURAL,-12.24588,-76.23812,0.0,0.0,0.0,0.0,0.0,0.0,0.0,1.0,0.0,1.0,0.0,0.8006971175750836,0.0,0.0,0,0.0,0,0.0,0.0,0.2735804986067472,0,0.0,0.0,0.927451205011103,0.0,0.0,0.0,0.9358952045815867,0.0,0.0,0.0,0.0,0.0,Bitel,0,0.9358952045815867,Movistar,2,0.0,Bitel,0,0.0,Bitel,0,1.0,0.0641047954184133,1.0,0.5,1.0,76.28,COBERTURA ALTA,False,False
1507260031,LIMA,HUAROCHIRI,SANGALLAYA,CUCHILLA,RURAL,-12.26188,-76.2605,0.0,0.0,0.0,0.0,0.0,0.0,0.0,0.5244723956231093,0.0,0.0,0.0,0.0,0.0,0.0,0,0.0,0,0.0,0.0,0.0,0,0.0,0.0,0.695480288797447,0.0,0.0,0.0,0.0,0.0,0.0,0.0,0.0,0.0,Bitel,0,0.0,Bitel,0,0.0,Bitel,0,0.0,Bitel,0,1.0,1.0,1.0,1.0,1.0,100.0,BRECHA CRITICA,False,False
1507260032,LIMA,HUAROCHIRI,SANGALLAYA,CHICRE ALLOCA,RURAL,-12.26433,-76.2657,0.0,0.0,0.0,0.0,0.0,0.0,0.0,0.3630116066911656,0.0,0.0,0.0,0.0,0.0,0.0,0,0.0,0,0.0,0.0,0.0,0,0.0,0.0,0.5628217894522742,0.0,0.0,0.0,0.0,0.0,0.0,0.0,0.0,0.0,Bitel,0,0.0,Bitel,0,0.0,Bitel,0,0.0,Bitel,0,1.0,1.0,1.0,1.0,1.0,100.0,BRECHA CRITICA,False,False
1507260033,LIMA,HUAROCHIRI,SANGALLAYA,CHICRE PACHAMARCA,RURAL,-12.2631,-76.27104,0.0,0.0,0.0,0.0,0.0,0.0,0.0,0.0,0.0,0.0,0.0,0.0,0.0,0.0,0,0.0,0,0.0,0.0,0.0,0,0.0,0.0,0.9514405548025641,0.0,0.0,0.0,0.0,0.0,0.0,0.0,0.0,0.0,Bitel,0,0.0,Bitel,0,0.0,Bitel,0,0.0,Bitel,0,1.0,1.0,1.0,1.0,1.0,100.0,BRECHA CRITICA,False,False
1507260034,LIMA,HUAROCHIRI,SANGALLAYA,CHINACHAY,RURAL,-12.26278,-76.24569,0.0,0.0,0.0,0.0,0.0,0.0,0.327883183697555,0.9999999971530739,0.0,0.9792921776327116,0.0,0.9585843581127398,0.0,0.0,0,0.0,0,0.0,0.0,0.0,0,0.0,0.0,0.0,0.0,0.0,0.0,0.0,0.0,0.0,0.0,0.0,0.0,Bitel,0,0.9585843581127398,Claro,1,0.0,Bitel,0,0.0,Bitel,0,1.0,0.04141564188726021,1.0,0.75,1.0,78.33,COBERTURA ALTA,False,False
1507260035,LIMA,HUAROCHIRI,SANGALLAYA,PENCOLA,RURAL,-12.27072,-76.25633,0.0,0.0,0.0,0.0,0.0,0.0,0.0,1.0,0.0,0.0,0.0,0.0,0.0,0.0,0,0.0,0,0.0,0.0,0.0,0,0.0,0.0,0.4110642328828852,0.0,0.0,0.0,0.0,0.0,0.0,0.0,0.0,0.0,Bitel,0,0.0,Bitel,0,0.0,Bitel,0,0.0,Bitel,0,1.0,1.0,1.0,1.0,1.0,100.0,BRECHA CRITICA,False,False
1507260036,LIMA,HUAROCHIRI,SANGALLAYA,JOYA,RURAL,-12.26779,-76.25198,0.0,0.0,0.0,0.0,0.0,0.0,0.0,0.9999999953262569,0.0,0.02491879360542488,0.0,0.0,0.0,0.0,0,0.0,0,0.0,0.0,0.0,0,0.0,0.0,0.0,0.0,0.0,0.0,0.0,0.0,0.0,0.0,0.0,0.0,Bitel,0,0.0,Bitel,0,0.0,Bitel,0,0.0,Bitel,0,1.0,1.0,1.0,1.0,1.0,100.0,BRECHA CRITICA,False,False
1507260037,LIMA,HUAROCHIRI,SANGALLAYA,SUCUYPAMPA,RURAL,-12.27086,-76.25932,0.0,0.0,0.0,0.0,0.0,0.0,0.0,0.984334734049345,0.0,0.0,0.0,0.0,0.0,0.0,0,0.0,0,0.0,0.0,0.0,0,0.0,0.0,0.7972889193136496,0.0,0.0,0.0,0.0,0.0,0.0,0.0,0.0,0.0,Bitel,0,0.0,Bitel,0,0.0,Bitel,0,0.0,Bitel,0,1.0,1.0,1.0,1.0,1.0,100.0,BRECHA CRITICA,False,False
1507260038,LIMA,HUAROCHIRI,SANGALLAYA,ALLOCA,RURAL,-12.27553,-76.25786,0.0,0.0,0.0,0.0,0.0,0.0,0.0,0.9999999958933764,0.0,0.1969350168367343,0.0,0.1538247248789445,0.0,0.0,0,0.0,0,0.0,0.0,0.0,0,0.0,0.0,0.08432424358865032,0.0,0.0,0.0,0.0,0.0,0.0,0.0,0.0,0.0,Bitel,0,0.1538247248789445,Claro,0,0.0,Bitel,0,0.0,Bitel,0,1.0,0.8461752751210555,1.0,1.0,1.0,96.92,BRECHA CRITICA,False,False
1507260039,LIMA,HUAROCHIRI,SANGALLAYA,CORREVIENTO,RURAL,-12.29076,-76.25415,0.0,0.0,0.0,0.0,0.0,0.0,0.0,0.08036719328697235,0.0,0.0,0.0,0.0,0.0,0.0,0,0.0,0,0.0,0.0,0.0,0,0.0,0.0,0.9862085169967703,0.0,0.0,0.0,0.0,0.0,0.0,0.0,0.0,0.0,Bitel,0,0.0,Bitel,0,0.0,Bitel,0,0.0,Bitel,0,1.0,1.0,1.0,1.0,1.0,100.0,BRECHA CRITICA,False,False
1507260040,LIMA,HUAROCHIRI,SANGALLAYA,SHAMPO,RURAL,-12.20819,-76.26467,0.0,0.0,0.0,0.0,0.0,0.0,0.0,0.0097394702884005,0.0,0.0,0.0,0.0,0.0,0.0,0,0.0,0,0.0,0.0,0.06837120607828591,0,0.0,0.0,0.3715809531464911,0.0,0.0,0.0,0.0,0.0,0.0,0.0,0.0,0.0,Bitel,0,0.06837120607828591,Entel,0,0.0,Bitel,0,0.0,Bitel,0,1.0,0.931628793921714,1.0,1.0,1.0,98.63,BRECHA CRITICA,False,False
1507260041,LIMA,HUAROCHIRI,SANGALLAYA,CORNAYA,RURAL,-12.15637,-76.22317,0.0,0.0,0.0,0.0,0.0,0.0,0.628165935763897,0.9999999998928542,0.0,0.9999999998924971,0.0,0.9999999998924971,0.0,0.0,0,0.0,0,0.9999999998924971,0.0,0.9999999998924972,0,0.0,0.950476315783344,0.999999999892542,0.0,0.9132389655716561,0.0,0.9999999998924964,0.0,0.0,0.0,0.0,0.0,Bitel,0,0.9999999998924972,Entel,3,0.0,Bitel,0,0.0,Bitel,0,1.0,1.0750278445215145e-10,1.0,0.25,1.0,72.5,COBERTURA ALTA,False,False
1507260042,LIMA,HUAROCHIRI,SANGALLAYA,CHILCHE,RURAL,-12.21035,-76.28869,0.0,0.0,0.0,0.0,0.0,0.0,0.0,0.0,0.0,0.0,0.0,0.0,0.0,0.0,0,0.0,0,0.0,0.0,0.0,0,0.0,0.0,0.0,0.0,0.0,0.0,0.0,0.0,0.0,0.0,0.0,0.0,Bitel,0,0.0,Bitel,0,0.0,Bitel,0,0.0,Bitel,0,1.0,1.0,1.0,1.0,1.0,100.0,BRECHA CRITICA,False,False
1507260044,LIMA,HUAROCHIRI,SANGALLAYA,MONTE VERDE,RURAL,-12.23901,-76.26323,0.0,0.0,0.0,0.0,0.0,0.0,0.0,0.7814916229436302,0.0,0.0,0.0,0.1935547448016562,0.0,0.0,0,0.0,0,0.0,0.0,0.0,0,0.0,0.0,0.503528867879891,0.0,0.0,0.0,0.0,0.0,0.0,0.0,0.0,0.0,Bitel,0,0.1935547448016562,Claro,0,0.0,Bitel,0,0.0,Bitel,0,1.0,0.8064452551983439,1.0,1.0,1.0,96.13,BRECHA CRITICA,False,False
1507260045,LIMA,HUAROCHIRI,SANGALLAYA,LORITO,RURAL,-12.28392,-76.26156,0.0,0.0,0.0,0.0,0.0,0.0,0.0,0.9999999973710711,0.0,0.1428832827150172,0.0,0.02216117265520508,0.0,0.0,0,0.0,0,0.0,0.0,0.0,0,0.0,0.0,0.4258086557214098,0.0,0.0,0.0,0.0,0.0,0.0,0.0,0.0,0.0,Bitel,0,0.02216117265520508,Claro,0,0.0,Bitel,0,0.0,Bitel,0,1.0,0.9778388273447949,1.0,1.0,1.0,99.56,BRECHA CRITICA,False,False
1507260046,LIMA,HUAROCHIRI,SANGALLAYA,SHUNDORUME,RURAL,-12.25415,-76.29273,0.0,0.0,0.0,0.0,0.0,0.0,0.0,0.0,0.0,0.0,0.0,0.0,0.0,0.0,0,0.0,0,0.0,0.0,0.0,0,0.0,0.0,0.4653964550556274,0.0,0.0,0.0,0.0,0.0,0.0,0.0,0.0,0.0,Bitel,0,0.0,Bitel,0,0.0,Bitel,0,0.0,Bitel,0,1.0,1.0,1.0,1.0,1.0,100.0,BRECHA CRITICA,False,False
1507260047,LIMA,HUAROCHIRI,SANGALLAYA,HUANQUENI,RURAL,-12.29358,-76.25405,0.0,0.0,0.0,0.0,0.0,0.0,0.0,0.05376064883406938,0.0,0.0,0.0,0.0,0.0,0.0,0,0.0,0,0.0,0.0,0.0,0,0.0,0.0,0.9788583876224225,0.0,0.0,0.0,0.0,0.0,0.0,0.0,0.0,0.0,Bitel,0,0.0,Bitel,0,0.0,Bitel,0,0.0,Bitel,0,1.0,1.0,1.0,1.0,1.0,100.0,BRECHA CRITICA,False,False
1507260048,LIMA,HUAROCHIRI,SANGALLAYA,ANTAQUE,RURAL,-12.28145,-76.26157,0.0,0.0,0.0,0.0,0.0,0.0,0.0,1.0,0.0,0.0179339269673666,0.0,0.0,0.0,0.0,0,0.0,0,0.0,0.0,0.0,0,0.0,0.0,0.9232483196258979,0.0,0.0,0.0,0.0,0.0,0.0,0.0,0.0,0.0,Bitel,0,0.0,Bitel,0,0.0,Bitel,0,0.0,Bitel,0,1.0,1.0,1.0,1.0,1.0,100.0,BRECHA CRITICA,False,False
1507260049,LIMA,HUAROCHIRI,SANGALLAYA,PIEDRA PALCHA,RURAL,-12.20434,-76.24504,0.0,0.0,0.0,0.0,0.0,0.0,0.8856673007093275,0.999999993420119,0.0,0.9999999934199739,0.0,0.9999999934199694,0.0,0.0,0,0.0,0,0.0,0.0,0.9999999934199679,0,0.0,0.0,0.487053658063463,0.0,0.0,0.0,0.01325015242295133,0.0,0.0,0.0,0.0,0.0,Bitel,0,0.9999999934199694,Claro,2,0.0,Bitel,0,0.0,Bitel,0,1.0,6.5800306314756085e-09,1.0,0.5,1.0,75.0,COBERTURA ALTA,False,False
1507260051,LIMA,HUAROCHIRI,SANGALLAYA,SIQUIRANCHE,RURAL,-12.17637,-76.24198,0.0,0.0,0.0,0.0,0.0,0.0,0.0,0.9999999965967559,0.0,0.9999999965967563,0.0,0.9279518656168719,0.0,0.0,0,0.0,0,0.2426546488832341,0.0,0.4080592381913397,0,0.0,0.0,0.8617786650826152,0.0,0.0,0.0,0.0,0.0,0.0,0.0,0.0,0.0,Bitel,0,0.9279518656168719,Claro,1,0.0,Bitel,0,0.0,Bitel,0,1.0,0.07204813438312807,1.0,0.75,1.0,78.94,COBERTURA ALTA,False,False
1507260052,LIMA,HUAROCHIRI,SANGALLAYA,PATA PACURA,RURAL,-12.18282,-76.24003,0.0,0.0,0.0,0.0,0.0,0.0,0.0,1.0,0.0,1.0,0.0,1.0,0.0,0.0,0,0.0,0,0.08062717597578387,0.0,0.3539888599836062,0,0.0,0.0,0.8108818194298948,0.0,0.0,0.0,0.1066359509750656,0.0,0.0,0.0,0.0,0.0,Bitel,0,1.0,Claro,1,0.0,Bitel,0,0.0,Bitel,0,1.0,0.0,1.0,0.75,1.0,77.5,COBERTURA ALTA,False,False
1507260053,LIMA,HUAROCHIRI,SANGALLAYA,HUAYHUARI,RURAL,-12.16594,-76.22469,0.0,0.0,0.0,0.0,0.0,0.0,0.0,1.0,0.0,0.9792992554783684,0.0,0.9998036398340173,0.0,0.0,0,0.0,0,0.6635337494190917,0.0,0.9805520154599106,0,0.0,0.3113401893491737,1.0,0.0,0.0668344782889905,0.0,1.0,0.0,0.0,0.0,0.0,0.0,Bitel,0,1.0,Movistar,3,0.0,Bitel,0,0.0,Bitel,0,1.0,0.0,1.0,0.25,1.0,72.5,COBERTURA ALTA,False,False
1507260054,LIMA,HUAROCHIRI,SANGALLAYA,CANTUCHA,RURAL,-12.22636,-76.26995,0.0,0.0,0.0,0.0,0.0,0.0,0.0,0.5379203118910812,0.0,0.0,0.0,0.02070397629965337,0.0,0.0,0,0.0,0,0.0,0.0,0.0,0,0.0,0.0,0.06075558045036492,0.0,0.0,0.0,0.0,0.0,0.0,0.0,0.0,0.0,Bitel,0,0.02070397629965337,Claro,0,0.0,Bitel,0,0.0,Bitel,0,1.0,0.9792960237003466,1.0,1.0,1.0,99.59,BRECHA CRITICA,False,False
1507260055,LIMA,HUAROCHIRI,SANGALLAYA,CASA QUEMADA,RURAL,-12.22582,-76.27234,0.0,0.0,0.0,0.0,0.0,0.0,0.0,0.1458083690020391,0.0,0.0,0.0,0.0,0.0,0.0,0,0.0,0,0.0,0.0,0.0,0,0.0,0.0,0.0,0.0,0.0,0.0,0.0,0.0,0.0,0.0,0.0,0.0,Bitel,0,0.0,Bitel,0,0.0,Bitel,0,0.0,Bitel,0,1.0,1.0,1.0,1.0,1.0,100.0,BRECHA CRITICA,False,False
1507260056,LIMA,HUAROCHIRI,SANGALLAYA,PAMPA CORANCHE,RURAL,-12.22324,-76.27636,0.0,0.0,0.0,0.0,0.0,0.0,0.0,0.0,0.0,0.0,0.0,0.0,0.0,0.0,0,0.0,0,0.0,0.0,0.0,0,0.0,0.0,0.0,0.0,0.0,0.0,0.0,0.0,0.0,0.0,0.0,0.0,Bitel,0,0.0,Bitel,0,0.0,Bitel,0,0.0,Bitel,0,1.0,1.0,1.0,1.0,1.0,100.0,BRECHA CRITICA,False,False
1507260057,LIMA,HUAROCHIRI,SANGALLAYA,PUENTE,RURAL,-12.22145,-76.27435,0.0,0.0,0.0,0.0,0.0,0.0,0.0,0.03289235976187725,0.0,0.0,0.0,0.0,0.0,0.0,0,0.0,0,0.0,0.0,0.0,0,0.0,0.0,0.01347997996359349,0.0,0.0,0.0,0.0,0.0,0.0,0.0,0.0,0.0,Bitel,0,0.0,Bitel,0,0.0,Bitel,0,0.0,Bitel,0,1.0,1.0,1.0,1.0,1.0,100.0,BRECHA CRITICA,False,False
1507260058,LIMA,HUAROCHIRI,SANGALLAYA,TRABANDA,RURAL,-12.1946,-76.24295,0.0,0.0,0.0,0.0,0.0,0.0,0.1467469525751128,0.9999999942249007,0.0,0.9999999942248328,0.0,0.9999999942248328,0.0,0.0,0,0.0,0,0.0,0.0,0.9999999942248325,0,0.0,0.0,0.667247464818287,0.0,0.0,0.0,0.023731979845198,0.0,0.0,0.0,0.0,0.0,Bitel,0,0.9999999942248328,Claro,2,0.0,Bitel,0,0.0,Bitel,0,1.0,5.775167233323941e-09,1.0,0.5,1.0,75.0,COBERTURA ALTA,False,False
1507270001,LIMA,HUAROCHIRI,SANTA CRUZ DE COCACHACRA,COCACHACRA,URBANO,-11.91155,-76.5395,0.9487968393230846,0.9999235272311351,1.0,1.0,0.0,0.0,0.0,0.9598821383615481,0.0,0.5124887853405455,0.0,0.6712744208222876,0.0,0.0,0,0.999949012207766,0,1.0,0.0,1.0,0,0.0,0.0,0.0,0.3907624435368559,0.4921776403398357,0.0,0.7102093562330668,0.0,0.0,0.0,0.0,1.0,Bitel,1,1.0,Bitel,2,0.0,Bitel,0,0.0,Bitel,0,0.0,0.0,1.0,0.5,0.0,20.0,COBERTURA ALTA,True,False
1507270002,LIMA,HUAROCHIRI,SANTA CRUZ DE COCACHACRA,OSCOLLA,RURAL,-11.90464,-76.53367,0.6348926323791791,0.7522165047456297,0.8763158723438077,0.9999998995175553,0.0,0.0,0.0,0.9999999987619255,0.0,0.7096768342827464,0.0,0.6233309427622707,0.0,0.0,0,0.9999999987619019,0,0.9999999987619019,0.0,0.999999998761902,0,0.0,0.0,0.0,0.0,0.0,0.0,0.9999999987619022,0.0,0.0,0.0,0.0,0.8763158723438077,Bitel,1,0.9999999987619022,Movistar,3,0.0,Bitel,0,0.0,Bitel,0,0.1236841276561923,1.2380978464676673e-09,1.0,0.25,1.0,33.07,COBERTURA ALTA,True,False
1507270004,LIMA,HUAROCHIRI,SANTA CRUZ DE COCACHACRA,MASIPA,RURAL,-11.91927,-76.54281,0.7087766541513193,0.9668210837136034,0.9155115628937357,1.0,0.0,0.0,0.6127500263399406,1.0,0.0,1.0,0.0,1.0,0.0,0.0,0,1.0,0,1.0,0.0,1.0,0,0.0,0.0,0.0,0.1273645121477909,0.6123364656409402,0.1603037835798961,1.0,0.0,0.0,0.0,0.0,0.9155115628937357,Bitel,1,1.0,Bitel,4,0.0,Bitel,0,0.0,Bitel,0,0.0844884371062643,0.0,1.0,0.0,1.0,28.8,COBERTURA ALTA,True,False
1507270005,LIMA,HUAROCHIRI,SANTA CRUZ DE COCACHACRA,YANAMAQUI,RURAL,-11.91527,-76.55202,0.9608581741370995,1.0,1.0,1.0,0.0,0.0,0.0,0.9697609533326212,0.0,0.5457790397051355,0.0,0.3652658087586701,0.0,0.0,0,0.979323883916031,0,1.0,0.0,1.0,0,0.0,0.0,0.0,0.0,0.01183420878244493,0.0,0.2512915336035488,0.0,0.0,0.0,0.0,1.0,Bitel,1,1.0,Bitel,2,0.0,Bitel,0,0.0,Bitel,0,0.0,0.0,1.0,0.5,1.0,30.0,COBERTURA ALTA,True,False
1507270006,LIMA,HUAROCHIRI,SANTA CRUZ DE COCACHACRA,RETABLO,RURAL,-11.92282,-76.54532,0.1533566999494547,0.1635524158289489,0.1501460816725654,0.9999999980392513,0.0,0.0,0.0206759172175068,0.9999999980392362,0.0,0.9999999980392275,0.0,0.8759374920452379,0.0,0.0,0,0.9999999980392358,0,0.9999999980392358,0.0,0.9999999980392362,0,0.0,0.0,0.0,0.004185009599255409,0.3534546825387445,0.2992114249826009,0.9999999980393041,0.0,0.0,0.0,0.0,0.2992114249826009,Movistar,0,0.9999999980393041,Movistar,4,0.0,Bitel,0,0.0,Bitel,0,0.7007885750173991,1.9606959389406597e-09,1.0,0.0,1.0,56.54,COBERTURA ALTA,False,False
1507270007,LIMA,HUAROCHIRI,SANTA CRUZ DE COCACHACRA,LUCUMO,RURAL,-11.91921,-76.55464,0.06999233988672224,0.5041713201152244,0.9867669487722969,0.999999994621115,0.0,0.0,0.0,0.8604103022926596,0.0,0.6638571721412775,0.0,0.4309327939656002,0.0,0.0,0,0.9999999987564339,0,0.9999999987564339,0.0,0.9999999987564338,0,0.0,0.0,0.0,0.07268827963795771,0.3539148366004639,0.0,0.8198080562830338,0.0,0.0,0.0,0.0,0.9867669487722969,Bitel,1,0.9999999987564338,Entel,3,0.0,Bitel,0,0.0,Bitel,0,0.01323305122770313,1.2435662499754585e-09,1.0,0.25,1.0,28.1,COBERTURA ALTA,True,False
1507270008,LIMA,HUAROCHIRI,SANTA CRUZ DE COCACHACRA,CARACHACRA,RURAL,-11.91811,-76.56337,0.2610751216184254,0.4859723970897396,0.549766874275289,0.9999999362085228,0.0,0.0,0.0,0.5720933606241192,0.0,0.04135278729982243,0.0,0.0,0.0,0.0,0,1.0,0,1.0,0.0,1.0,0,0.0,0.0,0.0,0.0,0.0,0.0,1.0,0.0,0.0,0.0,0.0,0.549766874275289,Bitel,0,1.0,Entel,3,0.0,Bitel,0,0.0,Bitel,0,0.45023312572471097,0.0,1.0,0.25,1.0,47.76,COBERTURA ALTA,False,False
1507270009,LIMA,HUAROCHIRI,SANTA CRUZ DE COCACHACRA,CORCONA,URBANO,-11.91072,-76.58171,0.8456495444653239,0.9615695874245153,0.0,0.0,0.0,0.0,0.7813791126258598,0.9989404561201259,0.5483160494352006,0.9220270988231912,0.5924213224968289,0.8484057784666901,0.0,0.0,0,0.9794938908867052,0,0.9999999883315269,0.0,0.999999988331405,0,0.0,0.6057873841392503,0.9310138148545585,0.3787535178926429,0.6767023826709099,0.0,0.3546166619843554,0.0,0.0,0.0,0.0,0.5924213224968289,Claro,0,0.999999988331405,Entel,2,0.0,Bitel,0,0.0,Bitel,0,0.4075786775031711,1.1668594979141744e-08,1.0,0.5,0.0,38.34,COBERTURA ALTA,False,False
1507280001,LIMA,HUAROCHIRI,SANTA EULALIA,SANTA EULALIA,URBANO,-11.90155,-76.66397,0.7668429898030191,0.8435587571182783,0.8507653799574867,0.9603938304199688,0.0,0.0,0.7141260030319152,0.9989111000907415,0.6001531118558818,0.9975674230221819,0.2030394086010484,0.9326927223749509,0.02023346476569782,0.1956138717200459,0,0.9971990495406686,0,0.9999999998934929,0.04454578772091468,0.9999999998935013,0,0.0,0.08769248850342017,0.8308391012034889,0.8135931792183946,0.8922751895744081,0.7788998730645589,0.9999901395170955,0.0,0.0,0.0,0.0,0.8507653799574867,Bitel,1,0.9999999998935013,Entel,4,0.02023346476569782,Claro,0,0.1956138717200459,Claro,0,0.1492346200425133,1.0649869874868045e-10,0.804386128279954,0.0,0.0,18.78,COBERTURA ALTA,True,False
1507280002,LIMA,HUAROCHIRI,SANTA EULALIA,SAN JOSE DE BELLAVISTA,RURAL,-11.81002,-76.63076,0.5586226567802249,0.6520324639543198,0.0,0.0,0.0,0.0,0.0,1.0,0.0,1.0,0.0,0.9573609678795838,0.0,0.0,0,0.0,0,0.0,0.0,0.9688853548787411,0,0.0,0.0,0.940478775065518,0.0,0.0,0.0,1.0,0.0,0.0,0.0,0.0,0.0,Bitel,0,1.0,Movistar,3,0.0,Bitel,0,0.0,Bitel,0,1.0,0.0,1.0,0.25,1.0,72.5,COBERTURA ALTA,False,False
1507280003,LIMA,HUAROCHIRI,SANTA EULALIA,SAN GERONIMO DE PUÑAN (SAN JERONIMO),RURAL,-11.81292,-76.62822,4.259463668970575e-06,0.5749047973752416,0.0,0.0,0.0,0.0,0.0,1.0,0.0,0.9888188329481945,0.0,0.5571625800372217,0.0,0.0,0,0.0,0,0.0,0.0,1.0,0,0.0,0.0,0.9123683758431624,0.0,0.0,0.0,1.0,0.0,0.0,0.0,0.0,0.0,Bitel,0,1.0,Entel,2,0.0,Bitel,0,0.0,Bitel,0,1.0,0.0,1.0,0.5,1.0,75.0,COBERTURA ALTA,False,False
1507280004,LIMA,HUAROCHIRI,SANTA EULALIA,HUAYNANI,RURAL,-11.83905,-76.62879,0.06821042061850087,0.5028673458405093,0.0,0.0,0.0,0.0,0.0,0.9999999985350988,0.0,0.2986469804078336,0.0,0.0,0.0,0.0,0,0.0,0,0.7416110336281763,0.0,0.9999999985351122,0,0.0,0.3364503963388246,0.9999999985351371,0.0,0.0,0.0,0.9999999985351103,0.0,0.0,0.0,0.0,0.0,Bitel,0,0.9999999985351122,Entel,2,0.0,Bitel,0,0.0,Bitel,0,1.0,1.4648877666445514e-09,1.0,0.5,1.0,75.0,COBERTURA ALTA,False,False
1507280005,LIMA,HUAROCHIRI,SANTA EULALIA,LUCMASECA,RURAL,-11.86021,-76.63941,0.0,0.03340146107332521,0.0,0.0,0.0,0.0,0.0,0.6349690110843655,0.0,0.0,0.0,0.0,0.0,0.0,0,0.0,0,0.9965281011374679,0.0,0.9999999979529036,0,0.0,0.0,0.9999999979529036,0.0,0.0,0.0,0.9999999979529035,0.0,0.0,0.0,0.0,0.0,Bitel,0,0.9999999979529036,Entel,2,0.0,Bitel,0,0.0,Bitel,0,1.0,2.0470963812968535e-09,1.0,0.5,1.0,75.0,COBERTURA ALTA,False,False
1507280006,LIMA,HUAROCHIRI,SANTA EULALIA,PALLE NUEVO,RURAL,-11.86184,-76.64236,0.0,0.0,0.0,0.0,0.0,0.0,0.0,0.9154663533463148,0.0,0.2672748843892271,0.0,0.0,0.0,0.0,0,0.0,0,0.9999999977667994,0.0,0.9999999977667993,0,0.0,0.0,0.9999999977668063,0.0,0.0,0.0,0.9999999977667994,0.0,0.0,0.0,0.0,0.0,Bitel,0,0.9999999977667994,Movistar,2,0.0,Bitel,0,0.0,Bitel,0,1.0,2.2332006244241143e-09,1.0,0.5,1.0,75.0,COBERTURA ALTA,False,False
1507280007,LIMA,HUAROCHIRI,SANTA EULALIA,SAN JOSE DE PALLE VIEJO,RURAL,-11.86718,-76.64454,0.0,0.0,0.0,0.0,0.0,0.0,0.0,0.2457667182928266,0.0,0.0,0.0,0.0,0.0,0.0,0,0.0,0,1.0,0.0,1.0,0,0.0,0.0,1.0,0.0,0.0,0.0,1.0,0.0,0.0,0.0,0.0,0.0,Bitel,0,1.0,Entel,2,0.0,Bitel,0,0.0,Bitel,0,1.0,0.0,1.0,0.5,1.0,75.0,COBERTURA ALTA,False,False
1507280008,LIMA,HUAROCHIRI,SANTA EULALIA,LAS MONJAS ALTO,RURAL,-11.87297,-76.64877,0.0,0.0,0.0,0.0,0.0,0.0,0.0,0.1010179048310646,0.0,0.01014310326944409,0.0,0.0,0.0,0.0,0,0.4804493018489551,0,1.0,0.0,1.0,0,0.0,0.0,1.0,0.0,0.0,0.0,1.0,0.0,0.0,0.0,0.0,0.0,Bitel,0,1.0,Entel,2,0.0,Bitel,0,0.0,Bitel,0,1.0,0.0,1.0,0.5,1.0,75.0,COBERTURA ALTA,False,False
1507280009,LIMA,HUAROCHIRI,SANTA EULALIA,SANTA ROSA DE PALLE,RURAL,-11.87855,-76.6506,0.0,0.0,0.0,0.0,0.0,0.0,0.0,0.01246784210743364,0.0,0.0,0.0,0.0,0.0,0.0,0,0.9999999998127156,0,0.9999999998124034,0.0,0.9999999998127157,0,0.0,0.0,0.9999999998128402,0.0,0.0,0.0,0.9999999998127157,0.0,0.0,0.0,0.0,0.0,Bitel,0,0.9999999998127157,Entel,2,0.0,Bitel,0,0.0,Bitel,0,1.0,1.872842991801349e-10,1.0,0.5,1.0,75.0,COBERTURA ALTA,False,False
1507280010,LIMA,HUAROCHIRI,SANTA EULALIA,SANTA ROSA DE CHUNE,RURAL,-11.88342,-76.65088,0.0,0.0,0.0,0.0,0.0,0.0,0.0,0.5626914963882053,0.0,0.2530425925655689,0.0,0.0,0.0,0.0,0,1.0,0,1.0,0.2993471099425521,1.0,0,0.0,0.0,0.8780516691582675,0.0,0.0,0.0,0.9056783426488356,0.0,0.0,0.0,0.0,0.2993471099425521,Entel,0,1.0,Entel,2,0.0,Bitel,0,0.0,Bitel,0,0.7006528900574479,0.0,1.0,0.5,1.0,61.53,COBERTURA ALTA,False,False
1507280011,LIMA,HUAROCHIRI,SANTA EULALIA,PARCA (SANTA CRUZ DE PARCA ALTA),RURAL,-11.88023,-76.64757,0.0,0.04843259074620514,0.08608043098934427,0.3859902210168734,0.0,0.0,0.0,0.8380508165140699,0.0,0.3577702698323593,0.0,0.008577593919264421,0.0,0.0,0,0.9999999984776105,0,0.9999999984776105,0.3649964281323845,0.9999999984778053,0,0.0,0.0,0.8321923804947796,0.0,0.0,0.0,0.877988568368136,0.0,0.0,0.0,0.0,0.3649964281323845,Entel,0,0.9999999984778053,Entel,2,0.0,Bitel,0,0.0,Bitel,0,0.6350035718676155,1.5221947036181405e-09,1.0,0.5,1.0,58.58,COBERTURA ALTA,False,False
1507280012,LIMA,HUAROCHIRI,SANTA EULALIA,HUAYORINGA BAJA,RURAL,-11.9224,-76.6328,1.0,1.0,1.0,1.0,0.0,0.0,0.9299680732555516,1.0,0.6981492689901974,1.0,0.0,1.0,0.0,0.0,0,0.9748053113747476,0,1.0,0.09513773477928825,1.0,0,0.0,0.0,0.0,1.0,1.0,0.9923670030766638,1.0,0.0,0.0,0.0,0.0,1.0,Bitel,2,1.0,Bitel,4,0.0,Bitel,0,0.0,Bitel,0,0.0,0.0,1.0,0.0,1.0,25.0,COBERTURA ALTA,True,False
1507280013,LIMA,HUAROCHIRI,SANTA EULALIA,HUAYARINGA ALTA,URBANO,-11.922,-76.65261,0.9714279755865736,0.9991807655555075,0.9512769914521854,0.9999384527384727,0.0,0.0,0.3985685658998739,0.9999999953855293,0.2456033872278548,0.982274146956347,0.1606288446738101,0.7916017788688414,0.0,0.0,0,0.9999999953854013,0,0.9999999953854202,0.0,0.9999999953854015,0,0.0,0.0,0.0,0.8317972684688956,0.9793929567267754,0.8551646056934359,0.9999999953856124,0.0,0.0,0.0,0.0,0.9512769914521854,Bitel,2,0.9999999953856124,Movistar,3,0.0,Bitel,0,0.0,Bitel,0,0.04872300854781464,4.6143876497595215e-09,1.0,0.25,0.0,19.69,COBERTURA ALTA,True,False
1507280014,LIMA,HUAROCHIRI,SANTA EULALIA,HUACHINGA,RURAL,-11.92021,-76.62419,0.9980794688417581,0.9983424831497056,0.9995891306489456,0.9999999940020733,0.0,0.0,0.4843382755185755,0.9999999950373153,0.02063997122528853,0.9999999950372059,0.0,0.9999999950371944,0.0,0.0,0,0.9586469326981742,0,0.9999999950369004,0.0,0.9999999950371876,0,0.0,0.0,0.0,0.789304873919919,0.9793246223979869,0.06314095050676205,0.9630716153931153,0.0,0.0,0.0,0.0,0.9995891306489456,Bitel,1,0.9999999950371944,Claro,4,0.0,Bitel,0,0.0,Bitel,0,0.00041086935105438815,4.9628056109085605e-09,1.0,0.0,1.0,25.02,COBERTURA ALTA,True,False
1507280017,LIMA,HUAROCHIRI,SANTA EULALIA,CUSPANCA,RURAL,-11.88487,-76.65135,0.0,0.002330592486395128,0.0,0.0,0.0,0.0,0.0,0.7191285856987839,0.0,0.4963671285325046,0.0,0.0,0.0,0.0,0,0.9999762624919768,0,1.0,0.1801991171382624,1.0,0,0.0,0.0,0.9081610912296283,0.0,0.0,0.0,0.9089078081368731,0.0,0.0,0.0,0.0,0.1801991171382624,Entel,0,1.0,Entel,2,0.0,Bitel,0,0.0,Bitel,0,0.8198008828617376,0.0,1.0,0.5,1.0,66.89,COBERTURA ALTA,False,False
1507280018,LIMA,HUAROCHIRI,SANTA EULALIA,PARCA BAJA,RURAL,-11.88731,-76.64935,0.0,0.0,0.0,0.2276323705237296,0.0,0.0,0.0,1.0,0.0,0.8859041435090566,0.0,0.1883323405632709,0.0,0.0002225501199997457,0,1.0,0,1.0,0.0,1.0,0,0.0,0.0,0.1950789071249698,0.0,0.0,0.0,0.1667162557205359,0.0,0.0,0.0,0.0,0.0,Bitel,0,1.0,Entel,1,0.0,Bitel,0,0.0002225501199997457,Claro,0,1.0,0.0,0.9997774498800003,0.75,1.0,77.5,COBERTURA ALTA,False,False
1507289001,LIMA,HUAROCHIRI,SANTA EULALIA,BUENOS AIRES,RURAL,-11.78472,-76.62378,0.0,0.0,0.0,0.0,0.0,0.0,0.0,0.0,0.0,0.1291556736510841,0.0,0.0,0.0,0.0,0,0.0,0,0.0,0.0,0.0,0,0.0,0.0,0.0,0.9992133540523572,0.9999999927880548,0.0,0.9999999927879888,0.0,0.0,0.0,0.0,0.0,Bitel,0,0.9999999927879888,Movistar,1,0.0,Bitel,0,0.0,Bitel,0,1.0,7.212011210455671e-09,1.0,0.75,1.0,77.5,COBERTURA ALTA,False,False
1507290001,LIMA,HUAROCHIRI,SANTIAGO DE ANCHUCAYA,SANTIAGO DE ANCHUCAYA,URBANO,-12.09549,-76.23019,0.0,0.0,0.0,0.0,0.0,0.0,0.0,0.447881742093042,0.0,1.0,0.0,1.0,0.0,0.0,0,0.0,0,0.9102492200716032,0.0,1.0,0,0.0,1.0,1.0,0.0,0.9932950414671772,0.0,1.0,0.0,0.0,0.0,0.0,0.0,Bitel,0,1.0,Claro,3,0.0,Bitel,0,0.0,Bitel,0,1.0,0.0,1.0,0.25,0.0,62.5,COBERTURA ALTA,False,False
1507290002,LIMA,HUAROCHIRI,SANTIAGO DE ANCHUCAYA,CALACHACA,RURAL,-12.01472,-76.24233,0.0,0.0,0.0,0.0,0.0,0.0,0.0,0.0,0.0,0.0,0.0,0.0,0.0,0.0,0,0.0,0,0.0,0.0,0.0,0,0.0,0.0,0.0,0.0,0.0,0.0,0.0,0.0,0.0,0.0,0.0,0.0,Bitel,0,0.0,Bitel,0,0.0,Bitel,0,0.0,Bitel,0,1.0,1.0,1.0,1.0,1.0,100.0,BRECHA CRITICA,False,False
1507290003,LIMA,HUAROCHIRI,SANTIAGO DE ANCHUCAYA,CHANCHIN,RURAL,-12.01934,-76.23318,0.0,0.0,0.0,0.0,0.0,0.0,0.0,0.0,0.0,0.0,0.0,0.0,0.0,0.0,0,0.0,0,0.0,0.0,0.0,0,0.0,0.0,0.0,0.0,0.0,0.0,0.0,0.0,0.0,0.0,0.0,0.0,Bitel,0,0.0,Bitel,0,0.0,Bitel,0,0.0,Bitel,0,1.0,1.0,1.0,1.0,1.0,100.0,BRECHA CRITICA,False,False
1507290004,LIMA,HUAROCHIRI,SANTIAGO DE ANCHUCAYA,OSOLGUTO,RURAL,-12.02938,-76.24611,0.0,0.0,0.0,0.0,0.0,0.0,0.0,0.0,0.0,0.0,0.0,0.0,0.0,0.0,0,0.0,0,0.0,0.0,0.0,0,0.0,0.0,0.0,0.0,0.0,0.0,0.0,0.0,0.0,0.0,0.0,0.0,Bitel,0,0.0,Bitel,0,0.0,Bitel,0,0.0,Bitel,0,1.0,1.0,1.0,1.0,1.0,100.0,BRECHA CRITICA,False,False
1507290005,LIMA,HUAROCHIRI,SANTIAGO DE ANCHUCAYA,CHAQUISA,RURAL,-12.05239,-76.24846,0.0,0.0,0.0,0.0,0.0,0.0,0.0,0.0,0.0,0.0,0.0,0.0,0.0,0.0,0,0.0,0,0.0,0.0,0.0,0,0.0,0.0,0.0,0.0,0.0,0.0,0.0,0.0,0.0,0.0,0.0,0.0,Bitel,0,0.0,Bitel,0,0.0,Bitel,0,0.0,Bitel,0,1.0,1.0,1.0,1.0,1.0,100.0,BRECHA CRITICA,False,False
1507290006,LIMA,HUAROCHIRI,SANTIAGO DE ANCHUCAYA,TINGYAL,RURAL,-12.05982,-76.24553,0.0,0.0,0.0,0.0,0.0,0.0,0.0,0.0,0.0,0.0,0.0,0.0,0.0,0.0,0,0.0,0,0.0,0.0,0.0,0,0.0,0.0,0.2218451391060607,0.0,0.0,0.0,0.0,0.0,0.0,0.0,0.0,0.0,Bitel,0,0.0,Bitel,0,0.0,Bitel,0,0.0,Bitel,0,1.0,1.0,1.0,1.0,1.0,100.0,BRECHA CRITICA,False,False
1507290008,LIMA,HUAROCHIRI,SANTIAGO DE ANCHUCAYA,HUAYLLA,RURAL,-12.09895,-76.22905,0.0,0.0,0.0,0.0,0.0,0.0,0.0,0.6847613830935836,0.0,0.999999992965673,0.0,0.9999999929654959,0.0,0.0,0,0.0,0,0.9978609411991373,0.0,0.9999999929656618,0,0.0,0.9999999929658355,0.9999999929658356,0.0,0.9999999929658345,0.0,0.9999999929656619,0.0,0.0,0.0,0.0,0.0,Bitel,0,0.9999999929656619,Movistar,3,0.0,Bitel,0,0.0,Bitel,0,1.0,7.034338111999716e-09,1.0,0.25,1.0,72.5,COBERTURA ALTA,False,False
1507290009,LIMA,HUAROCHIRI,SANTIAGO DE ANCHUCAYA,QUIRIRRAYA,RURAL,-12.03535,-76.21873,0.0,0.0,0.0,0.0,0.0,0.0,0.0,0.0,0.0,0.0,0.0,0.0,0.0,0.0,0,0.0,0,0.0,0.0,0.0,0,0.0,0.0,0.0,0.0,0.0,0.0,0.0,0.0,0.0,0.0,0.0,0.0,Bitel,0,0.0,Bitel,0,0.0,Bitel,0,0.0,Bitel,0,1.0,1.0,1.0,1.0,1.0,100.0,BRECHA CRITICA,False,False
1507290010,LIMA,HUAROCHIRI,SANTIAGO DE ANCHUCAYA,AGUAQUIRI,RURAL,-12.04831,-76.19485,0.0,0.0,0.0,0.0,0.0,0.0,0.0,0.0,0.0,0.0,0.0,0.0,0.0,0.0,0,0.0,0,0.0,0.0,0.0,0,0.0,0.0,0.0,0.0,0.0,0.0,0.0,0.0,0.0,0.0,0.0,0.0,Bitel,0,0.0,Bitel,0,0.0,Bitel,0,0.0,Bitel,0,1.0,1.0,1.0,1.0,1.0,100.0,BRECHA CRITICA,False,False
1507290011,LIMA,HUAROCHIRI,SANTIAGO DE ANCHUCAYA,HUAJRACANCHA,RURAL,-12.05555,-76.20656,0.0,0.0,0.0,0.0,0.0,0.0,0.0,0.0,0.0,0.0,0.0,0.0,0.0,0.0,0,0.0,0,0.0,0.0,0.0,0,0.0,0.0,0.01521041960097597,0.0,0.0,0.0,0.0,0.0,0.0,0.0,0.0,0.0,Bitel,0,0.0,Bitel,0,0.0,Bitel,0,0.0,Bitel,0,1.0,1.0,1.0,1.0,1.0,100.0,BRECHA CRITICA,False,False
1507290012,LIMA,HUAROCHIRI,SANTIAGO DE ANCHUCAYA,SIETE CORRALES,RURAL,-12.02848,-76.16774,0.0,0.0,0.0,0.0,0.0,0.0,0.0,0.0,0.0,0.0,0.0,0.0,0.0,0.0,0,0.0,0,0.0,0.0,0.0,0,0.0,0.0,0.0,0.0,0.0,0.0,0.0,0.0,0.0,0.0,0.0,0.0,Bitel,0,0.0,Bitel,0,0.0,Bitel,0,0.0,Bitel,0,1.0,1.0,1.0,1.0,1.0,100.0,BRECHA CRITICA,False,False
1507290013,LIMA,HUAROCHIRI,SANTIAGO DE ANCHUCAYA,YUNCAHUAYQUE,RURAL,-12.06845,-76.24791,0.0,0.0,0.0,0.0,0.0,0.0,0.0,0.0,0.0,0.0,0.0,0.0,0.0,0.0,0,0.0,0,0.01734049778598456,0.0,0.0,0,0.0,0.0,0.4350723829128495,0.0,0.0,0.0,0.1893000414708854,0.0,0.0,0.0,0.0,0.0,Bitel,0,0.1893000414708854,Movistar,0,0.0,Bitel,0,0.0,Bitel,0,1.0,0.8106999585291146,1.0,1.0,1.0,96.21,BRECHA CRITICA,False,False
1507290014,LIMA,HUAROCHIRI,SANTIAGO DE ANCHUCAYA,CUELLAR,RURAL,-12.07952,-76.24268,0.0,0.0,0.0,0.0,0.0,0.0,0.0,0.0,0.0,0.9803466634756938,0.0,0.6498680489234473,0.0,0.0,0,0.0,0,0.9262151215900779,0.0,0.5981909242711774,0,0.0,0.0,0.9999999981682803,0.0,0.0,0.0,0.2948087568322809,0.0,0.0,0.0,0.0,0.0,Bitel,0,0.6498680489234473,Claro,0,0.0,Bitel,0,0.0,Bitel,0,1.0,0.3501319510765527,1.0,1.0,1.0,87.0,COBERTURA PARCIAL,False,False
1507290015,LIMA,HUAROCHIRI,SANTIAGO DE ANCHUCAYA,SHAULLARI,RURAL,-12.00601,-76.2313,0.0,0.0,0.0,0.0,0.0,0.0,0.0,0.0,0.0,0.0,0.0,0.0,0.0,0.0,0,0.0,0,0.0,0.0,0.0,0,0.0,0.0,0.0,0.0,0.0,0.0,0.0,0.0,0.0,0.0,0.0,0.0,Bitel,0,0.0,Bitel,0,0.0,Bitel,0,0.0,Bitel,0,1.0,1.0,1.0,1.0,1.0,100.0,BRECHA CRITICA,False,False
1507290016,LIMA,HUAROCHIRI,SANTIAGO DE ANCHUCAYA,ABACHO,RURAL,-12.0666,-76.21902,0.0,0.0,0.0,0.0,0.0,0.0,0.0,0.0,0.0,0.0,0.0,0.0,0.0,0.0,0,0.0,0,0.03729646145305655,0.0,0.04348731175610058,0,0.0,0.0,0.9179267552287771,0.0,0.0,0.0,0.3656906144655646,0.0,0.0,0.0,0.0,0.0,Bitel,0,0.3656906144655646,Movistar,0,0.0,Bitel,0,0.0,Bitel,0,1.0,0.6343093855344354,1.0,1.0,1.0,92.69,COBERTURA PARCIAL,False,False
1507300001,LIMA,HUAROCHIRI,SANTIAGO DE TUNA,SANTIAGO DE TUNA,URBANO,-11.98378,-76.52533,0.0,0.0,0.0,0.0,0.0,0.0,0.0,0.9640709686330953,0.0,0.9999999655324949,0.0,0.9700449405224063,0.0,0.0,0,0.5894339106613368,0,0.7466258244531294,0.0,0.5233845261041138,0,0.0,0.0,0.006324914087894871,0.0,0.0,0.0,0.0,0.0,0.0,0.0,0.0,0.0,Bitel,0,0.9700449405224063,Claro,1,0.0,Bitel,0,0.0,Bitel,0,1.0,0.029955059477593693,1.0,0.75,0.0,68.1,COBERTURA ALTA,False,False
1507300002,LIMA,HUAROCHIRI,SANTIAGO DE TUNA,SACASANCHI,RURAL,-11.95031,-76.48787,0.0,0.0,0.0,0.0,0.0,0.0,0.0,0.0,0.0,0.0,0.0,0.0,0.0,0.0,0,0.0,0,0.0,0.0,0.0,0,0.0,0.0,0.0,0.0,0.0,0.0,0.0,0.0,0.0,0.0,0.0,0.0,Bitel,0,0.0,Bitel,0,0.0,Bitel,0,0.0,Bitel,0,1.0,1.0,1.0,1.0,1.0,100.0,BRECHA CRITICA,False,False
1507300003,LIMA,HUAROCHIRI,SANTIAGO DE TUNA,LUCUMANI,RURAL,-11.94092,-76.49357,0.0,0.0,0.0,0.0,0.0,0.0,0.0,0.0,0.0,0.0,0.0,0.0,0.0,0.0,0,0.614559346985375,0,0.9957194062325261,0.0,0.2983685901740226,0,0.0,0.0,0.0,0.0,0.0,0.0,0.0,0.0,0.0,0.0,0.0,0.0,Bitel,0,0.2983685901740226,Entel,0,0.0,Bitel,0,0.0,Bitel,0,1.0,0.7016314098259774,1.0,1.0,1.0,94.03,COBERTURA PARCIAL,False,False
1507300004,LIMA,HUAROCHIRI,SANTIAGO DE TUNA,HUANGRE,RURAL,-11.94551,-76.49401,0.0,0.0,0.0,0.0,0.0,0.0,0.0,0.5542770731015237,0.0,0.287331585030122,0.0,0.0,0.0,0.0,0,0.3924351110744738,0,0.0,0.0,0.6464759875949913,0,0.0,0.0,0.0,0.0,0.0,0.0,0.0,0.0,0.0,0.0,0.0,0.0,Bitel,0,0.6464759875949913,Entel,0,0.0,Bitel,0,0.0,Bitel,0,1.0,0.35352401240500875,1.0,1.0,1.0,87.07,COBERTURA PARCIAL,False,False
1507300005,LIMA,HUAROCHIRI,SANTIAGO DE TUNA,CHILCA,RURAL,-11.95534,-76.52727,0.0,0.0,0.0,0.0,0.0,0.0,0.0,1.0,0.0,0.6426811464677937,0.0,0.0,0.0,0.0,0,1.0,0,0.9414354657495969,0.0,1.0,0,0.0,0.0,0.0,0.0,0.0,0.0,1.0,0.0,0.0,0.0,0.0,0.0,Bitel,0,1.0,Entel,2,0.0,Bitel,0,0.0,Bitel,0,1.0,0.0,1.0,0.5,1.0,75.0,COBERTURA ALTA,False,False
1507300006,LIMA,HUAROCHIRI,SANTIAGO DE TUNA,SUCHE,RURAL,-11.96565,-76.53508,0.0,0.0,0.0,0.0,0.0,0.0,0.9999999993551433,0.9999999993551433,0.0,0.9999999993551432,0.0,0.9999999993552935,0.0,0.0,0,0.9999999993551432,0,0.9999999993551432,0.0,0.9999999993551433,0,0.0,0.6085375192978988,0.9999999993553222,0.8858018868799047,0.9999999993551433,0.9766789240143244,0.9999999993552479,0.0,0.0,0.0,0.0,0.9766789240143244,Movistar,1,0.9999999993552935,Claro,3,0.0,Bitel,0,0.0,Bitel,0,0.023321075985675566,6.447065103998284e-10,1.0,0.25,1.0,28.55,COBERTURA ALTA,True,False
1507300007,LIMA,HUAROCHIRI,SANTIAGO DE TUNA,HUARAHUARA,RURAL,-11.97436,-76.53762,0.0,0.0,0.0,0.0,0.0,0.0,0.9552016654378929,0.9999999986433558,0.0,0.9999999986433544,0.0,0.8472055853268512,0.0,0.0,0,0.9999999986434472,0,0.9999999986433503,0.0,0.9999999986433541,0,0.0,0.0,0.4681304461663925,0.528906329873086,0.6325873771370517,0.9999999986433544,0.9999999986433541,0.0,0.0,0.0,0.0,0.9999999986433544,Movistar,1,0.9999999986433541,Entel,3,0.0,Bitel,0,0.0,Bitel,0,1.3566455736579996e-09,1.356645906724907e-09,1.0,0.25,1.0,27.5,COBERTURA ALTA,True,False
1507300008,LIMA,HUAROCHIRI,SANTIAGO DE TUNA,HUALAPUNCO,RURAL,-11.98323,-76.53384,0.0,0.0,0.0,0.0,0.0,0.0,0.4434042742712928,1.0,0.0,1.0,0.0,0.8742237124740331,0.0,0.0,0,1.0,0,1.0,0.0,1.0,0,0.0,0.0,0.5195462556998338,0.46408635595521,0.5054499617571274,0.000310056169935219,0.7470780937454773,0.0,0.0,0.0,0.0,0.000310056169935219,Movistar,0,1.0,Entel,2,0.0,Bitel,0,0.0,Bitel,0,0.9996899438300648,0.0,1.0,0.5,1.0,74.99,COBERTURA ALTA,False,False
1507300009,LIMA,HUAROCHIRI,SANTIAGO DE TUNA,TAMA,RURAL,-11.99467,-76.52786,0.0,0.0,0.0,0.0,0.0,0.0,0.0,1.0,0.0,1.0,0.0,0.3743167036730698,0.0,0.0,0,0.9337663658796468,0,0.9795479495010933,0.0,1.0,0,0.0,0.0,0.0,0.0,0.0,0.0,0.0,0.0,0.0,0.0,0.0,0.0,Bitel,0,1.0,Entel,1,0.0,Bitel,0,0.0,Bitel,0,1.0,0.0,1.0,0.75,1.0,77.5,COBERTURA ALTA,False,False
1507310001,LIMA,HUAROCHIRI,SANTO DOMINGO DE LOS OLLEROS,SANTO DOMINGO DE LOS OLLEROS,URBANO,-12.21877,-76.51413,0.0,0.0,0.0,0.0,0.0,0.0,0.9742380052586318,1.0,0.2057505737618607,1.0,0.4187826493097856,1.0,0.0,0.0,0,1.0,0,1.0,0.0,1.0,0,0.0,1.0,1.0,0.0,0.0,0.0,0.0,0.0,0.0,0.0,0.0,0.4187826493097856,Claro,0,1.0,Claro,2,0.0,Bitel,0,0.0,Bitel,0,0.5812173506902144,0.0,1.0,0.5,0.0,46.15,COBERTURA ALTA,False,False
1507310002,LIMA,HUAROCHIRI,SANTO DOMINGO DE LOS OLLEROS,YUQUIYAUYA,RURAL,-12.17399,-76.53539,0.0,0.0,0.0,0.0,0.0,0.0,0.0,0.0,0.0,0.0,0.0,0.0,0.0,0.0,0,0.0,0,0.0,0.0,0.0,0,0.0,0.0,0.02856064682174312,0.0,0.0,0.0,0.0,0.0,0.0,0.0,0.0,0.0,Bitel,0,0.0,Bitel,0,0.0,Bitel,0,0.0,Bitel,0,1.0,1.0,1.0,1.0,1.0,100.0,BRECHA CRITICA,False,False
1507310003,LIMA,HUAROCHIRI,SANTO DOMINGO DE LOS OLLEROS,YUMPO,RURAL,-12.20787,-76.46335,0.0,0.0,0.0,0.0,0.0,0.0,0.0,0.151097199045219,0.0,0.0,0.0,0.0,0.0,0.0,0,0.4276911471052963,0,0.0,0.0,0.5170725449242298,0,0.0,0.0,0.0,0.0,0.0,0.0,0.0,0.0,0.0,0.0,0.0,0.0,Bitel,0,0.5170725449242298,Entel,0,0.0,Bitel,0,0.0,Bitel,0,1.0,0.4829274550757702,1.0,1.0,1.0,89.66,COBERTURA PARCIAL,False,False
1507310004,LIMA,HUAROCHIRI,SANTO DOMINGO DE LOS OLLEROS,CUCHILLO GRANDE,RURAL,-12.21391,-76.45366,0.0,0.0,0.0,0.0,0.0,0.0,0.0,0.476467332251207,0.0,0.0,0.0,0.0,0.0,0.0,0,0.0,0,0.0,0.0,0.0,0,0.0,0.0,0.0,0.0,0.0,0.0,0.0,0.0,0.0,0.0,0.0,0.0,Bitel,0,0.0,Bitel,0,0.0,Bitel,0,0.0,Bitel,0,1.0,1.0,1.0,1.0,1.0,100.0,BRECHA CRITICA,False,False
1507310005,LIMA,HUAROCHIRI,SANTO DOMINGO DE LOS OLLEROS,CHICACOTO,RURAL,-12.2067,-76.43858,0.0,0.0,0.0,0.0,0.0,0.0,0.0,0.0,0.0,0.0,0.0,0.0,0.0,0.0,0,0.0,0,0.0,0.0,0.0,0,0.0,0.0,0.0,0.0,0.0,0.0,0.0,0.0,0.0,0.0,0.0,0.0,Bitel,0,0.0,Bitel,0,0.0,Bitel,0,0.0,Bitel,0,1.0,1.0,1.0,1.0,1.0,100.0,BRECHA CRITICA,False,False
1507310006,LIMA,HUAROCHIRI,SANTO DOMINGO DE LOS OLLEROS,CHINGLE,RURAL,-12.196,-76.42356,0.0,0.0,0.0,0.0,0.0,0.0,0.0,0.0,0.0,0.0,0.0,0.0,0.0,0.0,0,0.0,0,0.0,0.0,0.0,0,0.0,0.0,0.0,0.0,0.0,0.0,0.0,0.0,0.0,0.0,0.0,0.0,Bitel,0,0.0,Bitel,0,0.0,Bitel,0,0.0,Bitel,0,1.0,1.0,1.0,1.0,1.0,100.0,BRECHA CRITICA,False,False
1507310007,LIMA,HUAROCHIRI,SANTO DOMINGO DE LOS OLLEROS,PAMPA RODEO,RURAL,-12.19265,-76.42315,0.0,0.0,0.0,0.0,0.0,0.0,0.0,0.0,0.0,0.0,0.0,0.0,0.0,0.0,0,0.0,0,0.0,0.0,0.0,0,0.0,0.0,0.0,0.0,0.0,0.0,0.0,0.0,0.0,0.0,0.0,0.0,Bitel,0,0.0,Bitel,0,0.0,Bitel,0,0.0,Bitel,0,1.0,1.0,1.0,1.0,1.0,100.0,BRECHA CRITICA,False,False
1507310008,LIMA,HUAROCHIRI,SANTO DOMINGO DE LOS OLLEROS,PUMASAULI,RURAL,-12.21392,-76.4318,0.0,0.0,0.0,0.0,0.0,0.0,0.0,0.0,0.0,0.0,0.0,0.0,0.0,0.0,0,0.0,0,0.0,0.0,0.0,0,0.0,0.0,0.0,0.0,0.0,0.0,0.0,0.0,0.0,0.0,0.0,0.0,Bitel,0,0.0,Bitel,0,0.0,Bitel,0,0.0,Bitel,0,1.0,1.0,1.0,1.0,1.0,100.0,BRECHA CRITICA,False,False
1507310009,LIMA,HUAROCHIRI,SANTO DOMINGO DE LOS OLLEROS,LA FLORIDA,RURAL,-12.23549,-76.44995,0.0,0.0,0.0,0.0,0.0,0.0,0.0,1.0,0.0,0.9470504569569591,0.0,0.3815622526175395,0.0,0.0,0,1.0,0,0.9451539735143166,0.0,1.0,0,0.0,0.0,0.6916584030278466,0.0,0.0,0.0,0.0,0.0,0.0,0.0,0.0,0.0,Bitel,0,1.0,Entel,1,0.0,Bitel,0,0.0,Bitel,0,1.0,0.0,1.0,0.75,1.0,77.5,COBERTURA ALTA,False,False
1507310010,LIMA,HUAROCHIRI,SANTO DOMINGO DE LOS OLLEROS,ESCACANSA,RURAL,-12.24205,-76.46108,0.0,0.0,0.0,0.0,0.0,0.0,0.0,1.0,0.0,0.3107966037119591,0.0,0.02070269805344755,0.0,0.0,0,0.7462399781367324,0,0.7199496027512435,0.0,0.8535218042006565,0,0.0,0.0,0.8575004792678153,0.0,0.0,0.0,0.0,0.0,0.0,0.0,0.0,0.0,Bitel,0,0.8535218042006565,Entel,1,0.0,Bitel,0,0.0,Bitel,0,1.0,0.1464781957993435,1.0,0.75,1.0,80.43,COBERTURA ALTA,False,False
1507310011,LIMA,HUAROCHIRI,SANTO DOMINGO DE LOS OLLEROS,MATARA,RURAL,-12.2237,-76.44332,0.0,0.0,0.0,0.0,0.0,0.0,0.0,0.1092813369105545,0.0,0.0,0.0,0.0,0.0,0.0,0,0.0,0,0.0,0.0,0.0,0,0.0,0.0,0.01382083799707641,0.0,0.0,0.0,0.0,0.0,0.0,0.0,0.0,0.0,Bitel,0,0.0,Bitel,0,0.0,Bitel,0,0.0,Bitel,0,1.0,1.0,1.0,1.0,1.0,100.0,BRECHA CRITICA,False,False
1507310012,LIMA,HUAROCHIRI,SANTO DOMINGO DE LOS OLLEROS,CHAPUNCO,RURAL,-12.22672,-76.4564,0.0,0.0,0.0,0.0,0.0,0.0,0.0,0.007635770829509708,0.0,0.0,0.0,0.0,0.0,0.0,0,0.0,0,0.0,0.0,0.0,0,0.0,0.0,0.01823577849295848,0.0,0.0,0.0,0.0,0.0,0.0,0.0,0.0,0.0,Bitel,0,0.0,Bitel,0,0.0,Bitel,0,0.0,Bitel,0,1.0,1.0,1.0,1.0,1.0,100.0,BRECHA CRITICA,False,False
1507310013,LIMA,HUAROCHIRI,SANTO DOMINGO DE LOS OLLEROS,LUCUMO,RURAL,-12.22882,-76.45774,0.0,0.0,0.0,0.0,0.0,0.0,0.0,0.4523165634278655,0.0,0.0,0.0,0.0,0.0,0.0,0,0.0,0,0.0,0.0,0.0,0,0.0,0.0,0.3754836912711383,0.0,0.0,0.0,0.0,0.0,0.0,0.0,0.0,0.0,Bitel,0,0.0,Bitel,0,0.0,Bitel,0,0.0,Bitel,0,1.0,1.0,1.0,1.0,1.0,100.0,BRECHA CRITICA,False,False
1507310014,LIMA,HUAROCHIRI,SANTO DOMINGO DE LOS OLLEROS,PASCANITA,RURAL,-12.24818,-76.46443,0.0,0.0,0.0,0.0,0.0,0.0,0.0,0.9999999978992999,0.0,0.1478516600622023,0.0,0.0,0.0,0.0,0,0.1578284875340581,0,0.06730153931858066,0.0,0.7660250146253637,0,0.0,0.0,0.2820069307521534,0.0,0.0,0.0,0.0,0.0,0.0,0.0,0.0,0.0,Bitel,0,0.7660250146253637,Entel,0,0.0,Bitel,0,0.0,Bitel,0,1.0,0.23397498537463635,1.0,1.0,1.0,84.68,COBERTURA PARCIAL,False,False
1507310015,LIMA,HUAROCHIRI,SANTO DOMINGO DE LOS OLLEROS,SANTA CRUZ DE PIEDRA GRANDE,URBANO,-12.25695,-76.47456,1.0,1.0,0.9568594655805359,1.0,0.0,0.0,0.1922926391396827,1.0,0.0,0.5662175806833211,0.0,0.4868491356398242,0.0,0.0,0,1.0,0,1.0,0.0,1.0,0,0.0,0.0,0.8060865796426971,0.0,0.0,0.0,0.0,0.0,0.0,0.0,0.0,0.9568594655805359,Bitel,1,1.0,Bitel,2,0.0,Bitel,0,0.0,Bitel,0,0.04314053441946408,0.0,1.0,0.5,0.0,21.94,COBERTURA ALTA,True,False
1507310016,LIMA,HUAROCHIRI,SANTO DOMINGO DE LOS OLLEROS,SAN PEDRO DE HUAYANCHE,RURAL,-12.23309,-76.49386,0.0,0.0,0.0,0.0,0.0,0.0,0.3503560466965957,1.0,0.0,1.0,0.0,1.0,0.0,0.0,0,1.0,0,1.0,0.0,1.0,0,0.0,0.0,1.0,0.0,0.0,0.0,0.0,0.0,0.0,0.0,0.0,0.0,Bitel,0,1.0,Claro,2,0.0,Bitel,0,0.0,Bitel,0,1.0,0.0,1.0,0.5,1.0,75.0,COBERTURA ALTA,False,False
1507310017,LIMA,HUAROCHIRI,SANTO DOMINGO DE LOS OLLEROS,CORRALACHE,RURAL,-12.24917,-76.49715,0.0,0.0,0.0,0.0,0.0,0.0,0.0,1.0,0.0,0.9787758326095096,0.0,1.0,0.0,0.0,0,1.0,0,1.0,0.0,1.0,0,0.0,0.0,0.9801806024792419,0.0,0.0,0.0,0.0,0.0,0.0,0.0,0.0,0.0,Bitel,0,1.0,Claro,2,0.0,Bitel,0,0.0,Bitel,0,1.0,0.0,1.0,0.5,1.0,75.0,COBERTURA ALTA,False,False
1507310018,LIMA,HUAROCHIRI,SANTO DOMINGO DE LOS OLLEROS,SANTA CRUZ DE COMALIPA,RURAL,-12.26451,-76.48819,0.5384368566620478,0.9999999976763896,0.2318462824583917,0.9999999976763841,0.0,0.0,0.2816692041788268,0.9999999976765671,0.0,0.8630938293585811,0.0,0.94966219949838,0.0,0.0,0,0.9999999976763779,0,0.8635534419732365,0.0,0.9999999976763777,0,0.0,0.0,0.6999933634508907,0.0,0.0,0.0,0.0,0.0,0.0,0.0,0.0,0.2318462824583917,Bitel,0,0.9999999976763841,Bitel,3,0.0,Bitel,0,0.0,Bitel,0,0.7681537175416083,2.3236158552819575e-09,1.0,0.25,1.0,62.07,COBERTURA ALTA,False,False
1507310020,LIMA,HUAROCHIRI,SANTO DOMINGO DE LOS OLLEROS,LLACALLACA,RURAL,-12.29809,-76.50734,0.0,0.0,0.0,0.0,0.0,0.0,0.0,0.9999999988951014,0.0,0.01826405827203584,0.0,0.01826405827203584,0.0,0.0,0,0.0,0,0.0,0.0,0.4090934038949716,0,0.0,0.0,0.02016659274767035,0.0,0.0,0.0,0.0,0.0,0.0,0.0,0.0,0.0,Bitel,0,0.4090934038949716,Entel,0,0.0,Bitel,0,0.0,Bitel,0,1.0,0.5909065961050284,1.0,1.0,1.0,91.82,COBERTURA PARCIAL,False,False
1507310022,LIMA,HUAROCHIRI,SANTO DOMINGO DE LOS OLLEROS,CUCULI CHICO,RURAL,-12.29815,-76.50103,0.0520047096075717,0.5579093024492674,0.0,0.3474575202881604,0.0,0.0,0.2874314830284012,1.0,0.0,0.9431934199540204,0.0,0.962658876237077,0.0,0.0,0,0.9840923532448282,0,0.9521817149073317,0.0,1.0,0,0.0,0.0,0.01987803113965643,0.0,0.0,0.0,0.0,0.0,0.0,0.0,0.0,0.0,Bitel,0,1.0,Entel,2,0.0,Bitel,0,0.0,Bitel,0,1.0,0.0,1.0,0.5,1.0,75.0,COBERTURA ALTA,False,False
1507310024,LIMA,HUAROCHIRI,SANTO DOMINGO DE LOS OLLEROS,ESQUINA PRIETO,RURAL,-12.30688,-76.50807,0.0,0.0,0.0,0.0,0.0,0.0,0.0,0.9999999989200895,0.0,0.4401011640666098,0.0,0.6803295248687008,0.0,0.0,0,0.7541315106233833,0,0.03709692372030765,0.0,0.980971614832212,0,0.0,0.0,0.07112019303694442,0.0,0.0,0.0,0.0,0.0,0.0,0.0,0.0,0.0,Bitel,0,0.980971614832212,Entel,1,0.0,Bitel,0,0.0,Bitel,0,1.0,0.019028385167788042,1.0,0.75,1.0,77.88,COBERTURA ALTA,False,False
1507310025,LIMA,HUAROCHIRI,SANTO DOMINGO DE LOS OLLEROS,PAPABLANCA,RURAL,-12.3131,-76.50893,0.0,0.0,0.0,0.0,0.0,0.0,0.0,0.9999999996398277,0.0,0.007567965762081009,0.0,0.007567965762081009,0.0,0.0,0,0.0,0,0.0,0.0,0.9999999996398278,0,0.0,0.0,0.6553974705204558,0.0,0.0,0.0,0.0,0.0,0.0,0.0,0.0,0.0,Bitel,0,0.9999999996398278,Entel,1,0.0,Bitel,0,0.0,Bitel,0,1.0,3.601722253776529e-10,1.0,0.75,1.0,77.5,COBERTURA ALTA,False,False
1507310026,LIMA,HUAROCHIRI,SANTO DOMINGO DE LOS OLLEROS,AGUASUCO,RURAL,-12.32066,-76.51168,0.0,0.0,0.0,0.0,0.0,0.0,0.0,1.0,0.0,0.0,0.0,0.0,0.0,0.0,0,0.0,0,0.0,0.0,1.0,0,0.0,0.0,0.8051117568241196,0.0,0.0,0.0,0.0,0.0,0.0,0.0,0.0,0.0,Bitel,0,1.0,Entel,1,0.0,Bitel,0,0.0,Bitel,0,1.0,0.0,1.0,0.75,1.0,77.5,COBERTURA ALTA,False,False
1507310027,LIMA,HUAROCHIRI,SANTO DOMINGO DE LOS OLLEROS,CULIBRIA,RURAL,-12.32655,-76.51417,0.0,0.0,0.0,0.0,0.0,0.0,0.0,1.0,0.0,0.0,0.0,0.0,0.0,0.0,0,0.0,0,0.0,0.0,1.0,0,0.0,0.0,0.679058985201105,0.0,0.0,0.0,0.0,0.0,0.0,0.0,0.0,0.0,Bitel,0,1.0,Entel,1,0.0,Bitel,0,0.0,Bitel,0,1.0,0.0,1.0,0.75,1.0,77.5,COBERTURA ALTA,False,False
1507310028,LIMA,HUAROCHIRI,SANTO DOMINGO DE LOS OLLEROS,COMPAYLE,RURAL,-12.24455,-76.52172,0.0,0.0,0.0,0.0,0.0,0.0,0.0,0.9264726209185408,0.0,0.0,0.0,0.0,0.0,0.0,0,0.08227169706264932,0,0.0,0.0,0.9999999980637322,0,0.0,0.0,0.999999998063731,0.0,0.0,0.0,0.0,0.0,0.0,0.0,0.0,0.0,Bitel,0,0.9999999980637322,Entel,1,0.0,Bitel,0,0.0,Bitel,0,1.0,1.936267812752135e-09,1.0,0.75,1.0,77.5,COBERTURA ALTA,False,False
1507310029,LIMA,HUAROCHIRI,SANTO DOMINGO DE LOS OLLEROS,MALPASO,RURAL,-12.25902,-76.49228,0.0,0.0,0.0,0.0,0.0,0.0,0.2648604587290996,0.9999999964033046,0.0,0.9999999964032121,0.0,0.9999999964032121,0.0,0.0,0,0.9999999964030282,0,0.9999999964032,0.0,0.9999999964032118,0,0.0,0.0,0.9471598080890835,0.0,0.0,0.0,0.0,0.0,0.0,0.0,0.0,0.0,Bitel,0,0.9999999964032121,Claro,2,0.0,Bitel,0,0.0,Bitel,0,1.0,3.5967878675435827e-09,1.0,0.5,1.0,75.0,COBERTURA ALTA,False,False
1507310031,LIMA,HUAROCHIRI,SANTO DOMINGO DE LOS OLLEROS,CRUCEÑITO,RURAL,-12.2224,-76.44242,0.0,0.0,0.0,0.0,0.0,0.0,0.0,0.0871797080730426,0.0,0.0,0.0,0.0,0.0,0.0,0,0.0,0,0.0,0.0,0.0,0,0.0,0.0,0.01987346342808755,0.0,0.0,0.0,0.0,0.0,0.0,0.0,0.0,0.0,Bitel,0,0.0,Bitel,0,0.0,Bitel,0,0.0,Bitel,0,1.0,1.0,1.0,1.0,1.0,100.0,BRECHA CRITICA,False,False
1507310032,LIMA,HUAROCHIRI,SANTO DOMINGO DE LOS OLLEROS,TAMBITO,RURAL,-12.21818,-76.44346,0.0,0.0,0.0,0.0,0.0,0.0,0.0,0.0,0.0,0.0,0.0,0.0,0.0,0.0,0,0.0,0,0.0,0.0,0.0,0,0.0,0.0,0.01732439691602096,0.0,0.0,0.0,0.0,0.0,0.0,0.0,0.0,0.0,Bitel,0,0.0,Bitel,0,0.0,Bitel,0,0.0,Bitel,0,1.0,1.0,1.0,1.0,1.0,100.0,BRECHA CRITICA,False,False
1507310033,LIMA,HUAROCHIRI,SANTO DOMINGO DE LOS OLLEROS,JOYITO,RURAL,-12.21541,-76.44375,0.0,0.0,0.0,0.0,0.0,0.0,0.0,0.2021287818478827,0.0,0.0,0.0,0.0,0.0,0.0,0,0.0,0,0.0,0.0,0.0,0,0.0,0.0,0.0,0.0,0.0,0.0,0.0,0.0,0.0,0.0,0.0,0.0,Bitel,0,0.0,Bitel,0,0.0,Bitel,0,0.0,Bitel,0,1.0,1.0,1.0,1.0,1.0,100.0,BRECHA CRITICA,False,False
1507310034,LIMA,HUAROCHIRI,SANTO DOMINGO DE LOS OLLEROS,CUSHIPAMPI,RURAL,-12.21387,-76.51787,0.0,0.0,0.0,0.0,0.0,0.0,0.8843952356929389,1.0,0.0,1.0,0.0,1.0,0.0,0.0,0,1.0,0,1.0,0.0,1.0,0,0.0,0.5653361698592261,1.0,0.0,0.0,0.0,0.0,0.0,0.0,0.0,0.0,0.0,Bitel,0,1.0,Claro,2,0.0,Bitel,0,0.0,Bitel,0,1.0,0.0,1.0,0.5,1.0,75.0,COBERTURA ALTA,False,False
1507310035,LIMA,HUAROCHIRI,SANTO DOMINGO DE LOS OLLEROS,TRANQUERA,RURAL,-12.21526,-76.4304,0.0,0.0,0.0,0.0,0.0,0.0,0.0,0.0,0.0,0.0,0.0,0.0,0.0,0.0,0,0.0,0,0.0,0.0,0.0,0,0.0,0.0,0.0,0.0,0.0,0.0,0.0,0.0,0.0,0.0,0.0,0.0,Bitel,0,0.0,Bitel,0,0.0,Bitel,0,0.0,Bitel,0,1.0,1.0,1.0,1.0,1.0,100.0,BRECHA CRITICA,False,False
1507310036,LIMA,HUAROCHIRI,SANTO DOMINGO DE LOS OLLEROS,BUENOS AIRES,RURAL,-12.19214,-76.43892,0.0,0.0,0.0,0.0,0.0,0.0,0.0,0.0,0.0,0.0,0.0,0.0,0.0,0.0,0,0.0,0,0.0,0.0,0.0,0,0.0,0.0,0.0,0.0,0.0,0.0,0.0,0.0,0.0,0.0,0.0,0.0,Bitel,0,0.0,Bitel,0,0.0,Bitel,0,0.0,Bitel,0,1.0,1.0,1.0,1.0,1.0,100.0,BRECHA CRITICA,False,False
1507310037,LIMA,HUAROCHIRI,SANTO DOMINGO DE LOS OLLEROS,PARIAÑES,RURAL,-12.1993,-76.43023,0.0,0.0,0.0,0.0,0.0,0.0,0.0,0.0,0.0,0.0,0.0,0.0,0.0,0.0,0,0.0,0,0.0,0.0,0.0,0,0.0,0.0,0.0,0.0,0.0,0.0,0.0,0.0,0.0,0.0,0.0,0.0,Bitel,0,0.0,Bitel,0,0.0,Bitel,0,0.0,Bitel,0,1.0,1.0,1.0,1.0,1.0,100.0,BRECHA CRITICA,False,False
1507310038,LIMA,HUAROCHIRI,SANTO DOMINGO DE LOS OLLEROS,SHAHUANCA,RURAL,-12.2152,-76.43046,0.0,0.0,0.0,0.0,0.0,0.0,0.0,0.0,0.0,0.0,0.0,0.0,0.0,0.0,0,0.0,0,0.0,0.0,0.0,0,0.0,0.0,0.0,0.0,0.0,0.0,0.0,0.0,0.0,0.0,0.0,0.0,Bitel,0,0.0,Bitel,0,0.0,Bitel,0,0.0,Bitel,0,1.0,1.0,1.0,1.0,1.0,100.0,BRECHA CRITICA,False,False
1507310039,LIMA,HUAROCHIRI,SANTO DOMINGO DE LOS OLLEROS,SIETE GERANIOS,RURAL,-12.22128,-76.4475,0.0,0.0,0.0,0.0,0.0,0.0,0.0,0.398156007480034,0.0,0.0,0.0,0.0,0.0,0.0,0,0.0,0,0.0,0.0,0.0,0,0.0,0.0,0.02980994365723339,0.0,0.0,0.0,0.0,0.0,0.0,0.0,0.0,0.0,Bitel,0,0.0,Bitel,0,0.0,Bitel,0,0.0,Bitel,0,1.0,1.0,1.0,1.0,1.0,100.0,BRECHA CRITICA,False,False
1507310041,LIMA,HUAROCHIRI,SANTO DOMINGO DE LOS OLLEROS,ARENITA,RURAL,-12.24011,-76.46218,0.0,0.0,0.0,0.0,0.0,0.0,0.0,0.9999999978179984,0.0,0.0,0.0,0.0,0.0,0.0,0,0.03691684919615597,0,0.07050429395577598,0.0,0.1221936633347595,0,0.0,0.0,0.1367424186865791,0.0,0.0,0.0,0.0,0.0,0.0,0.0,0.0,0.0,Bitel,0,0.1221936633347595,Entel,0,0.0,Bitel,0,0.0,Bitel,0,1.0,0.8778063366652404,1.0,1.0,1.0,97.56,BRECHA CRITICA,False,False
1507310042,LIMA,HUAROCHIRI,SANTO DOMINGO DE LOS OLLEROS,ESCALA,RURAL,-12.23896,-76.4582,0.0,0.0,0.0,0.0,0.0,0.0,0.0,1.0,0.0,0.2213415197370417,0.0,0.0,0.0,0.0,0,0.3184286798093552,0,0.2821966086179079,0.0,0.4776960093381332,0,0.0,0.0,0.4684726487540775,0.0,0.0,0.0,0.0,0.0,0.0,0.0,0.0,0.0,Bitel,0,0.4776960093381332,Entel,0,0.0,Bitel,0,0.0,Bitel,0,1.0,0.5223039906618667,1.0,1.0,1.0,90.45,COBERTURA PARCIAL,False,False
1507310043,LIMA,HUAROCHIRI,SANTO DOMINGO DE LOS OLLEROS,COSCOTO,RURAL,-12.25525,-76.43851,0.0,0.0,0.0,0.0,0.0,0.0,0.0,0.9967394030789589,0.0,0.9967394030791049,0.0,0.9967394030791049,0.0,0.0,0,0.9836711231373374,0,0.9999999952676343,0.0,0.9999999952676344,0,0.0,0.0,0.9999999952676345,0.0,0.0,0.0,0.0,0.0,0.0,0.0,0.0,0.0,Bitel,0,0.9999999952676344,Entel,2,0.0,Bitel,0,0.0,Bitel,0,1.0,4.732365610493616e-09,1.0,0.5,1.0,75.0,COBERTURA ALTA,False,False
1507310044,LIMA,HUAROCHIRI,SANTO DOMINGO DE LOS OLLEROS,COLINDA,RURAL,-12.26392,-76.47392,0.533979321512701,0.9999999955335935,0.005932619606517756,0.9999999955336463,0.0,0.0,0.2721903357922404,0.9999999955336206,0.0,0.9675604802400323,0.0,0.967560480240038,0.0,0.0,0,0.9999999955335888,0,0.9999999955335924,0.0,0.9999999955335924,0,0.0,0.0,0.2382574899483528,0.0,0.0,0.0,0.0,0.0,0.0,0.0,0.0,0.005932619606517756,Bitel,0,0.9999999955336463,Bitel,3,0.0,Bitel,0,0.0,Bitel,0,0.9940673803934822,4.4663537313027746e-09,1.0,0.25,1.0,72.23,COBERTURA ALTA,False,False
1507310045,LIMA,HUAROCHIRI,SANTO DOMINGO DE LOS OLLEROS,CACHIS,RURAL,-12.2641,-76.46351,0.0,0.0,0.0,0.0,0.0,0.0,0.5863143272254739,1.0,0.0,1.0,0.0,0.996431420659458,0.0,0.0,0,1.0,0,1.0,0.0,1.0,0,0.0,0.0,0.8352650442332697,0.0,0.0,0.0,0.0,0.0,0.0,0.0,0.0,0.0,Bitel,0,1.0,Entel,2,0.0,Bitel,0,0.0,Bitel,0,1.0,0.0,1.0,0.5,1.0,75.0,COBERTURA ALTA,False,False
1507310046,LIMA,HUAROCHIRI,SANTO DOMINGO DE LOS OLLEROS,PIEDRA REDONDA,RURAL,-12.26667,-76.47927,0.7763332428292566,1.0,0.09994488708265224,1.0,0.0,0.0,0.0,0.9378872240400195,0.0,0.0641033854344294,0.0,0.1254389936693694,0.0,0.0,0,1.0,0,0.6051290412542605,0.0,1.0,0,0.0,0.0,0.3223966854054253,0.0,0.0,0.0,0.0,0.0,0.0,0.0,0.0,0.09994488708265224,Bitel,0,1.0,Bitel,2,0.0,Bitel,0,0.0,Bitel,0,0.9000551129173477,0.0,1.0,0.5,1.0,70.5,COBERTURA ALTA,False,False
1507310047,LIMA,HUAROCHIRI,SANTO DOMINGO DE LOS OLLEROS,CUESTA BLANCA,RURAL,-12.27676,-76.44871,0.0,0.0,0.0,0.0,0.0,0.0,0.0,0.987255884297176,0.0,0.0,0.0,0.0,0.0,0.0,0,0.633207374137805,0,0.0,0.0,0.3413217629928612,0,0.0,0.0,0.0835855566950114,0.0,0.0,0.0,0.0,0.0,0.0,0.0,0.0,0.0,Bitel,0,0.3413217629928612,Entel,0,0.0,Bitel,0,0.0,Bitel,0,1.0,0.6586782370071388,1.0,1.0,1.0,93.17,COBERTURA PARCIAL,False,False
1507310048,LIMA,HUAROCHIRI,SANTO DOMINGO DE LOS OLLEROS,CASCAJO COLORADO,RURAL,-12.26886,-76.48302,0.9951461893147441,1.0,0.303539712470217,1.0,0.0,0.0,0.4547845391165867,1.0,0.0,0.9588623574010589,0.0,1.0,0.0,0.0,0,1.0,0,1.0,0.0,1.0,0,0.0,0.0,0.6234182301913151,0.0,0.0,0.0,0.0,0.0,0.0,0.0,0.0,0.303539712470217,Bitel,0,1.0,Bitel,3,0.0,Bitel,0,0.0,Bitel,0,0.696460287529783,0.0,1.0,0.25,1.0,58.84,COBERTURA ALTA,False,False
1507310049,LIMA,HUAROCHIRI,SANTO DOMINGO DE LOS OLLEROS,CERRO BLANCO,RURAL,-12.26862,-76.48365,1.0,1.0,0.4717513000597601,1.0,0.0,0.0,0.5318275968580588,1.0,0.0,0.9794945395792407,0.0,1.0,0.0,0.0,0,1.0,0,1.0,0.0,1.0,0,0.0,0.0,0.4956075148221322,0.0,0.0,0.0,0.0,0.0,0.0,0.0,0.0,0.4717513000597601,Bitel,0,1.0,Bitel,3,0.0,Bitel,0,0.0,Bitel,0,0.5282486999402398,0.0,1.0,0.25,1.0,51.27,COBERTURA ALTA,False,False
1507310050,LIMA,HUAROCHIRI,SANTO DOMINGO DE LOS OLLEROS,PEDREGAL,RURAL,-12.30397,-76.50809,0.0,0.0,0.0,0.0,0.0,0.0,0.0,1.0,0.0,0.02969452410414279,0.0,0.187079672133091,0.0,0.0,0,0.6154363199874825,0,0.02276140986243224,0.0,1.0,0,0.0,0.0,0.02687827469632015,0.0,0.0,0.0,0.0,0.0,0.0,0.0,0.0,0.0,Bitel,0,1.0,Entel,1,0.0,Bitel,0,0.0,Bitel,0,1.0,0.0,1.0,0.75,1.0,77.5,COBERTURA ALTA,False,False
1507310051,LIMA,HUAROCHIRI,SANTO DOMINGO DE LOS OLLEROS,VILLA JARDIN CUCUYA,RURAL,-12.22221,-76.84232,0.9088846575541739,1.0,1.0,1.0,0.0,0.0,0.0,1.0,0.0,1.0,0.0,0.9892271869297184,0.0,0.087728716376554,0,1.0,0,1.0,0.0,1.0,0,0.6956072247441379,0.0,0.4614276685181887,1.0,1.0,0.8272379880188793,1.0,0.0,0.0,0.0,0.0,1.0,Bitel,2,1.0,Bitel,4,0.0,Bitel,0,0.6956072247441379,Entel,0,0.0,0.0,0.30439277525586206,0.0,1.0,14.57,COBERTURA ALTA,True,False
1507310052,LIMA,HUAROCHIRI,SANTO DOMINGO DE LOS OLLEROS,MALANCHE,RURAL,-12.15999,-76.63802,0.0,0.0,0.0,0.0,0.0,0.0,0.0,0.0,0.0,0.0,0.0,0.0,0.0,0.0,0,0.0,0,0.0,0.0,0.0,0,0.0,0.0,0.0,0.0,0.0,0.0,0.0,0.0,0.0,0.0,0.0,0.0,Bitel,0,0.0,Bitel,0,0.0,Bitel,0,0.0,Bitel,0,1.0,1.0,1.0,1.0,1.0,100.0,BRECHA CRITICA,False,False
1507310053,LIMA,HUAROCHIRI,SANTO DOMINGO DE LOS OLLEROS,SUMACPACHA,RURAL,-12.20565,-76.6355,0.0,0.0,0.0,0.0,0.0,0.0,0.0,0.0,0.0,0.0,0.0,0.0,0.0,0.0,0,0.0,0,0.0,0.0,0.0,0,0.0,0.0,0.0,0.0,0.0,0.0,0.0,0.0,0.0,0.0,0.0,0.0,Bitel,0,0.0,Bitel,0,0.0,Bitel,0,0.0,Bitel,0,1.0,1.0,1.0,1.0,1.0,100.0,BRECHA CRITICA,False,False
1507310054,LIMA,HUAROCHIRI,SANTO DOMINGO DE LOS OLLEROS,LUCUMO,RURAL,-12.15416,-76.64841,0.0,0.0,0.0,0.0,0.0,0.0,0.0,0.0,0.0,0.0,0.0,0.0,0.0,0.0,0,0.0,0,0.0,0.0,0.0,0,0.0,0.0,0.0,0.0,0.0,0.0,0.0,0.0,0.0,0.0,0.0,0.0,Bitel,0,0.0,Bitel,0,0.0,Bitel,0,0.0,Bitel,0,1.0,1.0,1.0,1.0,1.0,100.0,BRECHA CRITICA,False,False
1507310055,LIMA,HUAROCHIRI,SANTO DOMINGO DE LOS OLLEROS,NEGRITILLO,RURAL,-12.17913,-76.66099,0.0,0.0,0.0,0.0,0.0,0.0,0.0,0.0,0.0,0.0,0.0,0.0,0.0,0.0,0,0.0,0,0.0,0.0,0.0,0,0.0,0.0,0.0,0.0,0.0,0.0,0.0,0.0,0.0,0.0,0.0,0.0,Bitel,0,0.0,Bitel,0,0.0,Bitel,0,0.0,Bitel,0,1.0,1.0,1.0,1.0,1.0,100.0,BRECHA CRITICA,False,False
1507310056,LIMA,HUAROCHIRI,SANTO DOMINGO DE LOS OLLEROS,PAMPA TINAJA,RURAL,-12.13887,-76.65106,0.0,0.0,0.0,0.0,0.0,0.0,0.0,0.0,0.0,0.0,0.0,0.0,0.0,0.0,0,0.0,0,0.0,0.0,0.0,0,0.0,0.0,0.0,0.0,0.0,0.0,0.0,0.0,0.0,0.0,0.0,0.0,Bitel,0,0.0,Bitel,0,0.0,Bitel,0,0.0,Bitel,0,1.0,1.0,1.0,1.0,1.0,100.0,BRECHA CRITICA,False,False
1507310057,LIMA,HUAROCHIRI,SANTO DOMINGO DE LOS OLLEROS,MANZANO,RURAL,-12.14574,-76.67054,0.0,0.0,0.0,0.0,0.0,0.0,0.0,0.0,0.0,0.0,0.0,0.0,0.0,0.0,0,0.0,0,0.0,0.0,0.0,0,0.0,0.0,0.0,0.0,0.0,0.0,0.0,0.0,0.0,0.0,0.0,0.0,Bitel,0,0.0,Bitel,0,0.0,Bitel,0,0.0,Bitel,0,1.0,1.0,1.0,1.0,1.0,100.0,BRECHA CRITICA,False,False
1507310058,LIMA,HUAROCHIRI,SANTO DOMINGO DE LOS OLLEROS,CASIHUA,RURAL,-12.27579,-76.49482,0.7401851795791322,0.9999999992807038,0.08948184092235098,0.9999999992803552,0.0,0.0,0.0,0.9999999992803345,0.0,0.707549406984268,0.0,0.8982991956462472,0.0,0.0,0,0.9897278396720428,0,0.9897278286553783,0.0,0.9999999992804941,0,0.0,0.0,0.03593596007238034,0.0,0.0,0.0,0.0,0.0,0.0,0.0,0.0,0.08948184092235098,Bitel,0,0.9999999992804941,Entel,3,0.0,Bitel,0,0.0,Bitel,0,0.910518159077649,7.195058993048065e-10,1.0,0.25,1.0,68.47,COBERTURA ALTA,False,False
1507310059,LIMA,HUAROCHIRI,SANTO DOMINGO DE LOS OLLEROS,AUQUIRIS,RURAL,-12.24603,-76.49855,0.0,0.0,0.0,0.0,0.0,0.0,0.0,1.0,0.0,0.8134131345773751,0.0,1.0,0.0,0.0,0,1.0,0,1.0,0.0,1.0,0,0.0,0.0,0.8260472773941309,0.0,0.0,0.0,0.0,0.0,0.0,0.0,0.0,0.0,Bitel,0,1.0,Claro,2,0.0,Bitel,0,0.0,Bitel,0,1.0,0.0,1.0,0.5,1.0,75.0,COBERTURA ALTA,False,False
1507310060,LIMA,HUAROCHIRI,SANTO DOMINGO DE LOS OLLEROS,PUCARA,RURAL,-12.17434,-76.60815,0.0,0.0,0.0,0.0,0.0,0.0,0.0,0.0,0.0,0.0,0.0,0.0,0.0,0.0,0,0.0,0,0.0,0.0,0.0,0,0.0,0.0,0.0,0.0,0.0,0.0,0.0,0.0,0.0,0.0,0.0,0.0,Bitel,0,0.0,Bitel,0,0.0,Bitel,0,0.0,Bitel,0,1.0,1.0,1.0,1.0,1.0,100.0,BRECHA CRITICA,False,False
1507310061,LIMA,HUAROCHIRI,SANTO DOMINGO DE LOS OLLEROS,CARDAL,RURAL,-12.33306,-76.66501,0.0,0.0,0.0,0.0,0.0,0.0,0.0,0.0,0.0,0.0,0.0,0.0,0.0,0.0,0,0.0,0,0.0,0.0,0.0,0,0.0,0.0,0.07550494835063568,0.0,0.0,0.0,0.0,0.0,0.0,0.0,0.0,0.0,Bitel,0,0.0,Bitel,0,0.0,Bitel,0,0.0,Bitel,0,1.0,1.0,1.0,1.0,1.0,100.0,BRECHA CRITICA,False,False
1507310063,LIMA,HUAROCHIRI,SANTO DOMINGO DE LOS OLLEROS,PUCLUPAMPA,RURAL,-12.32988,-76.64585,0.0,0.0,0.0,0.0,0.0,0.0,0.0,0.0,0.0,0.0,0.0,0.0,0.0,0.0,0,0.0,0,0.0,0.0,0.0,0,0.0,0.0,0.5100213024707698,0.0,0.0,0.0,0.0,0.0,0.0,0.0,0.0,0.0,Bitel,0,0.0,Bitel,0,0.0,Bitel,0,0.0,Bitel,0,1.0,1.0,1.0,1.0,1.0,100.0,BRECHA CRITICA,False,False
1507310065,LIMA,HUAROCHIRI,SANTO DOMINGO DE LOS OLLEROS,CASA ROSADA,RURAL,-12.26566,-76.48831,0.886254730271515,1.0,0.6161892561912101,1.0,0.0,0.0,0.5880443867843692,1.0,0.0,1.0,0.0,1.0,0.0,0.0,0,1.0,0,0.9996779539998041,0.0,1.0,0,0.0,0.0,0.661815733832381,0.0,0.0,0.0,0.0,0.0,0.0,0.0,0.0,0.6161892561912101,Bitel,0,1.0,Bitel,3,0.0,Bitel,0,0.0,Bitel,0,0.3838107438087899,0.0,1.0,0.25,1.0,44.77,COBERTURA ALTA,False,False
1507310066,LIMA,HUAROCHIRI,SANTO DOMINGO DE LOS OLLEROS,POLUMA,RURAL,-12.22617,-76.44113,0.0,0.0,0.0,0.0,0.0,0.0,0.0,0.8560077807736458,0.0,0.4476819330232962,0.0,0.15336665911182,0.0,0.0,0,0.690829982927943,0,0.4459515555679491,0.0,0.501550670568318,0,0.0,0.0,0.566162538720474,0.0,0.0,0.0,0.0,0.0,0.0,0.0,0.0,0.0,Bitel,0,0.501550670568318,Entel,0,0.0,Bitel,0,0.0,Bitel,0,1.0,0.49844932943168196,1.0,1.0,1.0,89.97,COBERTURA PARCIAL,False,False
1507310067,LIMA,HUAROCHIRI,SANTO DOMINGO DE LOS OLLEROS,CACICA,RURAL,-12.23764,-76.46026,0.0,0.0,0.0,0.0,0.0,0.0,0.0,0.9999999990544753,0.0,0.0,0.0,0.0,0.0,0.0,0,0.0,0,0.0,0.0,0.0,0,0.0,0.0,0.08059435176804625,0.0,0.0,0.0,0.0,0.0,0.0,0.0,0.0,0.0,Bitel,0,0.0,Bitel,0,0.0,Bitel,0,0.0,Bitel,0,1.0,1.0,1.0,1.0,1.0,100.0,BRECHA CRITICA,False,False
1507310068,LIMA,HUAROCHIRI,SANTO DOMINGO DE LOS OLLEROS,SANTA ROSA,RURAL,-12.26869,-76.48381,1.0,1.0,0.4711286683662816,1.0,0.0,0.0,0.5856561274210622,1.0,0.0,0.9944551206456853,0.0,1.0,0.0,0.0,0,1.0,0,1.0,0.0,1.0,0,0.0,0.0,0.484362568646465,0.0,0.0,0.0,0.0,0.0,0.0,0.0,0.0,0.4711286683662816,Bitel,0,1.0,Bitel,3,0.0,Bitel,0,0.0,Bitel,0,0.5288713316337184,0.0,1.0,0.25,1.0,51.3,COBERTURA ALTA,False,False
1507310069,LIMA,HUAROCHIRI,SANTO DOMINGO DE LOS OLLEROS,PUTUYA,RURAL,-12.21423,-76.42874,0.0,0.0,0.0,0.0,0.0,0.0,0.0,0.0,0.0,0.0,0.0,0.0,0.0,0.0,0,0.0,0,0.0,0.0,0.0,0,0.0,0.0,0.0,0.0,0.0,0.0,0.0,0.0,0.0,0.0,0.0,0.0,Bitel,0,0.0,Bitel,0,0.0,Bitel,0,0.0,Bitel,0,1.0,1.0,1.0,1.0,1.0,100.0,BRECHA CRITICA,False,False
1507310071,LIMA,HUAROCHIRI,SANTO DOMINGO DE LOS OLLEROS,AMPLIACION CUCUYA,RURAL,-12.29705,-76.50545,0.0,0.0,0.0,0.0,0.0,0.0,0.0,1.0,0.0,0.0002753522862115724,0.0,0.0002753522862115724,0.0,0.0,0,0.0,0,0.0,0.0,0.2291857939114958,0,0.0,0.0,0.0,0.0,0.0,0.0,0.0,0.0,0.0,0.0,0.0,0.0,Bitel,0,0.2291857939114958,Entel,0,0.0,Bitel,0,0.0,Bitel,0,1.0,0.7708142060885042,1.0,1.0,1.0,95.42,COBERTURA PARCIAL,False,False
1507310072,LIMA,HUAROCHIRI,SANTO DOMINGO DE LOS OLLEROS,RIO SECO,RURAL,-12.33037,-76.65318,0.0,0.0,0.0,0.0,0.0,0.0,0.0,0.0,0.0,0.0,0.0,0.0,0.0,0.0,0,0.0,0,0.0,0.0,0.0,0,0.0,0.0,0.01399352189037602,0.0,0.0,0.0,0.0,0.0,0.0,0.0,0.0,0.0,Bitel,0,0.0,Bitel,0,0.0,Bitel,0,0.0,Bitel,0,1.0,1.0,1.0,1.0,1.0,100.0,BRECHA CRITICA,False,False
1507310073,LIMA,HUAROCHIRI,SANTO DOMINGO DE LOS OLLEROS,CRUZ BLANCA,RURAL,-12.32317,-76.52072,0.0,0.0,0.0,0.0,0.0,0.0,0.0,0.0,0.0,0.0,0.0,0.0,0.0,0.0,0,0.0,0,0.0,0.0,0.8255774529722576,0,0.0,0.0,0.200507321152361,0.0,0.0,0.0,0.0,0.0,0.0,0.0,0.0,0.0,Bitel,0,0.8255774529722576,Entel,1,0.0,Bitel,0,0.0,Bitel,0,1.0,0.1744225470277424,1.0,0.75,1.0,80.99,COBERTURA ALTA,False,False
1507310074,LIMA,HUAROCHIRI,SANTO DOMINGO DE LOS OLLEROS,ALPACOTO,RURAL,-12.31492,-76.51828,0.0,0.0,0.0,0.0,0.0,0.0,0.0,0.0,0.0,0.0,0.0,0.0,0.0,0.0,0,0.0,0,0.0,0.0,0.06827933720907632,0,0.0,0.0,0.0449864962399355,0.0,0.0,0.0,0.0,0.0,0.0,0.0,0.0,0.0,Bitel,0,0.06827933720907632,Entel,0,0.0,Bitel,0,0.0,Bitel,0,1.0,0.9317206627909237,1.0,1.0,1.0,98.63,BRECHA CRITICA,False,False
1507320001,LIMA,HUAROCHIRI,SURCO,SURCO,URBANO,-11.8839,-76.44028,0.9999999898985469,0.9999999898987273,0.9999999898985747,0.9999999898987191,0.0,0.0,0.6461480454941751,0.9821623447787969,0.7541634459964348,0.9999999898986978,0.0,0.9999999898986167,0.0,0.0,0,0.9999999898986167,0,0.9999999898983892,0.0,0.9893618516944391,0,0.0,0.0,0.0,0.0,0.1427097047592232,0.0,0.4822868942547208,0.0,0.0,0.0,0.0,0.9999999898985747,Bitel,1,0.9999999898987191,Bitel,3,0.0,Bitel,0,0.0,Bitel,0,1.0101425251818341e-08,1.010128092282514e-08,1.0,0.25,0.0,17.5,COBERTURA ALTA,True,False
1507320002,LIMA,HUAROCHIRI,SURCO,CHACRA ALTA,RURAL,-11.85129,-76.43679,0.0,0.0,0.0,0.0,0.0,0.0,0.0,0.0,0.0,0.0,0.0,0.0,0.0,0.0,0,0.0,0,0.0,0.0,0.0,0,0.0,0.0,0.0,0.0,0.0,0.0,0.0,0.0,0.0,0.0,0.0,0.0,Bitel,0,0.0,Bitel,0,0.0,Bitel,0,0.0,Bitel,0,1.0,1.0,1.0,1.0,1.0,100.0,BRECHA CRITICA,False,False
1507320003,LIMA,HUAROCHIRI,SURCO,HUACHUCANCHA,RURAL,-11.85539,-76.42907,0.0,0.0,0.0,0.2059159546833575,0.0,0.0,0.0,1.0,0.0,0.895968768008015,0.0,0.0,0.0,0.0,0,0.9966648973326506,0,0.7105240957061927,0.0,0.8298349420826278,0,0.0,0.0,0.0,0.0,0.0,0.0,0.0,0.0,0.0,0.0,0.0,0.0,Bitel,0,0.8298349420826278,Entel,1,0.0,Bitel,0,0.0,Bitel,0,1.0,0.17016505791737224,1.0,0.75,1.0,80.9,COBERTURA ALTA,False,False
1507320004,LIMA,HUAROCHIRI,SURCO,EDUARDO DE HABICH,RURAL,-11.86442,-76.424,0.1770222907825684,0.6562220930041212,0.8202330766007251,0.9999999172411864,0.0,0.0,0.1839958608832887,1.0,0.0,0.9680109021720351,0.0,0.5214972877174194,0.0,0.0,0,1.0,0,0.9998792056062306,0.0,1.0,0,0.0,0.0,0.0,0.0,0.0,0.0,1.0,0.0,0.0,0.0,0.0,0.8202330766007251,Bitel,1,1.0,Entel,3,0.0,Bitel,0,0.0,Bitel,0,0.1797669233992749,0.0,1.0,0.25,1.0,35.59,COBERTURA ALTA,True,False
1507320005,LIMA,HUAROCHIRI,SURCO,LINDAY,RURAL,-11.87103,-76.46687,0.0,0.0,0.0,0.0,0.0,0.0,0.0,0.0,0.0,0.0,0.0,0.0,0.0,0.0,0,1.0,0,0.04880723203460344,0.0,1.0,0,0.0,0.0,0.0,0.0,0.0,0.0,0.6771105453612202,0.0,0.0,0.0,0.0,0.0,Bitel,0,1.0,Entel,1,0.0,Bitel,0,0.0,Bitel,0,1.0,0.0,1.0,0.75,1.0,77.5,COBERTURA ALTA,False,False
1507320006,LIMA,HUAROCHIRI,SURCO,AYAS,RURAL,-11.86517,-76.43198,0.9206085505577661,1.0,1.0,1.0,0.0,0.0,0.0,1.0,0.0,1.0,0.0,0.6685710299669545,0.0,0.0,0,1.0,0,0.01470878123940708,0.0,1.0,0,0.0,0.0,0.0,0.0,0.0,0.0,0.7120795306324066,0.0,0.0,0.0,0.0,1.0,Bitel,1,1.0,Bitel,2,0.0,Bitel,0,0.0,Bitel,0,0.0,0.0,1.0,0.5,1.0,30.0,COBERTURA ALTA,True,False
1507320007,LIMA,HUAROCHIRI,SURCO,HUYOPAMPA,RURAL,-11.87618,-76.42711,0.876363680600593,0.9927438734288971,0.9841761404312919,0.9999999900204397,0.0,0.0,0.0,0.91735618636539,0.0,0.980843377323322,0.0,0.7230060969470425,0.0,0.0,0,0.9999999982905307,0,0.9999999982905307,0.0,0.9999999982905308,0,0.0,0.0,0.0,0.0,0.008348911731156032,0.0,0.0,0.0,0.0,0.0,0.0,0.9841761404312919,Bitel,1,0.9999999982905308,Entel,2,0.0,Bitel,0,0.0,Bitel,0,0.015823859568708132,1.7094692328356587e-09,1.0,0.5,1.0,30.71,COBERTURA ALTA,True,False
1507320008,LIMA,HUAROCHIRI,SURCO,TAMBO,RURAL,-11.87981,-76.47161,0.07890654697382388,0.363910611905074,0.4470043570436152,0.9986760680570501,0.0,0.0,0.0,0.8746110678018533,0.0,0.1890079083087345,0.0,0.0,0.0,0.0,0,1.0,0,1.0,0.0,1.0,0,0.0,0.0,0.0,0.0,0.0,0.0,0.0,0.0,0.0,0.0,0.0,0.4470043570436152,Bitel,0,1.0,Entel,2,0.0,Bitel,0,0.0,Bitel,0,0.5529956429563848,0.0,1.0,0.5,1.0,54.88,COBERTURA ALTA,False,False
1507320009,LIMA,HUAROCHIRI,SURCO,PACHACOTO,RURAL,-11.86929,-76.43686,9.595039120036342e-05,0.1700315257365632,0.2700975346618268,0.999999978854612,0.0,0.0,0.0,0.9999999994843746,0.0,0.9999999994845649,0.0,0.01219971756817988,0.0,0.0,0,0.9999999994843748,0,0.4414768346414197,0.0,0.9999999994843747,0,0.0,0.0,0.6286969593691526,0.0,0.0,0.6812596827791997,0.9999999994843746,0.0,0.0,0.0,0.0,0.6812596827791997,Movistar,0,0.9999999994843747,Entel,3,0.0,Bitel,0,0.0,Bitel,0,0.3187403172208003,5.1562532021876e-10,1.0,0.25,1.0,41.84,COBERTURA ALTA,False,False
1507320010,LIMA,HUAROCHIRI,SURCO,SONGOS,RURAL,-11.88179,-76.46803,0.0,0.02543198798867923,0.1152482611950224,0.9999999124624745,0.0,0.0,0.0,0.1638247088726857,0.0,7.383209943679159e-05,0.0,0.0,0.0,0.0,0,0.9999999951640772,0,0.999999995164077,0.0,0.999999995164077,0,0.0,0.0,0.0,0.0,0.0,0.0,0.0,0.0,0.0,0.0,0.0,0.1152482611950224,Bitel,0,0.999999995164077,Entel,2,0.0,Bitel,0,0.0,Bitel,0,0.8847517388049776,4.835922995383157e-09,1.0,0.5,1.0,69.81,COBERTURA ALTA,False,False
1507320011,LIMA,HUAROCHIRI,SURCO,ANYAHUASI,RURAL,-11.88239,-76.45348,0.0,0.0634309028757913,0.02360128371814033,0.4806436404020643,0.0,0.0,0.0,0.0,0.0,0.0,0.0,0.0,0.0,0.0,0,1.0,0,1.0,0.0,1.0,0,0.0,0.0,0.0,0.0,0.0,0.0,0.982355936343919,0.0,0.0,0.0,0.0,0.02360128371814033,Bitel,0,1.0,Entel,2,0.0,Bitel,0,0.0,Bitel,0,0.9763987162818597,0.0,1.0,0.5,1.0,73.94,COBERTURA ALTA,False,False
1507320012,LIMA,HUAROCHIRI,SURCO,ESQUINA SONGOS,RURAL,-11.88659,-76.48411,0.0,0.0,0.0,0.0,0.0,0.0,0.0,0.9999999934126133,0.0,0.988456350103848,0.0,0.6723859915843617,0.0,0.0,0,0.999999993412536,0,0.9999999934126133,0.0,0.9999999934124161,0,0.0,0.0,0.0,0.0,0.0,0.0,0.0,0.0,0.0,0.0,0.0,0.0,Bitel,0,0.9999999934124161,Entel,1,0.0,Bitel,0,0.0,Bitel,0,1.0,6.587583922801343e-09,1.0,0.75,1.0,77.5,COBERTURA ALTA,False,False
1507320013,LIMA,HUAROCHIRI,SURCO,ELECTROSUR,RURAL,-11.88615,-76.45568,0.3730955989345652,0.9586818286679593,0.9437612910169404,0.9999999661913621,0.0,0.0,0.0,0.3390556498892596,0.0,0.09149543062573663,0.0,0.1879704940941266,0.0,0.0,0,0.999999998647147,0,0.9999999986472838,0.0,0.9999999986472838,0,0.0,0.0,0.0,0.0,0.0,0.0,0.3706265024591779,0.0,0.0,0.0,0.0,0.9437612910169404,Bitel,1,0.9999999986472838,Entel,2,0.0,Bitel,0,0.0,Bitel,0,0.056238708983059604,1.3527161613069438e-09,1.0,0.5,1.0,32.53,COBERTURA ALTA,True,False
1507320014,LIMA,HUAROCHIRI,SURCO,HEPSA,RURAL,-11.88779,-76.45075,1.0,1.0,1.0,1.0,0.0,0.0,0.0,0.9887403667942596,0.0,1.0,0.0,1.0,0.0,0.0,0,1.0,0,1.0,0.0,1.0,0,0.0,0.0,0.0,0.0,0.1131596633391591,0.0,0.7687279988529848,0.0,0.0,0.0,0.0,1.0,Bitel,1,1.0,Bitel,3,0.0,Bitel,0,0.0,Bitel,0,0.0,0.0,1.0,0.25,1.0,27.5,COBERTURA ALTA,True,False
1507320015,LIMA,HUAROCHIRI,SURCO,SANTA ROSA DE PUCSHAMA,RURAL,-11.888,-76.45008,1.0,1.0,1.0,1.0,0.0,0.0,0.0,1.0,0.0,1.0,0.0,1.0,0.0,0.0,0,1.0,0,1.0,0.0,1.0,0,0.0,0.0,0.0,0.0,0.1786423118114891,0.0,0.6961166720157522,0.0,0.0,0.0,0.0,1.0,Bitel,1,1.0,Bitel,3,0.0,Bitel,0,0.0,Bitel,0,0.0,0.0,1.0,0.25,1.0,27.5,COBERTURA ALTA,True,False
1507320016,LIMA,HUAROCHIRI,SURCO,VERRUGAS,RURAL,-11.88755,-76.48822,0.0,0.0,0.0,0.0,0.0,0.0,0.0,0.9999999942388478,0.0,0.9999999942390123,0.0,0.8871095342870727,0.0,0.0,0,0.9999999942388478,0,0.9999999942388542,0.0,0.9999999942388477,0,0.0,0.0,0.0,0.0,0.0,0.0,0.0,0.0,0.0,0.0,0.0,0.0,Bitel,0,0.9999999942388477,Entel,2,0.0,Bitel,0,0.0,Bitel,0,1.0,5.7611523329725856e-09,1.0,0.5,1.0,75.0,COBERTURA ALTA,False,False
1507320017,LIMA,HUAROCHIRI,SURCO,HUARANGO,RURAL,-11.88794,-76.45553,0.9096045024742332,0.9999999986922454,0.9869744230925436,0.9999999932673992,0.0,0.0,0.0,0.8852742518111866,0.0,0.6529505135422783,0.0,0.7989946529407673,0.0,0.0,0,0.9999999986921195,0,0.9999999986920481,0.0,0.9999999986920457,0,0.0,0.0,0.0,0.0,0.0,0.0,0.2495674120002242,0.0,0.0,0.0,0.0,0.9869744230925436,Bitel,1,0.9999999986920457,Entel,2,0.0,Bitel,0,0.0,Bitel,0,0.013025576907456426,1.3079543004224092e-09,1.0,0.5,1.0,30.59,COBERTURA ALTA,True,False
1507320018,LIMA,HUAROCHIRI,SURCO,CHUQUIPAMPA,RURAL,-11.8896,-76.42774,0.0,0.0,0.0,0.0,0.0,0.0,0.1539897261665622,1.0,0.0,1.0,0.0,0.7129739901965364,0.0,0.0,0,1.0,0,1.0,0.0,1.0,0,0.0,0.0,0.0,0.0,0.4221890642507906,0.1294288375578951,1.0,0.0,0.0,0.0,0.0,0.1294288375578951,Movistar,0,1.0,Entel,2,0.0,Bitel,0,0.0,Bitel,0,0.8705711624421049,0.0,1.0,0.5,1.0,69.18,COBERTURA ALTA,False,False
1507320019,LIMA,HUAROCHIRI,SURCO,ACOPAMPA,RURAL,-11.8895,-76.44421,0.9999999980988553,0.9999999980991402,0.9999999980991403,0.9999999980991483,0.0,0.0,0.0,0.9999999980991403,0.0,0.9999999980991403,0.0,0.9999999980991403,0.0,0.0,0,0.9999999980991318,0,0.9999999980991385,0.0,0.9999999980991165,0,0.0,0.0,0.0,0.0,0.5468729438926966,0.0,0.9079807354976193,0.0,0.0,0.0,0.0,0.9999999980991403,Bitel,1,0.9999999980991483,Bitel,4,0.0,Bitel,0,0.0,Bitel,0,1.9008596918723697e-09,1.9008516982665924e-09,1.0,0.0,1.0,25.0,COBERTURA ALTA,True,False
1507320020,LIMA,HUAROCHIRI,SURCO,LAYA,RURAL,-11.88703,-76.44206,1.0,1.0,1.0,1.0,0.0,0.0,0.3025322973022127,1.0,0.02894279041350575,1.0,0.0,1.0,0.0,0.0,0,1.0,0,1.0,0.0,1.0,0,0.0,0.0,0.0,0.0,0.4465930575191767,0.0,0.5990084072893447,0.0,0.0,0.0,0.0,1.0,Bitel,1,1.0,Bitel,3,0.0,Bitel,0,0.0,Bitel,0,0.0,0.0,1.0,0.25,1.0,27.5,COBERTURA ALTA,True,False
1507320021,LIMA,HUAROCHIRI,SURCO,JURCO,RURAL,-11.89476,-76.43449,0.0,0.009634940504136335,0.01596045468597291,0.3574881412149377,0.0,0.0,0.1312120271755277,1.0,0.0,1.0,0.0,0.8521186249189543,0.0,0.0,0,1.0,0,1.0,0.0,1.0,0,0.0,0.0,0.0,0.3486595902681727,0.9522213588390481,0.6190610380824461,0.9913171471764491,0.0,0.0,0.0,0.0,0.6190610380824461,Movistar,0,1.0,Entel,3,0.0,Bitel,0,0.0,Bitel,0,0.38093896191755394,0.0,1.0,0.25,1.0,44.64,COBERTURA ALTA,False,False
1507320022,LIMA,HUAROCHIRI,SURCO,HUANANO,RURAL,-11.90064,-76.44079,0.0,0.0,0.0,0.0,0.0,0.0,0.07524782699954681,0.9999999965447921,0.0,0.9793226648697111,0.0,0.904340877222729,0.0,0.0,0,0.9999999965446255,0,0.9999999965444021,0.0,0.9999999965446255,0,0.0,0.0,0.0,0.06641361349489136,0.9171831379757771,0.5376199592579899,0.9944521723550407,0.0,0.0,0.0,0.0,0.5376199592579899,Movistar,0,0.9999999965446255,Entel,3,0.0,Bitel,0,0.0,Bitel,0,0.4623800407420101,3.455374542049583e-09,1.0,0.25,1.0,48.31,COBERTURA ALTA,False,False
1507320023,LIMA,HUAROCHIRI,SURCO,HUAYCOCHA,RURAL,-11.8984,-76.44172,0.0,0.0,0.0,0.3371611787862939,0.0,0.0,0.001778743733679678,1.0,0.0,0.9905219068076099,0.0,0.969844757801023,0.0,0.0,0,1.0,0,1.0,0.0,1.0,0,0.0,0.0,0.0,0.6842778875694279,1.0,0.5737204178287508,1.0,0.0,0.0,0.0,0.0,0.5737204178287508,Movistar,0,1.0,Entel,3,0.0,Bitel,0,0.0,Bitel,0,0.42627958217124917,0.0,1.0,0.25,1.0,46.68,COBERTURA ALTA,False,False
1507320024,LIMA,HUAROCHIRI,SURCO,CHAPO,RURAL,-11.8998,-76.44793,0.0,0.0,0.0,0.003748866157539571,0.0,0.0,1.0,1.0,0.03825465247157488,1.0,0.0,1.0,0.0,0.0,0,1.0,0,1.0,0.0,1.0,0,0.0,0.0,0.0,0.0,0.02594783943923164,0.0,1.0,0.0,0.0,0.0,0.0,0.0,Bitel,0,1.0,Claro,3,0.0,Bitel,0,0.0,Bitel,0,1.0,0.0,1.0,0.25,1.0,72.5,COBERTURA ALTA,False,False
1507320025,LIMA,HUAROCHIRI,SURCO,HUIQUE,RURAL,-11.8893,-76.45144,0.6504650886089758,0.9213789084871982,0.9595306010591779,0.9999999996829134,0.0,0.0,0.0,1.0,0.0,1.0,0.0,1.0,0.0,0.0,0,1.0,0,1.0,0.0,1.0,0,0.0,0.0,0.0,0.0,0.04077718083775878,0.0,0.4064937802156777,0.0,0.0,0.0,0.0,0.9595306010591779,Bitel,1,1.0,Claro,3,0.0,Bitel,0,0.0,Bitel,0,0.04046939894082213,0.0,1.0,0.25,1.0,29.32,COBERTURA ALTA,True,False
1507320026,LIMA,HUAROCHIRI,SURCO,HUAQUICHA,RURAL,-11.89941,-76.43062,0.0,0.0,0.0,0.09943397454661758,0.0,0.0,0.9800325899457987,1.0,0.07781171454875749,1.0,0.0788306245418951,1.0,0.0,0.0,0,1.0,0,1.0,0.0,1.0,0,0.0,0.0,0.0,0.0,0.0,0.0,1.0,0.0,0.0,0.0,0.0,0.0788306245418951,Claro,0,1.0,Claro,3,0.0,Bitel,0,0.0,Bitel,0,0.921169375458105,0.0,1.0,0.25,1.0,68.95,COBERTURA ALTA,False,False
1507320027,LIMA,HUAROCHIRI,SURCO,ACLLE,RURAL,-11.88894,-76.43213,0.1810157785283715,0.3761444803141627,0.4646042625262272,0.8965555096902961,0.0,0.0,0.06598411409204273,0.9999999988674787,0.0,0.9999999988674703,0.0,0.9790239233591691,0.0,0.0,0,0.9999999988674707,0,0.9999999988674665,0.0,0.9999999988674703,0,0.0,0.0,0.0,0.0,0.9999999988674703,0.4269517119446302,0.9999999988678078,0.0,0.0,0.0,0.0,0.4646042625262272,Bitel,0,0.9999999988678078,Movistar,4,0.0,Bitel,0,0.0,Bitel,0,0.5353957374737728,1.1321922288587416e-09,1.0,0.0,1.0,49.09,COBERTURA ALTA,False,False
1507320028,LIMA,HUAROCHIRI,SURCO,NEGROCUANA,RURAL,-11.89284,-76.41394,0.0,0.0,0.0,0.0,0.0,0.0,0.9955806765403493,0.9999999993186554,0.0,0.9999999993185937,0.0,0.9999999993188343,0.0,0.0,0,0.9999999993185938,0,0.9999999993185053,0.0,0.9999999993185937,0,0.0,0.0,0.0,0.0,0.0,0.0,0.8487169679472762,0.0,0.0,0.0,0.0,0.0,Bitel,0,0.9999999993188343,Claro,3,0.0,Bitel,0,0.0,Bitel,0,1.0,6.811656794170062e-10,1.0,0.25,1.0,72.5,COBERTURA ALTA,False,False
1507320029,LIMA,HUAROCHIRI,SURCO,QUICHO,RURAL,-11.90818,-76.43923,0.0,0.0,0.0,0.0,0.0,0.0,0.9999999981893353,0.9999999981893353,0.5339729658591181,0.999999998189565,0.3798973037166356,0.9999999981895962,0.0,0.0,0,0.9999999981893353,0,0.9999999981892482,0.0,0.9999999981893353,0,0.0,0.0,0.0,0.0,0.0,0.0,0.9999999981893353,0.0,0.0,0.0,0.0,0.3798973037166356,Claro,0,0.9999999981895962,Claro,3,0.0,Bitel,0,0.0,Bitel,0,0.6201026962833645,1.8104038268518252e-09,1.0,0.25,1.0,55.4,COBERTURA ALTA,False,False
1507320030,LIMA,HUAROCHIRI,SURCO,CARCASHIQUE,RURAL,-11.88956,-76.42789,0.0,0.0,0.0,0.0,0.0,0.0,0.1317820608565691,0.9999999993890033,0.0,0.9999999993889266,0.0,0.7132448599432418,0.0,0.0,0,0.9999999993889294,0,0.9999999993889167,0.0,0.9999999993889266,0,0.0,0.0,0.0,0.0,0.4779743215495852,0.1555674228035352,0.9999999993891467,0.0,0.0,0.0,0.0,0.1555674228035352,Movistar,0,0.9999999993891467,Movistar,2,0.0,Bitel,0,0.0,Bitel,0,0.8444325771964648,6.108532568660507e-10,1.0,0.5,1.0,68.0,COBERTURA ALTA,False,False
1507320031,LIMA,HUAROCHIRI,SURCO,PALA CALA,RURAL,-11.91311,-76.42699,0.0,0.003564368912843448,0.01659243051526461,0.1356468069680997,0.0,0.0,0.8245073517905191,1.0,0.1165003846158389,1.0,0.02044824483052208,0.9474535695135069,0.0,0.0,0,1.0,0,1.0,0.0,1.0,0,0.0,0.0,0.0,0.0,0.0,0.0,1.0,0.0,0.0,0.0,0.0,0.02044824483052208,Claro,0,1.0,Entel,3,0.0,Bitel,0,0.0,Bitel,0,0.9795517551694779,0.0,1.0,0.25,1.0,71.58,COBERTURA ALTA,False,False
1507320032,LIMA,HUAROCHIRI,SURCO,YONCOCA CHICO,RURAL,-11.90156,-76.42766,0.0,0.0,0.0,0.0,0.0,0.0,0.9902325027609749,1.0,0.3517865049521621,1.0,0.3312536071407033,1.0,0.0,0.0,0,1.0,0,1.0,0.0,1.0,0,0.0,0.0,0.0,0.0,0.0,0.0,1.0,0.0,0.0,0.0,0.0,0.3312536071407033,Claro,0,1.0,Claro,3,0.0,Bitel,0,0.0,Bitel,0,0.6687463928592967,0.0,1.0,0.25,1.0,57.59,COBERTURA ALTA,False,False
1507320033,LIMA,HUAROCHIRI,SURCO,ANTANCHI,RURAL,-11.91418,-76.42976,0.0,0.0,0.0,0.2250214248692801,0.0,0.0,0.7210422371842017,1.0,0.07541379673450502,1.0,0.03675976697140453,0.9168712944879641,0.0,0.0,0,1.0,0,1.0,0.0,1.0,0,0.0,0.0,0.0,0.0,0.0,0.0,0.9489938647097492,0.0,0.0,0.0,0.0,0.03675976697140453,Claro,0,1.0,Entel,3,0.0,Bitel,0,0.0,Bitel,0,0.9632402330285955,0.0,1.0,0.25,1.0,70.85,COBERTURA ALTA,False,False
1507320034,LIMA,HUAROCHIRI,SURCO,AYAMARCA,RURAL,-11.89429,-76.42157,0.0,0.0,0.0,0.1784965755093605,0.0,0.0,1.0,1.0,0.1447403624943632,1.0,0.04135438928410378,1.0,0.0,0.0,0,1.0,0,1.0,0.0,1.0,0,0.0,0.0,0.0,0.0,0.0,0.0,1.0,0.0,0.0,0.0,0.0,0.04135438928410378,Claro,0,1.0,Claro,3,0.0,Bitel,0,0.0,Bitel,0,0.9586456107158963,0.0,1.0,0.25,1.0,70.64,COBERTURA ALTA,False,False
1507320035,LIMA,HUAROCHIRI,SURCO,CANTO,RURAL,-11.90702,-76.42349,0.0,0.0,0.0,0.0,0.0,0.0,0.8725121729971438,1.0,0.07668658953350826,1.0,0.01169658591502773,0.9942345795897359,0.0,0.0,0,1.0,0,1.0,0.0,1.0,0,0.0,0.0,0.0,0.0,0.0,0.0,1.0,0.0,0.0,0.0,0.0,0.01169658591502773,Claro,0,1.0,Entel,3,0.0,Bitel,0,0.0,Bitel,0,0.9883034140849722,0.0,1.0,0.25,1.0,71.97,COBERTURA ALTA,False,False
1507320036,LIMA,HUAROCHIRI,SURCO,YONCOCA GRANDE,RURAL,-11.90516,-76.4252,0.0,0.0,0.0,0.0,0.0,0.0,0.9903921238635632,1.0,0.4910916437292981,1.0,0.462050894133948,0.9985103507607432,0.0,0.0,0,1.0,0,1.0,0.0,1.0,0,0.0,0.0,0.0,0.0,0.0,0.0,1.0,0.0,0.0,0.0,0.0,0.462050894133948,Claro,0,1.0,Entel,3,0.0,Bitel,0,0.0,Bitel,0,0.5379491058660519,0.0,1.0,0.25,1.0,51.71,COBERTURA ALTA,False,False
1507320037,LIMA,HUAROCHIRI,SURCO,CHINGANA,RURAL,-11.92217,-76.42764,0.0,0.0,0.0,0.0,0.0,0.0,0.0245879178602142,1.0,0.0,1.0,0.0,0.7762025425880034,0.0,0.0,0,0.9887185980208669,0,1.0,0.0,0.949312155385851,0,0.0,0.0,0.0,0.0,0.0,0.0,0.02807752322024375,0.0,0.0,0.0,0.0,0.0,Bitel,0,0.949312155385851,Entel,1,0.0,Bitel,0,0.0,Bitel,0,1.0,0.05068784461414899,1.0,0.75,1.0,78.51,COBERTURA ALTA,False,False
1507320038,LIMA,HUAROCHIRI,SURCO,PICOY,RURAL,-11.92337,-76.4233,0.0,0.0,0.0,0.06316963086647533,0.0,0.0,0.002642467258361599,0.9999999976083832,0.0,0.9999999976082438,0.0,0.7953194615782065,0.0,0.0,0,0.9999999976082425,0,0.999999997608243,0.0,0.999999997608243,0,0.0,0.0,0.0,0.0,0.0,0.0,0.004719313514922988,0.0,0.0,0.0,0.0,0.0,Bitel,0,0.999999997608243,Entel,1,0.0,Bitel,0,0.0,Bitel,0,1.0,2.3917570146636535e-09,1.0,0.75,1.0,77.5,COBERTURA ALTA,False,False
1507320039,LIMA,HUAROCHIRI,SURCO,SANTA ROSA,RURAL,-11.92393,-76.41871,0.0,0.0,0.0,0.0,0.0,0.0,0.0,1.0,0.0,1.0,0.0,0.5060789346530411,0.0,0.0,0,1.0,0,1.0,0.0,0.9793237562486014,0,0.0,0.0,0.0,0.0,0.0,0.0,0.0,0.0,0.0,0.0,0.0,0.0,Bitel,0,0.9793237562486014,Entel,1,0.0,Bitel,0,0.0,Bitel,0,1.0,0.02067624375139865,1.0,0.75,1.0,77.91,COBERTURA ALTA,False,False
1507320040,LIMA,HUAROCHIRI,SURCO,QUILHUAY,RURAL,-11.92112,-76.43106,0.0,0.0,0.0,0.0,0.0,0.0,0.1099251367041538,0.9793209788464782,0.0,0.9634991029075203,0.0,0.8038260632465194,0.0,0.0,0,0.9393583458080067,0,0.9841857432113361,0.0,0.842577494392663,0,0.0,0.0,0.0,0.0,0.0,0.0,0.05658541296247883,0.0,0.0,0.0,0.0,0.0,Bitel,0,0.842577494392663,Entel,2,0.0,Bitel,0,0.0,Bitel,0,1.0,0.15742250560733695,1.0,0.5,1.0,78.15,COBERTURA ALTA,False,False
1507320041,LIMA,HUAROCHIRI,SURCO,PUCURUNCHO,RURAL,-11.92458,-76.4299,0.0,0.0,0.0,0.0,0.0,0.0,0.0,0.9999999961141343,0.0,0.9999999961143018,0.0,0.5219959317457137,0.0,0.0,0,0.9999658867950539,0,0.999999996114305,0.0,0.9585907443420154,0,0.0,0.0,0.0,0.0,0.0,0.0,0.0,0.0,0.0,0.0,0.0,0.0,Bitel,0,0.9585907443420154,Entel,1,0.0,Bitel,0,0.0,Bitel,0,1.0,0.04140925565798459,1.0,0.75,1.0,78.33,COBERTURA ALTA,False,False
1507320042,LIMA,HUAROCHIRI,SURCO,CARRETERA CENTRAL,RURAL,-11.88259,-76.43704,0.9999999995649541,0.9999999995649541,0.9999999995649541,0.9999999995649542,0.0,0.0,0.1456152390513423,0.9999999995649612,0.9502601651190901,0.9999999995650688,0.0,0.9999999995649541,0.0,0.0,0,0.9999999995649541,0,0.9999999995649541,0.0,0.9999999995649542,0,0.0,0.0,0.0,0.0,0.0,0.0,0.2207090905649821,0.0,0.0,0.0,0.0,0.9999999995649541,Bitel,1,0.9999999995649542,Bitel,3,0.0,Bitel,0,0.0,Bitel,0,4.350458882029784e-10,4.3504577718067594e-10,1.0,0.25,1.0,27.5,COBERTURA ALTA,True,False
1507320043,LIMA,HUAROCHIRI,SURCO,SHURURA,RURAL,-11.89221,-76.43704,0.0,0.00655010118298432,0.01365682087259277,0.4454817555060898,0.0,0.0,0.1247405166021719,0.9999999947723468,0.0,0.9999999947722594,0.0,0.9812717482561982,0.0,0.0,0,0.9999999947722281,0,0.9999999947722287,0.0,0.9999999947722287,0,0.0,0.0,0.0,0.9927967266376219,0.9999999947722973,0.3444484258329215,0.9965884299973109,0.0,0.0,0.0,0.0,0.3444484258329215,Movistar,0,0.9999999947722287,Entel,3,0.0,Bitel,0,0.0,Bitel,0,0.6555515741670785,5.227771326943298e-09,1.0,0.25,1.0,57.0,COBERTURA ALTA,False,False
1507320044,LIMA,HUAROCHIRI,SURCO,QUISQUICHA,RURAL,-11.92645,-76.42634,0.0,0.0,0.0,0.0,0.0,0.0,0.0,1.0,0.0,0.9746248541160223,0.0,0.3763234890179395,0.0,0.0,0,0.958647883419851,0,1.0,0.0,0.8880046111604605,0,0.0,0.0,0.0,0.0,0.0,0.0,0.0,0.0,0.0,0.0,0.0,0.0,Bitel,0,0.8880046111604605,Entel,1,0.0,Bitel,0,0.0,Bitel,0,1.0,0.11199538883953952,1.0,0.75,1.0,79.74,COBERTURA ALTA,False,False
1507320045,LIMA,HUAROCHIRI,SURCO,TROMPETERO,RURAL,-11.91527,-76.43585,0.0,0.0,0.0,0.0,0.0,0.0,0.9379644833310773,0.9999999947114252,0.0,0.9999999947114919,0.0,0.9793214909179794,0.0,0.0,0,0.9999999947114253,0,0.9999999947114254,0.0,0.9999999947114571,0,0.0,0.0,0.0,0.0,0.0,0.0,0.9141808601720196,0.0,0.0,0.0,0.0,0.0,Bitel,0,0.9999999947114571,Entel,3,0.0,Bitel,0,0.0,Bitel,0,1.0,5.288542936909835e-09,1.0,0.25,1.0,72.5,COBERTURA ALTA,False,False
1507320046,LIMA,HUAROCHIRI,SURCO,HUACAPUNE,RURAL,-11.87509,-76.45194,0.0,0.0,0.0,0.688315885522143,0.0,0.0,0.002382600152870785,0.9601565415777575,0.0,0.7655982607391278,0.0,0.5678197714160482,0.0,0.0,0,1.0,0,1.0,0.0,1.0,0,0.0,0.6398494821161095,0.9514874875928837,0.7539077926076782,0.7948692179499269,0.9823739430847949,1.0,0.0,0.0,0.0,0.0,0.9823739430847949,Movistar,1,1.0,Entel,2,0.0,Bitel,0,0.0,Bitel,0,0.017626056915205135,0.0,1.0,0.5,1.0,30.79,COBERTURA ALTA,True,False
1507320047,LIMA,HUAROCHIRI,SURCO,PLAZA,RURAL,-11.92277,-76.42847,0.0,0.0,0.0,0.0,0.0,0.0,0.0,1.0,0.0,1.0,0.0,0.7527096870935228,0.0,0.0,0,1.0,0,1.0,0.0,0.9497612031401829,0,0.0,0.0,0.0,0.0,0.0,0.0,0.0,0.0,0.0,0.0,0.0,0.0,Bitel,0,0.9497612031401829,Entel,1,0.0,Bitel,0,0.0,Bitel,0,1.0,0.050238796859817136,1.0,0.75,1.0,78.5,COBERTURA ALTA,False,False
1507320048,LIMA,HUAROCHIRI,SURCO,TARA,RURAL,-11.90022,-76.42609,0.0,0.0,0.0,0.0,0.0,0.0,0.9697233106179486,1.0,0.08580739324240727,1.0,0.08580739324240727,1.0,0.0,0.0,0,1.0,0,1.0,0.0,1.0,0,0.0,0.0,0.0,0.0,0.0,0.0,0.9395627613873506,0.0,0.0,0.0,0.0,0.08580739324240727,Claro,0,1.0,Claro,3,0.0,Bitel,0,0.0,Bitel,0,0.9141926067575927,0.0,1.0,0.25,1.0,68.64,COBERTURA ALTA,False,False
1507320049,LIMA,HUAROCHIRI,SURCO,UNCHURUN,RURAL,-11.89645,-76.42698,0.0,0.0,0.0,0.0,0.0,0.0,0.5989062257014374,1.0,0.0,1.0,0.0,0.9361045946469257,0.0,0.0,0,1.0,0,1.0,0.0,1.0,0,0.0,0.0,0.0,0.0,6.354950328104981e-05,0.002256036938480239,0.9586454792588911,0.0,0.0,0.0,0.0,0.002256036938480239,Movistar,0,1.0,Entel,3,0.0,Bitel,0,0.0,Bitel,0,0.9977439630615198,0.0,1.0,0.25,1.0,72.4,COBERTURA ALTA,False,False
1507320050,LIMA,HUAROCHIRI,SURCO,COYA,RURAL,-11.88955,-76.42257,0.0,0.0,0.0,0.0,0.0,0.0,0.9577094828937951,1.0,0.0,1.0,0.0,0.979323174210279,0.0,0.0,0,1.0,0,1.0,0.0,1.0,0,0.0,0.0,0.0,0.0,0.0,0.0,0.9090703428412708,0.0,0.0,0.0,0.0,0.0,Bitel,0,1.0,Entel,3,0.0,Bitel,0,0.0,Bitel,0,1.0,0.0,1.0,0.25,1.0,72.5,COBERTURA ALTA,False,False
1507320051,LIMA,HUAROCHIRI,SURCO,QUISHUARCOTO,RURAL,-11.92118,-76.43638,0.0,0.0,0.0,0.0,0.0,0.0,0.0,0.8954908322398331,0.0,0.8647729657323727,0.0,0.5162992517812959,0.0,0.0,0,0.867352750846465,0,0.908932464617409,0.0,0.8793922431066007,0,0.0,0.0,0.0,0.0,0.0,0.0,0.0,0.0,0.0,0.0,0.0,0.0,Bitel,0,0.8793922431066007,Entel,1,0.0,Bitel,0,0.0,Bitel,0,1.0,0.12060775689339931,1.0,0.75,1.0,79.91,COBERTURA ALTA,False,False
1507320052,LIMA,HUAROCHIRI,SURCO,SHICACORRAL,RURAL,-11.92562,-76.42669,0.0,0.0,0.0,0.0,0.0,0.0,0.0,0.9999999968734681,0.0,0.9913067181989836,0.0,0.4645108163058951,0.0,0.0,0,0.9974334270486094,0,0.9999999968734679,0.0,0.909370192857123,0,0.0,0.0,0.0,0.0,0.0,0.0,0.0,0.0,0.0,0.0,0.0,0.0,Bitel,0,0.909370192857123,Entel,1,0.0,Bitel,0,0.0,Bitel,0,1.0,0.09062980714287705,1.0,0.75,1.0,79.31,COBERTURA ALTA,False,False
1507320053,LIMA,HUAROCHIRI,SURCO,CAMPARARUME,RURAL,-11.88493,-76.43025,0.0,0.003410934507099761,0.004690586520779844,0.8928709270514684,0.0,0.0,0.02067635056423552,0.9999999961592285,0.0,0.9793236455947129,0.0,0.9793236455946182,0.0,0.0,0,0.9999999961593843,0,0.9999999961593843,0.0,0.9999999961593845,0,0.0,0.0,0.0,0.0,0.8594173735781735,0.09068138570879834,0.8021324119036217,0.0,0.0,0.0,0.0,0.09068138570879834,Movistar,0,0.9999999961593845,Entel,4,0.0,Bitel,0,0.0,Bitel,0,0.9093186142912016,3.8406154923009694e-09,1.0,0.0,1.0,65.92,COBERTURA ALTA,False,False
1507320054,LIMA,HUAROCHIRI,SURCO,CHACRALTA,RURAL,-11.89141,-76.4425,0.9969027231764045,1.0,1.0,1.0,0.0,0.0,0.0,1.0,0.0,1.0,0.0,1.0,0.0,0.0,0,1.0,0,1.0,0.0,1.0,0,0.0,0.0,0.0,0.0,0.02568272510943037,0.0,0.7219857700933026,0.0,0.0,0.0,0.0,1.0,Bitel,1,1.0,Bitel,3,0.0,Bitel,0,0.0,Bitel,0,0.0,0.0,1.0,0.25,1.0,27.5,COBERTURA ALTA,True,False
1507320055,LIMA,HUAROCHIRI,SURCO,PUCSHANE,RURAL,-11.888,-76.45162,0.934800476897644,0.9999999975879661,0.9999999975878974,0.9999999975880206,0.0,0.0,0.0,0.9945249217375716,0.0,0.9713840925958517,0.0,0.9999999975878974,0.0,0.0,0,0.9999999975878974,0,0.9999999975878964,0.0,0.9999999975878971,0,0.0,0.0,0.0,0.0,0.01169191494467778,0.0,0.6778210867356553,0.0,0.0,0.0,0.0,0.9999999975878974,Bitel,1,0.9999999975880206,Bitel,3,0.0,Bitel,0,0.0,Bitel,0,2.4121026287460268e-09,2.4119793939902934e-09,1.0,0.25,1.0,27.5,COBERTURA ALTA,True,False
1507320056,LIMA,HUAROCHIRI,SURCO,CHAQUI PUQUIO,RURAL,-11.88365,-76.47311,0.09380934683899134,0.2328140914296438,0.2328053675238802,0.9999999814614586,0.0,0.0,0.0,0.5552968410428166,0.0,0.0,0.0,0.0,0.0,0.0,0,0.9999999980018092,0,0.9999999980018092,0.0,0.9999999980018092,0,0.0,0.0,0.0,0.0,0.0,0.0,0.0,0.0,0.0,0.0,0.0,0.2328053675238802,Bitel,0,0.9999999980018092,Entel,2,0.0,Bitel,0,0.0,Bitel,0,0.7671946324761199,1.9981908350175104e-09,1.0,0.5,1.0,64.52,COBERTURA ALTA,False,False
1507320057,LIMA,HUAROCHIRI,SURCO,SHILLO,RURAL,-11.88076,-76.47305,0.335062326322164,0.6935847332623853,0.7089875882297976,0.9999999870044857,0.0,0.0,0.0,0.9219315006897679,0.0,0.2328809944413279,0.0,0.0,0.0,0.0,0,0.9999999952744993,0,0.9999999952744993,0.0,0.9999999952744995,0,0.0,0.0,0.0,0.0,0.0,0.0,0.0,0.0,0.0,0.0,0.0,0.7089875882297976,Bitel,0,0.9999999952744995,Entel,2,0.0,Bitel,0,0.0,Bitel,0,0.29101241177020243,4.725500546420847e-09,1.0,0.5,1.0,43.1,COBERTURA ALTA,False,False
